cust_id,city,recency_days,purchase_frequency,monetary_value,recency_score,frequency_score,monetary_score,rfm_code,customer_segment
1846,Abu Dhabi,30,109,17773.23,2,5,5,255,At Risk
3969,Dubai,87,115,17572.74,1,5,5,155,At Risk
3727,Dubai,26,115,17473.10,2,5,5,255,At Risk
1169,Dubai,90,107,16918.80,1,5,5,155,At Risk
283,Sharjah,41,103,16879.78,1,4,5,145,At Risk
3680,Dubai,28,126,16806.78,2,5,5,255,At Risk
559,Abu Dhabi,26,117,16736.51,2,5,5,255,At Risk
3756,Dubai,31,117,16388.45,2,5,5,255,At Risk
2360,Abu Dhabi,71,104,16331.14,1,4,5,145,At Risk
4337,Abu Dhabi,47,100,16323.43,1,4,5,145,At Risk
2895,Abu Dhabi,42,98,16219.42,1,3,5,135,At Risk
1966,Dubai,24,108,16205.73,2,5,5,255,At Risk
4227,Sharjah,53,115,16182.67,1,5,5,155,At Risk
249,Dubai,34,107,16105.09,2,5,5,255,At Risk
1852,Sharjah,68,99,16047.01,1,4,5,145,At Risk
267,Abu Dhabi,29,100,16013.61,2,4,5,245,At Risk
701,Dubai,42,108,15920.34,1,5,5,155,At Risk
3285,Sharjah,27,117,15854.24,2,5,5,255,At Risk
1824,Abu Dhabi,105,104,15845.70,1,4,5,145,At Risk
3317,Abu Dhabi,61,91,15765.69,1,2,5,125,At Risk
3678,Abu Dhabi,27,105,15752.47,2,5,5,255,At Risk
509,Abu Dhabi,58,111,15699.42,1,5,5,155,At Risk
3470,Dubai,61,104,15697.79,1,4,5,145,At Risk
2308,Sharjah,71,106,15657.25,1,5,5,155,At Risk
2612,Abu Dhabi,36,120,15572.92,2,5,5,255,At Risk
2217,Dubai,49,124,15487.81,1,5,5,155,At Risk
2124,Dubai,24,106,15471.59,2,5,5,255,At Risk
3544,Dubai,26,127,15464.03,2,5,5,255,At Risk
4689,Abu Dhabi,27,104,15412.68,2,4,5,245,At Risk
4604,Dubai,26,108,15403.41,2,5,5,255,At Risk
3856,Abu Dhabi,33,105,15379.17,2,5,5,255,At Risk
2425,Sharjah,153,109,15368.12,1,5,5,155,At Risk
2273,Sharjah,40,122,15311.14,1,5,5,155,At Risk
3172,Sharjah,35,111,15293.94,2,5,5,255,At Risk
4079,Sharjah,34,109,15268.06,2,5,5,255,At Risk
4442,Dubai,33,111,15235.07,2,5,5,255,At Risk
4221,Sharjah,30,113,15186.93,2,5,5,255,At Risk
3208,Sharjah,61,119,15124.35,1,5,5,155,At Risk
2834,Dubai,29,111,15098.13,2,5,5,255,At Risk
4250,Dubai,76,114,15097.09,1,5,5,155,At Risk
655,Dubai,38,110,15068.55,2,5,5,255,At Risk
4094,Dubai,24,104,15053.85,2,4,5,245,At Risk
1575,Sharjah,33,112,15027.38,2,5,5,255,At Risk
4481,Abu Dhabi,31,118,15018.73,2,5,5,255,At Risk
2245,Dubai,47,107,15012.74,1,5,5,155,At Risk
4769,Dubai,53,117,14987.09,1,5,5,155,At Risk
369,Dubai,33,116,14962.93,2,5,5,255,At Risk
3705,Sharjah,35,102,14927.66,2,4,5,245,At Risk
4014,Dubai,25,114,14891.46,2,5,5,255,At Risk
884,Sharjah,23,104,14884.05,2,4,5,245,At Risk
2574,Sharjah,23,106,14873.27,2,5,5,255,At Risk
404,Abu Dhabi,24,102,14835.28,2,4,5,245,At Risk
1074,Dubai,53,104,14818.98,1,4,5,145,At Risk
4890,Dubai,34,107,14818.41,2,5,5,255,At Risk
3676,Sharjah,31,111,14817.62,2,5,5,255,At Risk
1638,Abu Dhabi,30,113,14789.18,2,5,5,255,At Risk
2578,Abu Dhabi,35,125,14766.85,2,5,5,255,At Risk
4,Abu Dhabi,40,90,14759.84,1,2,5,125,At Risk
2807,Sharjah,77,97,14740.65,1,3,5,135,At Risk
2420,Dubai,34,109,14727.24,2,5,5,255,At Risk
2183,Dubai,58,102,14700.17,1,4,5,145,At Risk
3448,Sharjah,37,105,14661.04,2,5,5,255,At Risk
273,Sharjah,33,110,14655.14,2,5,5,255,At Risk
4233,Sharjah,32,115,14620.87,2,5,5,255,At Risk
1777,Dubai,31,109,14620.37,2,5,5,255,At Risk
2758,Dubai,67,95,14612.93,1,3,5,135,At Risk
3875,Dubai,83,107,14607.82,1,5,5,155,At Risk
372,Sharjah,60,111,14606.25,1,5,5,155,At Risk
4632,Sharjah,54,106,14588.12,1,5,5,155,At Risk
341,Dubai,33,123,14578.55,2,5,5,255,At Risk
301,Dubai,23,125,14571.12,2,5,5,255,At Risk
4245,Sharjah,33,98,14570.44,2,3,5,235,At Risk
2277,Dubai,25,112,14516.66,2,5,5,255,At Risk
2740,Dubai,42,105,14492.77,1,5,5,155,At Risk
2267,Abu Dhabi,40,96,14490.65,1,3,5,135,At Risk
4691,Sharjah,70,111,14489.98,1,5,5,155,At Risk
4875,Dubai,30,115,14476.32,2,5,5,255,At Risk
4371,Sharjah,60,108,14464.13,1,5,5,155,At Risk
4495,Dubai,48,116,14428.38,1,5,5,155,At Risk
3564,Dubai,71,107,14417.25,1,5,5,155,At Risk
1372,Dubai,25,110,14414.18,2,5,5,255,At Risk
590,Abu Dhabi,25,98,14411.05,2,3,5,235,At Risk
2432,Abu Dhabi,24,94,14408.65,2,3,5,235,At Risk
2261,Dubai,29,113,14404.51,2,5,5,255,At Risk
1948,Abu Dhabi,28,96,14396.08,2,3,5,235,At Risk
1223,Dubai,57,90,14385.47,1,2,5,125,At Risk
4308,Dubai,35,110,14372.00,2,5,5,255,At Risk
2015,Abu Dhabi,32,97,14371.41,2,3,5,235,At Risk
2437,Dubai,34,103,14357.53,2,4,5,245,At Risk
3385,Sharjah,36,129,14348.92,2,5,5,255,At Risk
448,Dubai,27,114,14323.10,2,5,5,255,At Risk
265,Dubai,23,104,14322.81,2,4,5,245,At Risk
1619,Sharjah,33,97,14321.88,2,3,5,235,At Risk
3337,Dubai,32,124,14311.03,2,5,5,255,At Risk
2927,Dubai,88,80,14292.56,1,1,5,115,At Risk
1538,Dubai,26,108,14291.16,2,5,5,255,At Risk
1115,Dubai,46,113,14290.39,1,5,5,155,At Risk
1748,Dubai,42,103,14288.74,1,4,5,145,At Risk
229,Dubai,32,107,14283.62,2,5,5,255,At Risk
4450,Dubai,43,106,14264.20,1,5,5,155,At Risk
4343,Dubai,38,90,14256.43,2,2,5,225,At Risk
142,Sharjah,44,110,14249.77,1,5,5,155,At Risk
2350,Dubai,64,115,14245.54,1,5,5,155,At Risk
828,Abu Dhabi,32,97,14228.11,2,3,5,235,At Risk
1752,Abu Dhabi,39,106,14209.88,1,5,5,155,At Risk
366,Dubai,35,99,14195.34,2,3,5,235,At Risk
357,Dubai,29,101,14175.62,2,4,5,245,At Risk
795,Sharjah,49,103,14171.35,1,4,5,145,At Risk
3495,Sharjah,30,96,14159.26,2,3,5,235,At Risk
3402,Dubai,27,103,14142.94,2,4,5,245,At Risk
946,Dubai,76,100,14136.52,1,4,5,145,At Risk
2919,Dubai,56,98,14109.92,1,3,5,135,At Risk
4088,Dubai,32,95,14097.99,2,3,5,235,At Risk
4811,Dubai,34,90,14064.96,2,2,5,225,At Risk
3407,Dubai,58,100,14051.67,1,4,5,145,At Risk
3288,Abu Dhabi,24,101,14026.90,2,4,5,245,At Risk
1393,Sharjah,27,106,14018.57,2,5,5,255,At Risk
4239,Dubai,36,125,14012.73,2,5,5,255,At Risk
2774,Dubai,37,100,13999.25,2,4,5,245,At Risk
3636,Abu Dhabi,25,121,13971.65,2,5,5,255,At Risk
506,Sharjah,34,103,13968.13,2,4,5,245,At Risk
1706,Dubai,34,89,13947.82,2,2,5,225,At Risk
2438,Abu Dhabi,75,116,13922.39,1,5,5,155,At Risk
4366,Dubai,33,111,13921.31,2,5,5,255,At Risk
2344,Dubai,112,113,13916.57,1,5,5,155,At Risk
4945,Dubai,28,112,13908.69,2,5,5,255,At Risk
4336,Sharjah,35,107,13904.95,2,5,5,255,At Risk
3853,Abu Dhabi,55,116,13899.86,1,5,5,155,At Risk
1968,Dubai,23,111,13894.97,2,5,5,255,At Risk
2679,Sharjah,59,110,13879.67,1,5,5,155,At Risk
3077,Dubai,36,105,13876.00,2,5,5,255,At Risk
4568,Dubai,61,108,13859.71,1,5,5,155,At Risk
4562,Sharjah,48,93,13850.07,1,2,5,125,At Risk
757,Abu Dhabi,48,90,13848.51,1,2,5,125,At Risk
4567,Abu Dhabi,35,99,13846.42,2,4,5,245,At Risk
2524,Dubai,24,110,13842.48,2,5,5,255,At Risk
3476,Sharjah,27,107,13829.52,2,5,5,255,At Risk
2218,Sharjah,24,113,13825.95,2,5,5,255,At Risk
3554,Abu Dhabi,64,95,13820.39,1,3,5,135,At Risk
2925,Dubai,34,106,13818.36,2,5,5,255,At Risk
916,Abu Dhabi,116,92,13813.21,1,2,5,125,At Risk
386,Abu Dhabi,25,105,13786.07,2,5,5,255,At Risk
1700,Abu Dhabi,33,106,13763.23,2,5,5,255,At Risk
2318,Abu Dhabi,83,97,13749.96,1,3,5,135,At Risk
3393,Dubai,77,114,13742.69,1,5,5,155,At Risk
2899,Abu Dhabi,24,105,13725.90,2,5,5,255,At Risk
4783,Dubai,37,110,13721.83,2,5,5,255,At Risk
890,Dubai,37,105,13718.95,2,5,5,255,At Risk
913,Dubai,76,100,13701.74,1,4,5,145,At Risk
3981,Abu Dhabi,29,105,13694.06,2,5,5,255,At Risk
3045,Dubai,34,108,13693.96,2,5,5,255,At Risk
4513,Dubai,32,97,13691.59,2,3,5,235,At Risk
2351,Abu Dhabi,30,107,13691.24,2,5,5,255,At Risk
3100,Abu Dhabi,63,123,13687.45,1,5,5,155,At Risk
4103,Abu Dhabi,22,108,13669.08,2,5,5,255,At Risk
359,Abu Dhabi,34,112,13666.39,2,5,5,255,At Risk
2451,Dubai,45,101,13663.06,1,4,5,145,At Risk
2084,Sharjah,31,109,13651.51,2,5,5,255,At Risk
4315,Sharjah,29,102,13645.47,2,4,5,245,At Risk
2609,Dubai,30,107,13644.21,2,5,5,255,At Risk
319,Sharjah,45,110,13622.55,1,5,5,155,At Risk
511,Sharjah,46,102,13611.87,1,4,5,145,At Risk
3016,Sharjah,38,115,13610.33,2,5,5,255,At Risk
3010,Sharjah,25,120,13610.24,2,5,5,255,At Risk
1835,Dubai,27,121,13606.33,2,5,5,255,At Risk
4022,Abu Dhabi,28,96,13595.40,2,3,5,235,At Risk
2268,Abu Dhabi,60,107,13586.51,1,5,5,155,At Risk
707,Dubai,28,99,13576.85,2,3,5,235,At Risk
1862,Abu Dhabi,34,113,13572.85,2,5,5,255,At Risk
3,Dubai,50,98,13562.01,1,3,5,135,At Risk
856,Sharjah,27,102,13537.39,2,4,5,245,At Risk
4321,Dubai,23,107,13533.54,2,5,5,255,At Risk
2349,Abu Dhabi,68,109,13533.49,1,5,5,155,At Risk
470,Dubai,90,106,13532.28,1,5,5,155,At Risk
2613,Dubai,26,111,13528.18,2,5,5,255,At Risk
3381,Sharjah,33,115,13517.44,2,5,5,255,At Risk
4847,Dubai,87,96,13517.40,1,3,5,135,At Risk
4586,Dubai,23,91,13497.38,2,2,5,225,At Risk
4952,Abu Dhabi,23,119,13491.15,2,5,5,255,At Risk
1941,Abu Dhabi,32,106,13488.01,2,5,5,255,At Risk
4685,Sharjah,24,105,13483.81,2,5,5,255,At Risk
3817,Abu Dhabi,46,109,13476.22,1,5,5,155,At Risk
550,Dubai,39,97,13475.32,1,3,5,135,At Risk
784,Abu Dhabi,47,104,13474.75,1,4,5,145,At Risk
2951,Dubai,46,119,13470.83,1,5,5,155,At Risk
1349,Dubai,45,119,13464.64,1,5,5,155,At Risk
1775,Abu Dhabi,33,106,13459.82,2,5,5,255,At Risk
2796,Dubai,46,109,13442.25,1,5,5,155,At Risk
4864,Dubai,26,99,13426.09,2,4,5,245,At Risk
2809,Abu Dhabi,46,108,13406.66,1,5,5,155,At Risk
3830,Dubai,27,100,13401.54,2,4,5,245,At Risk
437,Sharjah,31,90,13386.59,2,2,5,225,At Risk
4577,Sharjah,85,109,13378.01,1,5,5,155,At Risk
2869,Abu Dhabi,67,96,13371.74,1,3,5,135,At Risk
3799,Dubai,46,112,13369.83,1,5,5,155,At Risk
3426,Abu Dhabi,32,98,13363.22,2,3,5,235,At Risk
1548,Dubai,26,101,13358.47,2,4,5,245,At Risk
3513,Sharjah,67,97,13357.32,1,3,5,135,At Risk
1815,Dubai,24,99,13350.76,2,4,5,245,At Risk
2129,Dubai,42,105,13349.55,1,5,5,155,At Risk
1699,Abu Dhabi,32,114,13348.69,2,5,5,255,At Risk
1130,Sharjah,71,102,13339.80,1,4,5,145,At Risk
3263,Dubai,83,99,13337.43,1,4,5,145,At Risk
2445,Dubai,62,99,13334.43,1,4,5,145,At Risk
3458,Sharjah,52,109,13334.00,1,5,5,155,At Risk
3473,Abu Dhabi,66,106,13330.32,1,5,5,155,At Risk
1633,Abu Dhabi,25,103,13324.08,2,4,5,245,At Risk
1026,Abu Dhabi,61,103,13323.67,1,4,5,145,At Risk
4624,Dubai,31,109,13317.05,2,5,5,255,At Risk
4181,Dubai,48,98,13309.98,1,3,5,135,At Risk
1248,Sharjah,72,112,13307.36,1,5,5,155,At Risk
2727,Dubai,123,104,13280.75,1,4,5,145,At Risk
2934,Abu Dhabi,46,88,13278.35,1,2,5,125,At Risk
410,Abu Dhabi,31,105,13266.51,2,5,5,255,At Risk
3585,Dubai,23,106,13256.19,2,5,5,255,At Risk
2272,Abu Dhabi,40,101,13250.92,1,4,5,145,At Risk
2390,Dubai,32,107,13247.62,2,5,5,255,At Risk
487,Abu Dhabi,39,93,13241.33,1,2,5,125,At Risk
1791,Dubai,34,94,13237.08,2,3,5,235,At Risk
444,Abu Dhabi,47,101,13234.70,1,4,5,145,At Risk
58,Sharjah,69,97,13234.21,1,3,5,135,At Risk
3387,Dubai,34,116,13232.57,2,5,5,255,At Risk
1099,Abu Dhabi,76,114,13229.33,1,5,5,155,At Risk
3071,Sharjah,37,107,13223.90,2,5,5,255,At Risk
2244,Sharjah,53,103,13222.46,1,4,5,145,At Risk
134,Sharjah,83,103,13217.93,1,4,5,145,At Risk
1305,Sharjah,50,101,13216.92,1,4,5,145,At Risk
1315,Abu Dhabi,54,101,13216.09,1,4,5,145,At Risk
970,Dubai,58,113,13213.48,1,5,5,155,At Risk
2317,Dubai,32,95,13211.87,2,3,5,235,At Risk
3419,Abu Dhabi,41,94,13208.24,1,3,5,135,At Risk
3706,Dubai,30,95,13204.08,2,3,5,235,At Risk
3189,Abu Dhabi,49,89,13197.49,1,2,5,125,At Risk
3051,Dubai,26,110,13189.27,2,5,5,255,At Risk
4175,Dubai,59,103,13187.12,1,4,5,145,At Risk
4067,Dubai,101,107,13186.87,1,5,5,155,At Risk
798,Dubai,41,101,13180.38,1,4,5,145,At Risk
1832,Dubai,25,113,13173.89,2,5,5,255,At Risk
2982,Dubai,39,93,13173.63,1,2,5,125,At Risk
364,Abu Dhabi,33,101,13171.16,2,4,5,245,At Risk
3464,Abu Dhabi,23,98,13163.32,2,3,5,235,At Risk
3733,Sharjah,53,114,13158.48,1,5,5,155,At Risk
3602,Sharjah,41,97,13156.66,1,3,5,135,At Risk
4313,Sharjah,69,100,13154.46,1,4,5,145,At Risk
4440,Dubai,23,100,13152.28,2,4,5,245,At Risk
2434,Dubai,66,96,13140.62,1,3,5,135,At Risk
3656,Abu Dhabi,70,89,13131.51,1,2,5,125,At Risk
3784,Sharjah,22,95,13108.95,2,3,5,235,At Risk
682,Abu Dhabi,25,103,13104.66,2,4,5,245,At Risk
3416,Abu Dhabi,26,93,13101.84,2,2,5,225,At Risk
727,Dubai,62,100,13092.09,1,4,5,145,At Risk
3144,Abu Dhabi,23,91,13080.72,2,2,5,225,At Risk
67,Sharjah,33,104,13073.35,2,4,5,245,At Risk
4433,Sharjah,24,119,13064.74,2,5,5,255,At Risk
2279,Abu Dhabi,31,104,13036.09,2,4,5,245,At Risk
4367,Dubai,51,96,13022.73,1,3,5,135,At Risk
1291,Abu Dhabi,53,98,13014.10,1,3,5,135,At Risk
2052,Abu Dhabi,24,111,13013.99,2,5,5,255,At Risk
3015,Sharjah,24,97,13012.10,2,3,5,235,At Risk
2134,Dubai,42,100,13010.77,1,4,5,145,At Risk
4758,Dubai,30,104,13005.66,2,5,5,255,At Risk
4506,Abu Dhabi,31,102,13001.45,2,4,5,245,At Risk
2014,Dubai,34,102,13000.38,2,4,5,245,At Risk
1631,Dubai,32,108,12998.44,2,5,5,255,At Risk
2844,Abu Dhabi,48,88,12996.57,1,2,5,125,At Risk
932,Dubai,52,101,12993.45,1,4,5,145,At Risk
3145,Dubai,52,107,12990.52,1,5,5,155,At Risk
2113,Sharjah,27,109,12988.47,2,5,5,255,At Risk
4350,Sharjah,73,96,12985.96,1,3,5,135,At Risk
2088,Abu Dhabi,43,94,12984.16,1,3,5,135,At Risk
2037,Dubai,64,104,12983.59,1,4,5,145,At Risk
1183,Dubai,42,114,12957.71,1,5,5,155,At Risk
606,Sharjah,59,99,12953.31,1,3,5,135,At Risk
4956,Dubai,29,119,12947.04,2,5,5,255,At Risk
4774,Dubai,35,104,12945.99,2,5,5,255,At Risk
240,Abu Dhabi,34,98,12945.60,2,3,5,235,At Risk
2065,Abu Dhabi,26,104,12940.73,2,4,5,245,At Risk
3053,Sharjah,43,106,12926.72,1,5,5,155,At Risk
247,Dubai,36,114,12917.57,2,5,5,255,At Risk
779,Sharjah,46,110,12912.92,1,5,5,155,At Risk
2160,Dubai,66,100,12910.00,1,4,5,145,At Risk
3225,Abu Dhabi,27,105,12908.64,2,5,5,255,At Risk
675,Dubai,43,89,12904.82,1,2,5,125,At Risk
1218,Sharjah,61,96,12904.75,1,3,5,135,At Risk
2534,Dubai,37,113,12896.67,2,5,5,255,At Risk
3942,Sharjah,64,93,12894.17,1,2,5,125,At Risk
442,Sharjah,52,118,12892.73,1,5,5,155,At Risk
4444,Dubai,22,104,12890.85,2,4,5,245,At Risk
4584,Abu Dhabi,26,102,12887.71,2,4,5,245,At Risk
3555,Dubai,23,97,12881.30,2,3,5,235,At Risk
3786,Sharjah,30,123,12868.07,2,5,5,255,At Risk
2952,Dubai,48,100,12864.37,1,4,5,145,At Risk
2400,Dubai,23,92,12860.35,2,2,5,225,At Risk
2121,Dubai,41,112,12852.82,1,5,5,155,At Risk
2072,Abu Dhabi,27,104,12852.45,2,4,5,245,At Risk
1586,Sharjah,29,111,12844.80,2,5,5,255,At Risk
1266,Dubai,39,96,12843.61,1,3,5,135,At Risk
971,Sharjah,25,100,12828.35,2,4,5,245,At Risk
1933,Abu Dhabi,37,103,12826.96,2,4,5,245,At Risk
425,Abu Dhabi,26,102,12818.92,2,4,5,245,At Risk
445,Dubai,62,96,12814.45,1,3,5,135,At Risk
3492,Sharjah,44,102,12808.56,1,4,5,145,At Risk
1611,Abu Dhabi,48,97,12801.32,1,3,5,135,At Risk
2594,Dubai,27,111,12788.67,2,5,5,255,At Risk
711,Sharjah,30,107,12786.61,2,5,5,255,At Risk
84,Sharjah,32,83,12784.46,2,1,5,215,At Risk
3603,Dubai,42,101,12781.07,1,4,5,145,At Risk
4848,Dubai,49,97,12780.02,1,3,5,135,At Risk
1293,Dubai,51,107,12774.98,1,5,5,155,At Risk
2123,Sharjah,65,113,12774.76,1,5,5,155,At Risk
1172,Abu Dhabi,35,108,12772.64,2,5,5,255,At Risk
1958,Dubai,57,99,12772.44,1,4,5,145,At Risk
380,Dubai,54,83,12771.26,1,1,5,115,At Risk
4057,Dubai,44,104,12763.67,1,4,5,145,At Risk
3234,Dubai,41,104,12761.84,1,4,5,145,At Risk
2275,Dubai,40,101,12758.86,1,4,5,145,At Risk
1295,Dubai,61,88,12757.47,1,1,5,115,At Risk
1226,Dubai,24,92,12750.60,2,2,5,225,At Risk
262,Dubai,58,114,12738.79,1,5,5,155,At Risk
4425,Dubai,103,103,12736.45,1,4,5,145,At Risk
1297,Sharjah,60,95,12733.44,1,3,5,135,At Risk
3793,Dubai,54,90,12709.19,1,2,5,125,At Risk
2953,Abu Dhabi,36,84,12693.23,2,1,5,215,At Risk
962,Sharjah,41,102,12691.68,1,4,5,145,At Risk
2315,Dubai,51,110,12687.91,1,5,5,155,At Risk
3587,Dubai,26,104,12685.93,2,4,5,245,At Risk
1654,Sharjah,44,100,12684.11,1,4,5,145,At Risk
1961,Sharjah,26,106,12679.36,2,5,5,255,At Risk
1308,Abu Dhabi,28,80,12674.17,2,1,5,215,At Risk
206,Dubai,32,98,12671.07,2,3,5,235,At Risk
4224,Dubai,27,93,12667.18,2,2,5,225,At Risk
4293,Abu Dhabi,79,108,12666.32,1,5,5,155,At Risk
4041,Dubai,82,116,12664.43,1,5,5,155,At Risk
3682,Abu Dhabi,30,98,12661.34,2,3,5,235,At Risk
2251,Dubai,75,112,12657.42,1,5,5,155,At Risk
2011,Sharjah,27,97,12655.84,2,3,5,235,At Risk
4626,Sharjah,25,103,12640.82,2,4,5,245,At Risk
3487,Dubai,23,117,12639.08,2,5,5,255,At Risk
1525,Dubai,38,98,12638.44,2,3,5,235,At Risk
2734,Dubai,38,92,12637.55,2,2,5,225,At Risk
4055,Sharjah,23,103,12636.50,2,4,5,245,At Risk
4910,Dubai,64,91,12635.93,1,2,5,125,At Risk
2135,Abu Dhabi,25,112,12626.79,2,5,5,255,At Risk
3980,Abu Dhabi,27,112,12625.34,2,5,5,255,At Risk
921,Sharjah,37,101,12618.93,2,4,5,245,At Risk
4021,Abu Dhabi,27,101,12617.26,2,4,5,245,At Risk
2444,Dubai,46,87,12615.02,1,1,5,115,At Risk
2027,Sharjah,27,109,12607.56,2,5,5,255,At Risk
22,Sharjah,37,85,12607.41,2,1,5,215,At Risk
1184,Dubai,93,106,12593.18,1,5,5,155,At Risk
2806,Dubai,67,97,12590.83,1,3,5,135,At Risk
3593,Abu Dhabi,33,83,12590.49,2,1,5,215,At Risk
4340,Sharjah,46,106,12589.92,1,5,5,155,At Risk
1763,Dubai,23,92,12587.47,2,2,5,225,At Risk
3930,Dubai,91,100,12582.20,1,4,5,145,At Risk
336,Dubai,43,92,12581.82,1,2,5,125,At Risk
1882,Abu Dhabi,23,94,12580.69,2,3,5,235,At Risk
4589,Dubai,23,99,12569.34,2,4,5,245,At Risk
3013,Abu Dhabi,27,89,12565.37,2,2,5,225,At Risk
4201,Sharjah,34,102,12561.17,2,4,5,245,At Risk
4897,Sharjah,52,106,12560.22,1,5,5,155,At Risk
3396,Sharjah,51,102,12557.01,1,4,5,145,At Risk
419,Dubai,44,93,12554.16,1,2,5,125,At Risk
1635,Dubai,51,99,12548.23,1,4,5,145,At Risk
1746,Abu Dhabi,27,105,12548.12,2,5,5,255,At Risk
2662,Dubai,75,104,12545.38,1,4,5,145,At Risk
588,Abu Dhabi,82,98,12537.77,1,3,5,135,At Risk
252,Dubai,26,115,12534.33,2,5,5,255,At Risk
3987,Sharjah,46,105,12532.77,1,5,5,155,At Risk
3655,Dubai,34,99,12530.55,2,4,5,245,At Risk
344,Dubai,33,98,12529.43,2,3,5,235,At Risk
4511,Abu Dhabi,32,102,12524.51,2,4,5,245,At Risk
200,Dubai,23,97,12516.82,2,3,5,235,At Risk
1569,Dubai,61,109,12512.56,1,5,5,155,At Risk
286,Dubai,23,97,12506.30,2,3,5,235,At Risk
129,Dubai,56,100,12496.61,1,4,5,145,At Risk
233,Dubai,74,96,12492.05,1,3,4,134,At Risk
3432,Dubai,32,110,12489.20,2,5,4,254,At Risk
876,Dubai,61,93,12488.10,1,2,4,124,At Risk
1935,Dubai,27,110,12487.30,2,5,4,254,At Risk
3292,Sharjah,31,86,12485.07,2,1,4,214,At Risk
2579,Abu Dhabi,51,105,12470.47,1,5,4,154,At Risk
1257,Abu Dhabi,51,104,12468.56,1,4,4,144,At Risk
118,Dubai,36,101,12467.34,2,4,4,244,At Risk
1993,Dubai,61,91,12455.22,1,2,4,124,At Risk
3086,Sharjah,23,97,12455.19,2,3,4,234,At Risk
4148,Dubai,60,109,12453.02,1,5,4,154,At Risk
1520,Dubai,54,92,12448.57,1,2,4,124,At Risk
852,Sharjah,69,87,12448.22,1,1,4,114,At Risk
4720,Sharjah,42,101,12442.73,1,4,4,144,At Risk
3004,Abu Dhabi,66,89,12442.67,1,2,4,124,At Risk
894,Dubai,31,103,12439.96,2,4,4,244,At Risk
4267,Abu Dhabi,37,103,12436.60,2,4,4,244,At Risk
2096,Dubai,75,103,12433.40,1,4,4,144,At Risk
3925,Abu Dhabi,43,106,12430.63,1,5,4,154,At Risk
2173,Abu Dhabi,62,93,12429.97,1,2,4,124,At Risk
1780,Dubai,47,92,12428.31,1,2,4,124,At Risk
1779,Dubai,38,103,12428.17,2,4,4,244,At Risk
850,Dubai,31,103,12428.05,2,4,4,244,At Risk
4460,Dubai,22,109,12424.98,2,5,4,254,At Risk
629,Dubai,34,103,12424.82,2,4,4,244,At Risk
2610,Dubai,23,100,12413.47,2,4,4,244,At Risk
3453,Abu Dhabi,89,101,12411.34,1,4,4,144,At Risk
3175,Abu Dhabi,29,98,12409.60,2,3,4,234,At Risk
3451,Sharjah,52,107,12407.77,1,5,4,154,At Risk
4713,Abu Dhabi,31,106,12406.51,2,5,4,254,At Risk
787,Abu Dhabi,76,80,12397.04,1,1,4,114,At Risk
3819,Abu Dhabi,95,81,12394.43,1,1,4,114,At Risk
2642,Dubai,96,100,12393.03,1,4,4,144,At Risk
2103,Dubai,24,114,12390.13,2,5,4,254,At Risk
1743,Sharjah,38,119,12388.36,2,5,4,254,At Risk
3462,Dubai,53,96,12385.97,1,3,4,134,At Risk
4756,Sharjah,42,101,12385.80,1,4,4,144,At Risk
4537,Sharjah,31,98,12385.72,2,3,4,234,At Risk
2188,Dubai,29,103,12382.38,2,4,4,244,At Risk
421,Sharjah,24,84,12377.31,2,1,4,214,At Risk
2316,Dubai,27,107,12375.98,2,5,4,254,At Risk
2979,Abu Dhabi,28,95,12367.57,2,3,4,234,At Risk
1320,Dubai,67,104,12357.78,1,4,4,144,At Risk
4599,Dubai,25,104,12357.16,2,4,4,244,At Risk
1578,Dubai,90,98,12352.12,1,3,4,134,At Risk
423,Abu Dhabi,46,94,12329.29,1,2,4,124,At Risk
799,Dubai,23,87,12325.48,2,1,4,214,At Risk
3707,Abu Dhabi,34,114,12318.76,2,5,4,254,At Risk
4904,Dubai,23,109,12316.91,2,5,4,254,At Risk
4518,Abu Dhabi,61,109,12316.59,1,5,4,154,At Risk
185,Abu Dhabi,29,95,12315.64,2,3,4,234,At Risk
2775,Abu Dhabi,28,104,12311.84,2,4,4,244,At Risk
2446,Abu Dhabi,27,105,12310.07,2,5,4,254,At Risk
1131,Dubai,27,95,12309.08,2,3,4,234,At Risk
4238,Dubai,121,84,12304.01,1,1,4,114,At Risk
862,Dubai,78,103,12300.91,1,4,4,144,At Risk
495,Sharjah,35,107,12296.04,2,5,4,254,At Risk
3792,Abu Dhabi,37,91,12294.09,2,2,4,224,At Risk
4492,Dubai,22,97,12293.82,2,3,4,234,At Risk
800,Sharjah,33,116,12288.92,2,5,4,254,At Risk
801,Dubai,70,82,12286.04,1,1,4,114,At Risk
3863,Abu Dhabi,37,98,12283.86,2,3,4,234,At Risk
4111,Dubai,48,97,12281.68,1,3,4,134,At Risk
25,Abu Dhabi,27,90,12278.50,2,2,4,224,At Risk
288,Dubai,40,100,12274.09,1,4,4,144,At Risk
1364,Dubai,37,113,12271.75,2,5,4,254,At Risk
3163,Sharjah,48,102,12271.66,1,4,4,144,At Risk
4249,Dubai,77,108,12271.24,1,5,4,154,At Risk
3026,Dubai,81,102,12268.19,1,4,4,144,At Risk
684,Dubai,35,88,12267.11,2,1,4,214,At Risk
1076,Dubai,96,101,12264.76,1,4,4,144,At Risk
679,Dubai,41,108,12254.83,1,5,4,154,At Risk
3546,Abu Dhabi,116,89,12252.88,1,2,4,124,At Risk
4458,Abu Dhabi,54,93,12251.29,1,2,4,124,At Risk
1985,Dubai,40,106,12251.09,1,5,4,154,At Risk
1421,Dubai,52,97,12250.86,1,3,4,134,At Risk
859,Abu Dhabi,36,97,12250.51,2,3,4,234,At Risk
2962,Dubai,67,103,12248.94,1,4,4,144,At Risk
4928,Dubai,23,102,12248.45,2,4,4,244,At Risk
2692,Sharjah,27,96,12240.77,2,3,4,234,At Risk
1363,Dubai,87,87,12240.28,1,1,4,114,At Risk
401,Abu Dhabi,28,98,12236.05,2,3,4,234,At Risk
4177,Abu Dhabi,29,86,12220.80,2,1,4,214,At Risk
284,Abu Dhabi,31,103,12220.00,2,4,4,244,At Risk
203,Dubai,51,98,12216.64,1,3,4,134,At Risk
988,Dubai,41,112,12209.24,1,5,4,154,At Risk
1170,Abu Dhabi,24,97,12206.00,2,3,4,234,At Risk
3959,Abu Dhabi,53,104,12196.01,1,4,4,144,At Risk
3114,Dubai,27,98,12192.98,2,3,4,234,At Risk
268,Dubai,53,101,12184.83,1,4,4,144,At Risk
3465,Sharjah,25,94,12180.88,2,3,4,234,At Risk
4011,Dubai,45,109,12180.65,1,5,4,154,At Risk
4410,Dubai,54,110,12177.19,1,5,4,154,At Risk
503,Dubai,34,94,12174.05,2,2,4,224,At Risk
4187,Abu Dhabi,63,103,12163.44,1,4,4,144,At Risk
1282,Abu Dhabi,23,91,12163.28,2,2,4,224,At Risk
2128,Abu Dhabi,35,122,12159.39,2,5,4,254,At Risk
1193,Abu Dhabi,41,99,12158.60,1,3,4,134,At Risk
2240,Sharjah,46,101,12156.29,1,4,4,144,At Risk
3738,Abu Dhabi,57,91,12152.49,1,2,4,124,At Risk
4268,Dubai,80,108,12143.69,1,5,4,154,At Risk
1727,Sharjah,34,103,12137.47,2,4,4,244,At Risk
2205,Dubai,48,108,12136.50,1,5,4,154,At Risk
1500,Sharjah,27,109,12135.43,2,5,4,254,At Risk
2007,Sharjah,41,100,12132.08,1,4,4,144,At Risk
4446,Dubai,39,92,12131.91,1,2,4,124,At Risk
1757,Dubai,75,94,12129.52,1,3,4,134,At Risk
2573,Sharjah,24,105,12129.27,2,5,4,254,At Risk
1531,Dubai,30,102,12115.57,2,4,4,244,At Risk
2905,Dubai,32,86,12109.15,2,1,4,214,At Risk
2691,Abu Dhabi,47,107,12105.86,1,5,4,154,At Risk
241,Abu Dhabi,23,87,12098.05,2,1,4,214,At Risk
968,Dubai,74,99,12092.53,1,3,4,134,At Risk
994,Sharjah,50,98,12091.46,1,3,4,134,At Risk
3346,Dubai,26,91,12091.42,2,2,4,224,At Risk
4282,Abu Dhabi,61,95,12088.92,1,3,4,134,At Risk
4411,Abu Dhabi,40,113,12086.89,1,5,4,154,At Risk
1975,Abu Dhabi,43,93,12085.14,1,2,4,124,At Risk
3445,Dubai,43,94,12085.10,1,3,4,134,At Risk
3215,Dubai,88,99,12082.96,1,4,4,144,At Risk
436,Abu Dhabi,77,102,12075.19,1,4,4,144,At Risk
1652,Dubai,25,86,12069.04,2,1,4,214,At Risk
3778,Abu Dhabi,69,99,12068.57,1,4,4,144,At Risk
1553,Abu Dhabi,51,91,12065.43,1,2,4,124,At Risk
3644,Abu Dhabi,34,106,12064.14,2,5,4,254,At Risk
2143,Sharjah,23,110,12063.29,2,5,4,254,At Risk
1522,Sharjah,24,92,12056.04,2,2,4,224,At Risk
567,Sharjah,61,99,12053.15,1,3,4,134,At Risk
4009,Dubai,51,113,12043.92,1,5,4,154,At Risk
969,Abu Dhabi,23,91,12042.97,2,2,4,224,At Risk
1044,Dubai,31,89,12041.10,2,2,4,224,At Risk
2348,Abu Dhabi,41,93,12034.97,1,2,4,124,At Risk
2485,Abu Dhabi,44,96,12034.59,1,3,4,134,At Risk
2902,Dubai,49,87,12029.90,1,1,4,114,At Risk
236,Abu Dhabi,29,104,12029.44,2,4,4,244,At Risk
54,Dubai,61,99,12028.39,1,3,4,134,At Risk
827,Dubai,25,109,12027.94,2,5,4,254,At Risk
820,Abu Dhabi,24,97,12027.27,2,3,4,234,At Risk
644,Dubai,27,100,12021.80,2,4,4,244,At Risk
362,Sharjah,62,83,12020.53,1,1,4,114,At Risk
3181,Dubai,106,100,12016.68,1,4,4,144,At Risk
3353,Dubai,72,104,12013.43,1,4,4,144,At Risk
334,Dubai,35,119,12009.44,2,5,4,254,At Risk
2823,Abu Dhabi,38,110,12008.93,2,5,4,254,At Risk
4167,Dubai,68,102,12006.41,1,4,4,144,At Risk
661,Sharjah,24,103,12003.76,2,4,4,244,At Risk
2808,Dubai,29,104,12000.05,2,4,4,244,At Risk
300,Dubai,32,104,11997.16,2,4,4,244,At Risk
1301,Dubai,83,87,11994.01,1,1,4,114,At Risk
2122,Abu Dhabi,30,93,11991.95,2,2,4,224,At Risk
2797,Abu Dhabi,30,103,11990.38,2,4,4,244,At Risk
2520,Abu Dhabi,52,89,11989.56,1,2,4,124,At Risk
1368,Dubai,61,78,11988.38,1,1,4,114,At Risk
1960,Abu Dhabi,29,96,11985.07,2,3,4,234,At Risk
1341,Dubai,49,108,11979.18,1,5,4,154,At Risk
2624,Dubai,62,103,11978.27,1,4,4,144,At Risk
3716,Dubai,31,97,11978.01,2,3,4,234,At Risk
1163,Dubai,33,94,11977.07,2,3,4,234,At Risk
651,Dubai,24,81,11975.17,2,1,4,214,At Risk
4977,Sharjah,37,98,11972.07,2,3,4,234,At Risk
3617,Abu Dhabi,54,103,11969.62,1,4,4,144,At Risk
4983,Dubai,78,109,11968.34,1,5,4,154,At Risk
3327,Abu Dhabi,29,100,11967.12,2,4,4,244,At Risk
2906,Sharjah,23,78,11965.37,2,1,4,214,At Risk
3321,Dubai,23,102,11963.32,2,4,4,244,At Risk
4038,Sharjah,37,94,11962.92,2,3,4,234,At Risk
60,Dubai,52,97,11961.66,1,3,4,134,At Risk
2762,Sharjah,29,98,11956.57,2,3,4,234,At Risk
223,Dubai,41,91,11956.16,1,2,4,124,At Risk
352,Dubai,25,99,11951.86,2,3,4,234,At Risk
1078,Sharjah,67,100,11947.68,1,4,4,144,At Risk
2424,Abu Dhabi,87,107,11943.33,1,5,4,154,At Risk
880,Sharjah,65,84,11942.49,1,1,4,114,At Risk
2980,Dubai,50,111,11940.84,1,5,4,154,At Risk
991,Dubai,43,109,11939.15,1,5,4,154,At Risk
3696,Dubai,31,101,11928.93,2,4,4,244,At Risk
811,Abu Dhabi,44,99,11922.64,1,3,4,134,At Risk
618,Sharjah,87,97,11922.31,1,3,4,134,At Risk
2898,Sharjah,75,98,11921.72,1,3,4,134,At Risk
2266,Dubai,23,108,11918.26,2,5,4,254,At Risk
649,Dubai,26,92,11918.18,2,2,4,224,At Risk
4854,Dubai,40,103,11914.82,1,4,4,144,At Risk
2462,Dubai,25,97,11911.42,2,3,4,234,At Risk
4828,Abu Dhabi,57,96,11910.54,1,3,4,134,At Risk
2622,Dubai,54,94,11910.20,1,3,4,134,At Risk
3202,Abu Dhabi,31,98,11909.23,2,3,4,234,At Risk
4576,Abu Dhabi,23,87,11903.70,2,1,4,214,At Risk
825,Sharjah,26,107,11898.04,2,5,4,254,At Risk
1938,Dubai,35,88,11897.78,2,1,4,214,At Risk
1694,Dubai,33,88,11896.86,2,1,4,214,At Risk
4508,Sharjah,70,110,11896.73,1,5,4,154,At Risk
3642,Dubai,23,94,11896.19,2,3,4,234,At Risk
468,Dubai,28,99,11895.24,2,3,4,234,At Risk
2614,Dubai,32,94,11891.76,2,3,4,234,At Risk
2910,Dubai,53,93,11890.28,1,2,4,124,At Risk
854,Sharjah,43,117,11885.87,1,5,4,154,At Risk
2397,Dubai,121,90,11883.62,1,2,4,124,At Risk
4197,Dubai,63,94,11877.84,1,3,4,134,At Risk
4213,Dubai,48,102,11876.23,1,4,4,144,At Risk
2409,Dubai,25,77,11876.21,2,1,4,214,At Risk
3735,Sharjah,32,100,11869.09,2,4,4,244,At Risk
4960,Sharjah,52,87,11864.43,1,1,4,114,At Risk
1062,Dubai,67,100,11864.39,1,4,4,144,At Risk
858,Abu Dhabi,59,84,11864.17,1,1,4,114,At Risk
4597,Abu Dhabi,66,105,11860.86,1,5,4,154,At Risk
3289,Dubai,31,112,11857.02,2,5,4,254,At Risk
4244,Dubai,37,97,11852.37,2,3,4,234,At Risk
3139,Abu Dhabi,40,101,11850.65,1,4,4,144,At Risk
2089,Dubai,70,81,11850.54,1,1,4,114,At Risk
911,Abu Dhabi,109,76,11846.98,1,1,4,114,At Risk
561,Sharjah,23,93,11846.78,2,2,4,224,At Risk
51,Dubai,61,93,11846.69,1,2,4,124,At Risk
4887,Dubai,27,98,11845.09,2,3,4,234,At Risk
3598,Abu Dhabi,24,98,11844.17,2,3,4,234,At Risk
9,Dubai,31,102,11842.68,2,4,4,244,At Risk
734,Dubai,32,102,11841.55,2,4,4,244,At Risk
2973,Abu Dhabi,39,91,11837.57,1,2,4,124,At Risk
3675,Dubai,49,94,11836.90,1,3,4,134,At Risk
3796,Dubai,38,90,11835.15,2,2,4,224,At Risk
3480,Abu Dhabi,24,86,11834.29,2,1,4,214,At Risk
4305,Sharjah,35,102,11833.34,2,4,4,244,At Risk
4243,Dubai,23,89,11832.65,2,2,4,224,At Risk
4736,Abu Dhabi,35,102,11831.36,2,4,4,244,At Risk
533,Abu Dhabi,32,91,11824.60,2,2,4,224,At Risk
4302,Dubai,105,92,11824.38,1,2,4,124,At Risk
1810,Sharjah,101,89,11821.01,1,2,4,124,At Risk
2319,Abu Dhabi,64,97,11820.02,1,3,4,134,At Risk
2314,Abu Dhabi,25,106,11816.26,2,5,4,254,At Risk
3699,Dubai,26,89,11813.74,2,2,4,224,At Risk
3044,Dubai,75,97,11811.17,1,3,4,134,At Risk
1468,Abu Dhabi,88,101,11809.41,1,4,4,144,At Risk
3616,Sharjah,30,107,11806.69,2,5,4,254,At Risk
1357,Dubai,34,99,11806.08,2,3,4,234,At Risk
3119,Dubai,49,106,11805.86,1,5,4,154,At Risk
4916,Abu Dhabi,53,105,11805.76,1,5,4,154,At Risk
3287,Abu Dhabi,34,98,11804.44,2,3,4,234,At Risk
4277,Dubai,23,86,11803.82,2,1,4,214,At Risk
1142,Abu Dhabi,32,104,11803.04,2,4,4,244,At Risk
1599,Dubai,33,104,11798.26,2,4,4,244,At Risk
2000,Sharjah,39,102,11796.76,1,4,4,144,At Risk
3992,Abu Dhabi,103,94,11794.09,1,3,4,134,At Risk
1198,Abu Dhabi,53,95,11791.55,1,3,4,134,At Risk
1148,Dubai,40,92,11790.03,1,2,4,124,At Risk
4981,Dubai,62,107,11786.56,1,5,4,154,At Risk
3066,Sharjah,26,107,11783.34,2,5,4,254,At Risk
295,Abu Dhabi,34,93,11777.23,2,2,4,224,At Risk
4352,Abu Dhabi,57,98,11775.82,1,3,4,134,At Risk
4317,Dubai,57,96,11774.22,1,3,4,134,At Risk
1154,Dubai,35,103,11771.58,2,4,4,244,At Risk
4751,Abu Dhabi,49,106,11771.39,1,5,4,154,At Risk
3376,Abu Dhabi,42,112,11768.50,1,5,4,154,At Risk
1691,Abu Dhabi,137,103,11764.01,1,4,4,144,At Risk
377,Abu Dhabi,28,93,11759.27,2,2,4,224,At Risk
3295,Abu Dhabi,43,100,11759.13,1,4,4,144,At Risk
4564,Sharjah,27,100,11756.08,2,4,4,244,At Risk
4372,Dubai,40,104,11756.07,1,4,4,144,At Risk
2177,Dubai,56,92,11754.44,1,2,4,124,At Risk
3918,Abu Dhabi,74,92,11749.11,1,2,4,124,At Risk
634,Dubai,34,104,11747.30,2,4,4,244,At Risk
1064,Abu Dhabi,70,94,11746.53,1,3,4,134,At Risk
1621,Dubai,26,105,11745.96,2,5,4,254,At Risk
3723,Dubai,27,95,11744.40,2,3,4,234,At Risk
1660,Dubai,34,92,11743.17,2,2,4,224,At Risk
4692,Dubai,141,84,11742.84,1,1,4,114,At Risk
108,Dubai,42,100,11741.74,1,4,4,144,At Risk
612,Dubai,25,111,11741.05,2,5,4,254,At Risk
3102,Sharjah,24,91,11739.20,2,2,4,224,At Risk
1452,Sharjah,31,95,11737.43,2,3,4,234,At Risk
504,Sharjah,51,104,11734.60,1,4,4,144,At Risk
306,Dubai,38,94,11733.77,2,2,4,224,At Risk
1009,Abu Dhabi,24,86,11733.63,2,1,4,214,At Risk
4236,Abu Dhabi,22,101,11719.95,2,4,4,244,At Risk
3816,Dubai,23,108,11714.84,2,5,4,254,At Risk
4269,Abu Dhabi,46,111,11714.23,1,5,4,154,At Risk
191,Dubai,60,117,11710.97,1,5,4,154,At Risk
4416,Abu Dhabi,33,99,11709.64,2,4,4,244,At Risk
1380,Abu Dhabi,35,116,11703.99,2,5,4,254,At Risk
4235,Dubai,26,98,11702.86,2,3,4,234,At Risk
1749,Sharjah,46,94,11701.44,1,3,4,134,At Risk
1265,Sharjah,33,105,11699.24,2,5,4,254,At Risk
4294,Sharjah,26,89,11696.07,2,2,4,224,At Risk
1095,Dubai,71,105,11694.31,1,5,4,154,At Risk
1551,Abu Dhabi,49,95,11693.90,1,3,4,134,At Risk
3383,Dubai,54,90,11690.50,1,2,4,124,At Risk
2538,Dubai,55,108,11683.74,1,5,4,154,At Risk
4417,Sharjah,63,86,11683.35,1,1,4,114,At Risk
4480,Dubai,35,102,11683.21,2,4,4,244,At Risk
4304,Dubai,27,108,11682.38,2,5,4,254,At Risk
892,Dubai,24,84,11681.89,2,1,4,214,At Risk
2516,Sharjah,30,106,11681.14,2,5,4,254,At Risk
617,Dubai,62,98,11676.85,1,3,4,134,At Risk
2576,Dubai,71,97,11668.27,1,3,4,134,At Risk
2499,Abu Dhabi,50,94,11658.40,1,3,4,134,At Risk
1394,Dubai,38,91,11657.39,2,2,4,224,At Risk
107,Abu Dhabi,27,85,11649.64,2,1,4,214,At Risk
2510,Sharjah,25,96,11646.57,2,3,4,234,At Risk
4868,Dubai,22,104,11644.77,2,5,4,254,At Risk
2280,Dubai,32,96,11639.97,2,3,4,234,At Risk
1239,Dubai,34,94,11635.99,2,3,4,234,At Risk
2551,Abu Dhabi,49,97,11635.14,1,3,4,134,At Risk
1081,Dubai,35,96,11634.83,2,3,4,234,At Risk
3725,Abu Dhabi,42,106,11634.43,1,5,4,154,At Risk
4290,Abu Dhabi,32,100,11631.68,2,4,4,244,At Risk
937,Dubai,69,107,11630.91,1,5,4,154,At Risk
1566,Dubai,54,105,11625.19,1,5,4,154,At Risk
253,Dubai,32,99,11622.64,2,3,4,234,At Risk
4299,Dubai,35,102,11618.56,2,4,4,244,At Risk
4124,Abu Dhabi,86,96,11612.50,1,3,4,134,At Risk
3080,Abu Dhabi,30,98,11611.20,2,3,4,234,At Risk
3377,Abu Dhabi,102,99,11610.13,1,4,4,144,At Risk
2265,Abu Dhabi,27,96,11609.77,2,3,4,234,At Risk
2106,Dubai,33,87,11605.53,2,1,4,214,At Risk
4861,Sharjah,24,119,11603.99,2,5,4,254,At Risk
4023,Dubai,24,95,11602.69,2,3,4,234,At Risk
2819,Abu Dhabi,23,103,11602.29,2,4,4,244,At Risk
363,Abu Dhabi,73,91,11601.55,1,2,4,124,At Risk
1253,Dubai,24,104,11599.26,2,4,4,244,At Risk
4037,Dubai,25,95,11597.22,2,3,4,234,At Risk
521,Dubai,23,99,11587.24,2,3,4,234,At Risk
3025,Sharjah,29,87,11586.45,2,1,4,214,At Risk
2055,Sharjah,79,92,11581.37,1,2,4,124,At Risk
4930,Sharjah,27,109,11580.31,2,5,4,254,At Risk
3527,Sharjah,66,92,11580.27,1,2,4,124,At Risk
98,Dubai,33,109,11578.71,2,5,4,254,At Risk
1319,Abu Dhabi,49,95,11576.09,1,3,4,134,At Risk
4601,Dubai,107,97,11572.01,1,3,4,134,At Risk
2956,Abu Dhabi,24,101,11564.70,2,4,4,244,At Risk
1033,Dubai,23,95,11564.17,2,3,4,234,At Risk
4010,Dubai,64,89,11563.22,1,2,4,124,At Risk
2680,Abu Dhabi,38,103,11561.63,2,4,4,244,At Risk
4778,Sharjah,31,94,11550.55,2,3,4,234,At Risk
440,Abu Dhabi,23,114,11549.30,2,5,4,254,At Risk
1808,Dubai,57,97,11548.04,1,3,4,134,At Risk
2587,Dubai,95,81,11547.37,1,1,4,114,At Risk
3244,Dubai,35,96,11545.85,2,3,4,234,At Risk
935,Abu Dhabi,50,90,11545.03,1,2,4,124,At Risk
2757,Dubai,26,98,11538.10,2,3,4,234,At Risk
235,Abu Dhabi,25,101,11532.76,2,4,4,244,At Risk
3182,Abu Dhabi,26,101,11530.38,2,4,4,244,At Risk
2999,Sharjah,57,99,11523.67,1,4,4,144,At Risk
4938,Dubai,110,104,11523.52,1,5,4,154,At Risk
510,Sharjah,41,102,11517.68,1,4,4,144,At Risk
3361,Sharjah,40,100,11516.26,1,4,4,144,At Risk
3499,Abu Dhabi,41,98,11508.18,1,3,4,134,At Risk
459,Sharjah,53,93,11507.59,1,2,4,124,At Risk
1570,Abu Dhabi,36,91,11506.93,2,2,4,224,At Risk
2071,Abu Dhabi,33,103,11506.60,2,4,4,244,At Risk
3900,Dubai,138,112,11501.65,1,5,4,154,At Risk
2022,Abu Dhabi,46,107,11501.27,1,5,4,154,At Risk
4229,Dubai,42,100,11500.81,1,4,4,144,At Risk
4540,Sharjah,33,101,11500.36,2,4,4,244,At Risk
480,Dubai,35,100,11500.27,2,4,4,244,At Risk
3595,Abu Dhabi,46,99,11499.62,1,4,4,144,At Risk
4166,Abu Dhabi,59,98,11490.59,1,3,4,134,At Risk
3963,Abu Dhabi,60,88,11488.58,1,2,4,124,At Risk
3124,Dubai,27,103,11480.04,2,4,4,244,At Risk
3692,Abu Dhabi,73,80,11477.33,1,1,4,114,At Risk
3494,Dubai,32,98,11473.97,2,3,4,234,At Risk
462,Dubai,51,93,11471.80,1,2,4,124,At Risk
4937,Sharjah,47,103,11470.99,1,4,4,144,At Risk
2585,Dubai,61,83,11465.89,1,1,4,114,At Risk
3501,Abu Dhabi,34,100,11464.62,2,4,4,244,At Risk
2221,Dubai,58,77,11460.56,1,1,4,114,At Risk
4806,Dubai,27,99,11458.86,2,4,4,244,At Risk
1236,Sharjah,60,99,11458.41,1,3,4,134,At Risk
2035,Dubai,40,100,11449.55,1,4,4,144,At Risk
1756,Dubai,30,101,11446.89,2,4,4,244,At Risk
4310,Dubai,22,110,11443.71,2,5,4,254,At Risk
493,Abu Dhabi,43,110,11441.37,1,5,4,154,At Risk
4605,Dubai,35,100,11433.67,2,4,4,244,At Risk
4466,Sharjah,66,95,11432.53,1,3,4,134,At Risk
1228,Dubai,27,90,11425.44,2,2,4,224,At Risk
938,Dubai,170,84,11411.59,1,1,4,114,At Risk
933,Dubai,47,105,11409.39,1,5,4,154,At Risk
1876,Sharjah,46,100,11408.48,1,4,4,144,At Risk
990,Abu Dhabi,39,92,11407.16,1,2,4,124,At Risk
1063,Dubai,40,113,11406.90,1,5,4,154,At Risk
1877,Dubai,40,86,11404.67,1,1,4,114,At Risk
3224,Dubai,42,106,11401.22,1,5,4,154,At Risk
3823,Dubai,27,100,11396.53,2,4,4,244,At Risk
2517,Abu Dhabi,29,101,11395.52,2,4,4,244,At Risk
4973,Dubai,27,90,11395.27,2,2,4,224,At Risk
1138,Dubai,25,103,11392.52,2,4,4,244,At Risk
2715,Dubai,45,90,11389.35,1,2,4,124,At Risk
4717,Dubai,66,105,11388.73,1,5,4,154,At Risk
908,Dubai,29,87,11383.90,2,1,4,214,At Risk
598,Dubai,27,98,11383.77,2,3,4,234,At Risk
4644,Abu Dhabi,47,117,11383.54,1,5,4,154,At Risk
3135,Dubai,27,120,11382.40,2,5,3,253,At Risk
278,Dubai,27,98,11381.52,2,3,3,233,At Risk
1126,Dubai,39,93,11378.00,1,2,3,123,At Risk
397,Abu Dhabi,66,102,11376.21,1,4,3,143,At Risk
1121,Dubai,38,111,11372.15,2,5,3,253,At Risk
4974,Abu Dhabi,27,111,11367.57,2,5,3,253,At Risk
837,Abu Dhabi,70,121,11366.18,1,5,3,153,At Risk
4430,Abu Dhabi,38,99,11364.24,2,4,3,243,At Risk
1661,Abu Dhabi,60,94,11363.17,1,3,3,133,At Risk
2675,Dubai,35,95,11363.16,2,3,3,233,At Risk
151,Dubai,59,117,11361.16,1,5,3,153,At Risk
2120,Abu Dhabi,33,112,11360.12,2,5,3,253,At Risk
2200,Sharjah,75,82,11359.80,1,1,3,113,At Risk
2158,Dubai,30,104,11358.17,2,4,3,243,At Risk
4727,Abu Dhabi,40,88,11357.76,1,2,3,123,At Risk
4863,Dubai,29,108,11352.98,2,5,3,253,At Risk
3703,Dubai,24,119,11348.86,2,5,3,253,At Risk
1612,Sharjah,72,103,11346.62,1,4,3,143,At Risk
3810,Abu Dhabi,24,104,11338.73,2,4,3,243,At Risk
4105,Dubai,22,88,11338.25,2,2,3,223,At Risk
2058,Abu Dhabi,31,86,11333.20,2,1,3,213,At Risk
323,Dubai,46,102,11332.03,1,4,3,143,At Risk
399,Abu Dhabi,63,102,11330.57,1,4,3,143,At Risk
298,Abu Dhabi,82,105,11322.22,1,5,3,153,At Risk
867,Sharjah,30,103,11316.27,2,4,3,243,At Risk
1409,Sharjah,33,108,11312.69,2,5,3,253,At Risk
373,Dubai,29,88,11312.09,2,1,3,213,At Risk
1107,Sharjah,69,101,11308.51,1,4,3,143,At Risk
116,Dubai,58,101,11305.57,1,4,3,143,At Risk
2048,Sharjah,33,99,11304.90,2,4,3,243,At Risk
415,Dubai,30,95,11304.71,2,3,3,233,At Risk
3508,Abu Dhabi,57,106,11302.81,1,5,3,153,At Risk
524,Sharjah,69,90,11299.11,1,2,3,123,At Risk
1524,Abu Dhabi,24,97,11296.81,2,3,3,233,At Risk
3041,Dubai,59,89,11296.62,1,2,3,123,At Risk
4144,Sharjah,37,104,11296.03,2,4,3,243,At Risk
3249,Abu Dhabi,34,86,11294.59,2,1,3,213,At Risk
3848,Abu Dhabi,83,79,11294.06,1,1,3,113,At Risk
931,Dubai,25,87,11284.64,2,1,3,213,At Risk
1479,Abu Dhabi,41,94,11278.54,1,3,3,133,At Risk
1609,Sharjah,40,91,11275.65,1,2,3,123,At Risk
698,Sharjah,36,76,11273.92,2,1,3,213,At Risk
2231,Dubai,27,113,11268.55,2,5,3,253,At Risk
4683,Sharjah,31,104,11267.79,2,4,3,243,At Risk
1924,Abu Dhabi,37,106,11264.25,2,5,3,253,At Risk
3693,Sharjah,55,93,11264.24,1,2,3,123,At Risk
1758,Dubai,43,110,11258.71,1,5,3,153,At Risk
4569,Dubai,33,80,11253.92,2,1,3,213,At Risk
986,Dubai,38,86,11250.85,2,1,3,213,At Risk
2720,Dubai,52,95,11249.75,1,3,3,133,At Risk
1045,Abu Dhabi,40,101,11248.16,1,4,3,143,At Risk
3447,Dubai,27,98,11245.09,2,3,3,233,At Risk
1046,Dubai,31,92,11238.68,2,2,3,223,At Risk
1796,Dubai,27,91,11238.17,2,2,3,223,At Risk
1209,Dubai,23,88,11237.79,2,1,3,213,At Risk
640,Dubai,24,93,11237.32,2,2,3,223,At Risk
593,Abu Dhabi,102,87,11233.58,1,1,3,113,At Risk
2233,Dubai,110,92,11231.36,1,2,3,123,At Risk
1068,Abu Dhabi,23,92,11229.83,2,2,3,223,At Risk
2540,Dubai,44,97,11228.66,1,3,3,133,At Risk
3545,Dubai,56,93,11225.65,1,2,3,123,At Risk
144,Sharjah,69,80,11223.87,1,1,3,113,At Risk
636,Sharjah,53,110,11218.15,1,5,3,153,At Risk
2159,Dubai,32,104,11216.06,2,4,3,243,At Risk
115,Abu Dhabi,55,109,11214.24,1,5,3,153,At Risk
4358,Sharjah,24,94,11214.11,2,3,3,233,At Risk
1720,Dubai,69,107,11211.45,1,5,3,153,At Risk
1164,Dubai,27,91,11210.38,2,2,3,223,At Risk
1928,Sharjah,29,103,11208.66,2,4,3,243,At Risk
3960,Abu Dhabi,56,96,11202.22,1,3,3,133,At Risk
416,Dubai,38,91,11200.18,2,2,3,223,At Risk
2817,Dubai,32,86,11200.09,2,1,3,213,At Risk
2702,Dubai,32,103,11196.09,2,4,3,243,At Risk
4883,Dubai,43,99,11194.85,1,4,3,143,At Risk
2115,Dubai,66,90,11193.74,1,2,3,123,At Risk
2678,Dubai,48,106,11193.15,1,5,3,153,At Risk
2260,Dubai,24,89,11191.94,2,2,3,223,At Risk
3370,Dubai,75,94,11188.73,1,3,3,133,At Risk
1511,Abu Dhabi,33,106,11186.73,2,5,3,253,At Risk
3347,Dubai,24,109,11185.70,2,5,3,253,At Risk
832,Sharjah,26,91,11185.41,2,2,3,223,At Risk
3762,Abu Dhabi,50,93,11185.30,1,2,3,123,At Risk
3592,Dubai,51,102,11184.68,1,4,3,143,At Risk
181,Abu Dhabi,23,86,11183.74,2,1,3,213,At Risk
3123,Sharjah,29,106,11183.14,2,5,3,253,At Risk
4289,Abu Dhabi,37,91,11179.71,2,2,3,223,At Risk
3835,Dubai,29,93,11178.59,2,2,3,223,At Risk
2506,Abu Dhabi,50,93,11176.95,1,2,3,123,At Risk
528,Dubai,24,92,11173.31,2,2,3,223,At Risk
3547,Dubai,70,100,11172.20,1,4,3,143,At Risk
3990,Dubai,24,104,11164.79,2,4,3,243,At Risk
1764,Dubai,43,101,11163.21,1,4,3,143,At Risk
3299,Abu Dhabi,31,98,11163.03,2,3,3,233,At Risk
3171,Dubai,32,85,11162.88,2,1,3,213,At Risk
4093,Abu Dhabi,23,95,11162.65,2,3,3,233,At Risk
3214,Dubai,24,99,11162.58,2,4,3,243,At Risk
3741,Dubai,27,100,11161.40,2,4,3,243,At Risk
4025,Dubai,35,100,11152.22,2,4,3,243,At Risk
4989,Abu Dhabi,72,94,11148.89,1,3,3,133,At Risk
2779,Sharjah,23,113,11146.63,2,5,3,253,At Risk
2450,Sharjah,62,78,11144.18,1,1,3,113,At Risk
957,Dubai,63,95,11138.70,1,3,3,133,At Risk
209,Sharjah,66,84,11137.79,1,1,3,113,At Risk
3278,Dubai,27,106,11136.73,2,5,3,253,At Risk
2104,Dubai,79,79,11131.66,1,1,3,113,At Risk
4060,Abu Dhabi,100,97,11129.61,1,3,3,133,At Risk
1125,Dubai,59,101,11129.17,1,4,3,143,At Risk
290,Dubai,91,87,11127.75,1,1,3,113,At Risk
4170,Dubai,29,100,11126.91,2,4,3,243,At Risk
4473,Abu Dhabi,48,94,11126.03,1,3,3,133,At Risk
3186,Dubai,26,93,11123.99,2,2,3,223,At Risk
2966,Abu Dhabi,38,87,11119.43,2,1,3,213,At Risk
1244,Sharjah,71,93,11115.76,1,2,3,123,At Risk
140,Dubai,30,83,11113.92,2,1,3,213,At Risk
3714,Dubai,24,104,11112.61,2,4,3,243,At Risk
607,Sharjah,30,88,11106.64,2,1,3,213,At Risk
2897,Dubai,27,102,11103.57,2,4,3,243,At Risk
30,Abu Dhabi,72,99,11102.65,1,3,3,133,At Risk
3335,Dubai,53,98,11102.46,1,3,3,133,At Risk
1970,Dubai,82,101,11101.62,1,4,3,143,At Risk
3597,Sharjah,55,122,11096.91,1,5,3,153,At Risk
4681,Dubai,23,89,11095.30,2,2,3,223,At Risk
1149,Dubai,59,84,11094.54,1,1,3,113,At Risk
1857,Sharjah,51,83,11091.24,1,1,3,113,At Risk
1429,Abu Dhabi,63,82,11090.82,1,1,3,113,At Risk
2421,Dubai,25,107,11087.34,2,5,3,253,At Risk
4220,Abu Dhabi,24,91,11084.98,2,2,3,223,At Risk
4545,Dubai,62,91,11084.52,1,2,3,123,At Risk
2339,Dubai,26,110,11081.96,2,5,3,253,At Risk
4385,Sharjah,33,107,11081.02,2,5,3,253,At Risk
4257,Dubai,62,94,11079.71,1,3,3,133,At Risk
1759,Abu Dhabi,72,92,11078.97,1,2,3,123,At Risk
2764,Dubai,35,100,11076.44,2,4,3,243,At Risk
3577,Abu Dhabi,53,95,11075.61,1,3,3,133,At Risk
1160,Dubai,77,99,11074.93,1,3,3,133,At Risk
914,Dubai,48,100,11067.50,1,4,3,143,At Risk
3958,Dubai,60,94,11067.38,1,3,3,133,At Risk
4992,Dubai,26,82,11066.25,2,1,3,213,At Risk
2799,Sharjah,34,93,11054.39,2,2,3,223,At Risk
556,Abu Dhabi,47,104,11052.81,1,4,3,143,At Risk
4145,Abu Dhabi,37,97,11048.19,2,3,3,233,At Risk
2418,Dubai,38,109,11043.65,2,5,3,253,At Risk
2535,Sharjah,41,101,11042.19,1,4,3,143,At Risk
3322,Dubai,62,88,11038.15,1,2,3,123,At Risk
99,Dubai,42,96,11037.88,1,3,3,133,At Risk
1472,Dubai,52,89,11036.09,1,2,3,123,At Risk
1724,Dubai,27,97,11035.91,2,3,3,233,At Risk
792,Abu Dhabi,141,83,11034.77,1,1,3,113,At Risk
4892,Dubai,37,102,11033.47,2,4,3,243,At Risk
3410,Dubai,62,95,11032.37,1,3,3,133,At Risk
1158,Abu Dhabi,32,103,11029.37,2,4,3,243,At Risk
2452,Abu Dhabi,38,95,11024.77,2,3,3,233,At Risk
3859,Dubai,24,107,11023.88,2,5,3,253,At Risk
642,Abu Dhabi,42,86,11022.34,1,1,3,113,At Risk
3095,Sharjah,61,96,11022.19,1,3,3,133,At Risk
1760,Sharjah,34,90,11011.24,2,2,3,223,At Risk
4925,Sharjah,23,95,11010.88,2,3,3,233,At Risk
3125,Abu Dhabi,100,108,11008.43,1,5,3,153,At Risk
3919,Dubai,56,91,11006.14,1,2,3,123,At Risk
2193,Sharjah,43,99,11003.70,1,4,3,143,At Risk
1889,Dubai,44,97,11002.16,1,3,3,133,At Risk
205,Dubai,25,99,10998.50,2,3,3,233,At Risk
1947,Dubai,27,105,10995.77,2,5,3,253,At Risk
2599,Dubai,24,85,10994.88,2,1,3,213,At Risk
4909,Dubai,39,98,10994.47,1,3,3,133,At Risk
839,Abu Dhabi,29,104,10992.38,2,4,3,243,At Risk
237,Dubai,63,93,10991.63,1,2,3,123,At Risk
4810,Dubai,25,92,10988.52,2,2,3,223,At Risk
1995,Sharjah,88,82,10987.12,1,1,3,113,At Risk
4028,Abu Dhabi,26,112,10983.97,2,5,3,253,At Risk
2747,Abu Dhabi,34,90,10983.75,2,2,3,223,At Risk
2271,Dubai,29,89,10975.46,2,2,3,223,At Risk
2219,Dubai,92,101,10974.27,1,4,3,143,At Risk
3313,Dubai,27,87,10970.52,2,1,3,213,At Risk
625,Abu Dhabi,24,97,10968.93,2,3,3,233,At Risk
1977,Sharjah,25,99,10967.64,2,4,3,243,At Risk
4999,Sharjah,23,99,10966.71,2,4,3,243,At Risk
2325,Abu Dhabi,29,95,10965.93,2,3,3,233,At Risk
4724,Abu Dhabi,43,107,10963.25,1,5,3,153,At Risk
2602,Dubai,49,98,10962.48,1,3,3,133,At Risk
954,Abu Dhabi,113,89,10955.84,1,2,3,123,At Risk
3061,Dubai,93,93,10946.74,1,2,3,123,At Risk
1913,Abu Dhabi,25,102,10945.06,2,4,3,243,At Risk
4196,Dubai,25,108,10943.77,2,5,3,253,At Risk
695,Dubai,50,103,10941.87,1,4,3,143,At Risk
3250,Dubai,44,96,10940.41,1,3,3,133,At Risk
819,Dubai,34,95,10938.42,2,3,3,233,At Risk
3672,Abu Dhabi,28,91,10936.11,2,2,3,223,At Risk
3255,Dubai,23,92,10931.39,2,2,3,223,At Risk
3829,Dubai,66,92,10931.30,1,2,3,123,At Risk
1686,Abu Dhabi,25,91,10931.02,2,2,3,223,At Risk
395,Dubai,34,86,10929.42,2,1,3,213,At Risk
1705,Dubai,43,83,10928.51,1,1,3,113,At Risk
2694,Abu Dhabi,53,83,10927.13,1,1,3,113,At Risk
2403,Dubai,76,90,10927.09,1,2,3,123,At Risk
3739,Abu Dhabi,25,100,10920.73,2,4,3,243,At Risk
4209,Dubai,32,97,10918.32,2,3,3,233,At Risk
4465,Dubai,87,96,10918.28,1,3,3,133,At Risk
3443,Abu Dhabi,90,93,10915.31,1,2,3,123,At Risk
2387,Abu Dhabi,82,93,10914.82,1,2,3,123,At Risk
1739,Dubai,29,99,10914.19,2,4,3,243,At Risk
2700,Dubai,24,109,10912.90,2,5,3,253,At Risk
1028,Sharjah,43,91,10909.09,1,2,3,123,At Risk
2044,Sharjah,33,91,10907.71,2,2,3,223,At Risk
461,Dubai,28,100,10905.10,2,4,3,243,At Risk
3280,Dubai,43,97,10904.84,1,3,3,133,At Risk
907,Abu Dhabi,59,91,10901.22,1,2,3,123,At Risk
2858,Dubai,89,89,10898.26,1,2,3,123,At Risk
3217,Dubai,54,99,10897.97,1,4,3,143,At Risk
2066,Dubai,23,87,10896.12,2,1,3,213,At Risk
4378,Dubai,72,97,10894.26,1,3,3,133,At Risk
3670,Abu Dhabi,25,94,10888.66,2,3,3,233,At Risk
1710,Sharjah,56,84,10888.41,1,1,3,113,At Risk
2447,Sharjah,35,93,10885.83,2,2,3,223,At Risk
543,Abu Dhabi,48,93,10885.82,1,2,3,123,At Risk
1103,Abu Dhabi,61,89,10875.05,1,2,3,123,At Risk
2653,Abu Dhabi,32,99,10871.16,2,4,3,243,At Risk
4384,Dubai,39,93,10867.01,1,2,3,123,At Risk
3147,Abu Dhabi,24,107,10862.46,2,5,3,253,At Risk
2002,Sharjah,45,93,10861.82,1,2,3,123,At Risk
929,Dubai,54,86,10857.29,1,1,3,113,At Risk
4953,Dubai,34,98,10856.76,2,3,3,233,At Risk
2050,Abu Dhabi,38,108,10855.34,2,5,3,253,At Risk
4785,Dubai,38,92,10854.02,1,2,3,123,At Risk
4936,Dubai,71,95,10852.05,1,3,3,133,At Risk
2851,Abu Dhabi,25,89,10851.29,2,2,3,223,At Risk
3855,Sharjah,98,89,10849.94,1,2,3,123,At Risk
4621,Abu Dhabi,57,90,10845.95,1,2,3,123,At Risk
3113,Sharjah,61,96,10844.52,1,3,3,133,At Risk
451,Sharjah,25,81,10843.11,2,1,3,213,At Risk
1189,Dubai,28,85,10839.86,2,1,3,213,At Risk
1412,Dubai,28,96,10839.81,2,3,3,233,At Risk
992,Dubai,43,91,10837.88,1,2,3,123,At Risk
383,Dubai,33,114,10837.19,2,5,3,253,At Risk
3138,Dubai,26,92,10836.80,2,2,3,223,At Risk
2026,Sharjah,52,92,10836.42,1,2,3,123,At Risk
4027,Dubai,83,102,10835.64,1,4,3,143,At Risk
3582,Abu Dhabi,42,96,10830.91,1,3,3,133,At Risk
1806,Dubai,64,98,10827.18,1,3,3,133,At Risk
3517,Dubai,36,90,10826.86,2,2,3,223,At Risk
2522,Sharjah,66,94,10825.80,1,3,3,133,At Risk
2144,Dubai,47,99,10824.90,1,4,3,143,At Risk
3932,Dubai,29,108,10824.32,2,5,3,253,At Risk
3502,Dubai,33,99,10822.91,2,4,3,243,At Risk
889,Abu Dhabi,66,84,10822.54,1,1,3,113,At Risk
2527,Dubai,34,103,10817.98,2,4,3,243,At Risk
4182,Dubai,37,111,10816.11,2,5,3,253,At Risk
4527,Dubai,38,92,10802.96,2,2,3,223,At Risk
4862,Dubai,23,101,10802.53,2,4,3,243,At Risk
73,Abu Dhabi,24,85,10802.14,2,1,3,213,At Risk
2597,Sharjah,55,75,10802.11,1,1,3,113,At Risk
3748,Dubai,55,97,10801.76,1,3,3,133,At Risk
2632,Dubai,39,101,10798.50,1,4,3,143,At Risk
1255,Abu Dhabi,30,95,10796.15,2,3,3,233,At Risk
4271,Dubai,84,92,10795.95,1,2,3,123,At Risk
3093,Dubai,23,88,10795.29,2,2,3,223,At Risk
4116,Abu Dhabi,57,115,10794.09,1,5,3,153,At Risk
2963,Abu Dhabi,73,93,10793.36,1,2,3,123,At Risk
653,Dubai,93,95,10786.31,1,3,3,133,At Risk
4794,Sharjah,41,93,10785.96,1,2,3,123,At Risk
2648,Abu Dhabi,27,88,10785.63,2,2,3,223,At Risk
494,Dubai,34,92,10785.51,2,2,3,223,At Risk
109,Abu Dhabi,35,87,10781.35,2,1,3,213,At Risk
4622,Abu Dhabi,61,108,10777.49,1,5,3,153,At Risk
4615,Abu Dhabi,36,97,10776.60,2,3,3,233,At Risk
1420,Dubai,32,85,10767.26,2,1,3,213,At Risk
4874,Dubai,33,111,10765.45,2,5,3,253,At Risk
1653,Abu Dhabi,119,87,10764.08,1,1,3,113,At Risk
1141,Abu Dhabi,105,91,10762.91,1,2,3,123,At Risk
499,Abu Dhabi,24,98,10759.69,2,3,3,233,At Risk
2778,Sharjah,39,104,10751.25,1,4,3,143,At Risk
566,Dubai,44,92,10748.14,1,2,3,123,At Risk
866,Dubai,48,100,10747.49,1,4,3,143,At Risk
2009,Dubai,52,104,10744.85,1,4,3,143,At Risk
1615,Dubai,93,78,10740.67,1,1,3,113,At Risk
192,Abu Dhabi,23,82,10735.87,2,1,3,213,At Risk
1762,Sharjah,50,101,10735.01,1,4,3,143,At Risk
3065,Abu Dhabi,54,93,10733.23,1,2,3,123,At Risk
3009,Abu Dhabi,33,95,10731.71,2,3,3,233,At Risk
4914,Dubai,41,90,10729.96,1,2,3,123,At Risk
4934,Dubai,49,86,10729.11,1,1,3,113,At Risk
2853,Abu Dhabi,37,120,10724.42,2,5,3,253,At Risk
1501,Abu Dhabi,45,94,10721.46,1,3,3,133,At Risk
730,Dubai,44,93,10720.46,1,2,3,123,At Risk
4246,Abu Dhabi,77,99,10717.68,1,4,3,143,At Risk
1094,Abu Dhabi,35,89,10716.25,2,2,3,223,At Risk
4383,Sharjah,41,92,10715.62,1,2,3,123,At Risk
4223,Dubai,54,97,10711.56,1,3,3,133,At Risk
4933,Dubai,22,92,10706.83,2,2,3,223,At Risk
4970,Dubai,69,111,10704.43,1,5,3,153,At Risk
3008,Dubai,47,113,10704.17,1,5,3,153,At Risk
121,Sharjah,33,100,10702.45,2,4,3,243,At Risk
4355,Dubai,79,91,10701.53,1,2,3,123,At Risk
4702,Abu Dhabi,34,85,10701.50,2,1,3,213,At Risk
1101,Dubai,29,75,10695.65,2,1,3,213,At Risk
4076,Dubai,27,110,10690.66,2,5,3,253,At Risk
529,Abu Dhabi,73,104,10688.26,1,4,3,143,At Risk
2153,Abu Dhabi,24,101,10684.08,2,4,3,243,At Risk
3160,Sharjah,35,90,10683.87,2,2,3,223,At Risk
2074,Abu Dhabi,38,96,10679.98,2,3,3,233,At Risk
2204,Dubai,54,87,10678.07,1,1,3,113,At Risk
4258,Abu Dhabi,23,92,10677.13,2,2,3,223,At Risk
4307,Dubai,38,89,10669.29,2,2,3,223,At Risk
1942,Dubai,26,96,10668.93,2,3,3,233,At Risk
2718,Dubai,48,91,10664.87,1,2,3,123,At Risk
153,Sharjah,51,88,10664.15,1,1,3,113,At Risk
2107,Dubai,51,103,10663.34,1,4,3,143,At Risk
2924,Dubai,28,93,10663.23,2,2,3,223,At Risk
4853,Dubai,28,98,10661.18,2,3,3,233,At Risk
244,Dubai,43,96,10660.51,1,3,3,133,At Risk
2787,Dubai,24,94,10658.09,2,3,3,233,At Risk
690,Dubai,47,90,10658.02,1,2,3,123,At Risk
4405,Abu Dhabi,46,115,10654.86,1,5,3,153,At Risk
4107,Dubai,46,102,10652.74,1,4,3,143,At Risk
3137,Dubai,32,88,10650.28,2,2,3,223,At Risk
875,Sharjah,24,97,10648.96,2,3,3,233,At Risk
4580,Abu Dhabi,47,91,10648.95,1,2,3,123,At Risk
2100,Sharjah,23,98,10647.08,2,3,3,233,At Risk
4049,Abu Dhabi,48,78,10642.63,1,1,3,113,At Risk
4844,Sharjah,79,95,10641.98,1,3,3,133,At Risk
293,Dubai,24,87,10639.88,2,1,3,213,At Risk
4400,Dubai,54,101,10638.67,1,4,3,143,At Risk
3254,Sharjah,24,106,10636.57,2,5,3,253,At Risk
1713,Dubai,60,93,10634.01,1,2,3,123,At Risk
1182,Abu Dhabi,31,94,10632.26,2,3,3,233,At Risk
4476,Abu Dhabi,24,91,10631.92,2,2,3,223,At Risk
816,Sharjah,37,80,10631.87,2,1,3,213,At Risk
3082,Dubai,46,88,10620.21,1,2,3,123,At Risk
2024,Sharjah,29,99,10612.90,2,4,3,243,At Risk
2454,Dubai,23,93,10612.59,2,2,3,223,At Risk
3687,Abu Dhabi,133,78,10602.89,1,1,3,113,At Risk
3120,Dubai,47,99,10598.74,1,4,3,143,At Risk
4842,Dubai,42,84,10593.65,1,1,3,113,At Risk
2150,Abu Dhabi,45,91,10592.61,1,2,3,123,At Risk
2780,Sharjah,70,92,10591.85,1,2,3,123,At Risk
4631,Abu Dhabi,67,78,10590.56,1,1,3,113,At Risk
3205,Dubai,78,76,10589.62,1,1,3,113,At Risk
2776,Sharjah,40,90,10588.29,1,2,3,123,At Risk
2862,Sharjah,58,91,10584.42,1,2,3,123,At Risk
592,Dubai,62,100,10582.47,1,4,3,143,At Risk
1430,Sharjah,36,88,10578.25,2,1,3,213,At Risk
1463,Dubai,42,90,10574.81,1,2,3,123,At Risk
1486,Sharjah,24,92,10574.02,2,2,3,223,At Risk
2637,Dubai,82,88,10573.68,1,2,3,123,At Risk
664,Dubai,29,88,10571.38,2,1,3,213,At Risk
3351,Dubai,74,86,10569.14,1,1,3,113,At Risk
3092,Dubai,23,93,10566.04,2,2,3,223,At Risk
3388,Dubai,33,99,10564.63,2,4,3,243,At Risk
2533,Abu Dhabi,46,95,10564.37,1,3,3,133,At Risk
1289,Dubai,72,104,10564.19,1,4,3,143,At Risk
1671,Sharjah,43,92,10561.63,1,2,3,123,At Risk
3047,Abu Dhabi,23,105,10557.26,2,5,3,253,At Risk
1179,Abu Dhabi,79,90,10556.65,1,2,3,123,At Risk
1885,Abu Dhabi,32,99,10555.26,2,4,3,243,At Risk
1980,Abu Dhabi,29,110,10555.24,2,5,3,253,At Risk
2323,Sharjah,63,91,10553.20,1,2,3,123,At Risk
3691,Dubai,38,103,10551.31,2,4,3,243,At Risk
4120,Sharjah,24,98,10545.97,2,3,3,233,At Risk
2497,Dubai,42,102,10543.32,1,4,3,143,At Risk
3722,Sharjah,24,95,10541.48,2,3,3,233,At Risk
1118,Sharjah,29,89,10538.68,2,2,3,223,At Risk
2893,Dubai,76,87,10535.00,1,1,3,113,At Risk
2706,Abu Dhabi,45,95,10534.03,1,3,3,133,At Risk
987,Abu Dhabi,78,85,10532.46,1,1,3,113,At Risk
2021,Sharjah,28,98,10532.30,2,3,3,233,At Risk
3607,Dubai,55,96,10530.84,1,3,3,133,At Risk
3812,Sharjah,27,78,10529.92,2,1,3,213,At Risk
4673,Abu Dhabi,54,99,10529.65,1,4,3,143,At Risk
226,Dubai,27,86,10525.38,2,1,3,213,At Risk
3496,Abu Dhabi,74,84,10520.11,1,1,3,113,At Risk
261,Dubai,24,108,10519.41,2,5,3,253,At Risk
2448,Abu Dhabi,25,96,10519.04,2,3,3,233,At Risk
3831,Abu Dhabi,49,100,10519.00,1,4,3,143,At Risk
869,Abu Dhabi,24,87,10518.96,2,1,3,213,At Risk
1516,Sharjah,65,86,10515.01,1,1,3,113,At Risk
4978,Abu Dhabi,69,91,10514.87,1,2,3,123,At Risk
1577,Dubai,52,95,10513.17,1,3,3,133,At Risk
1059,Abu Dhabi,35,89,10513.17,2,2,3,223,At Risk
2913,Sharjah,108,99,10509.47,1,4,3,143,At Risk
1557,Dubai,35,89,10508.89,2,2,3,223,At Risk
2970,Abu Dhabi,32,94,10508.16,2,3,3,233,At Risk
2891,Abu Dhabi,102,101,10506.09,1,4,3,143,At Risk
307,Abu Dhabi,37,90,10505.91,2,2,3,223,At Risk
1497,Dubai,43,106,10505.41,1,5,3,153,At Risk
2786,Dubai,32,102,10504.09,2,4,3,243,At Risk
42,Dubai,41,107,10503.74,1,5,3,153,At Risk
1178,Sharjah,47,80,10498.32,1,1,3,113,At Risk
2586,Dubai,59,92,10496.33,1,2,3,123,At Risk
3837,Sharjah,23,97,10491.37,2,3,3,233,At Risk
1624,Abu Dhabi,46,101,10490.47,1,4,3,143,At Risk
4364,Dubai,23,92,10486.63,2,2,3,223,At Risk
168,Abu Dhabi,51,95,10484.63,1,3,3,133,At Risk
248,Dubai,25,83,10481.31,2,1,3,213,At Risk
1898,Sharjah,34,101,10478.34,2,4,3,243,At Risk
347,Dubai,62,90,10477.84,1,2,3,123,At Risk
881,Sharjah,39,93,10477.83,1,2,3,123,At Risk
2556,Abu Dhabi,23,92,10473.30,2,2,3,223,At Risk
1488,Dubai,43,99,10471.14,1,4,3,143,At Risk
804,Dubai,26,94,10469.39,2,3,3,233,At Risk
2847,Dubai,49,81,10465.85,1,1,3,113,At Risk
3746,Abu Dhabi,90,98,10465.43,1,3,3,133,At Risk
2005,Sharjah,40,85,10465.01,1,1,3,113,At Risk
167,Sharjah,27,99,10460.32,2,3,3,233,At Risk
1050,Dubai,23,108,10456.44,2,5,3,253,At Risk
2304,Dubai,37,92,10454.93,2,2,3,223,At Risk
4092,Dubai,24,88,10453.31,2,2,3,223,At Risk
4259,Abu Dhabi,30,90,10451.16,2,2,3,223,At Risk
2745,Dubai,66,92,10449.76,1,2,3,123,At Risk
1998,Dubai,29,102,10444.51,2,4,3,243,At Risk
3584,Dubai,61,97,10441.58,1,3,3,133,At Risk
3522,Dubai,40,98,10441.31,1,3,3,133,At Risk
4266,Sharjah,34,89,10436.58,2,2,3,223,At Risk
4700,Abu Dhabi,39,102,10433.64,1,4,3,143,At Risk
2601,Abu Dhabi,25,88,10432.89,2,2,3,223,At Risk
4409,Sharjah,66,97,10432.41,1,3,3,133,At Risk
3721,Sharjah,94,83,10431.67,1,1,3,113,At Risk
4222,Dubai,59,101,10429.50,1,4,3,143,At Risk
3460,Dubai,25,100,10427.89,2,4,3,243,At Risk
194,Abu Dhabi,43,83,10427.79,1,1,3,113,At Risk
3161,Sharjah,60,95,10424.41,1,3,3,133,At Risk
3929,Abu Dhabi,64,87,10420.48,1,1,3,113,At Risk
4792,Dubai,28,83,10419.52,2,1,3,213,At Risk
2354,Abu Dhabi,28,101,10415.55,2,4,3,243,At Risk
2505,Dubai,35,103,10414.05,2,4,3,243,At Risk
3567,Dubai,26,105,10398.14,2,5,2,252,At Risk
3601,Sharjah,26,95,10391.43,2,3,2,232,At Risk
1781,Dubai,52,100,10387.51,1,4,2,142,At Risk
1738,Dubai,46,97,10387.19,1,3,2,132,At Risk
2772,Abu Dhabi,63,97,10386.22,1,3,2,132,At Risk
1517,Dubai,29,96,10384.77,2,3,2,232,At Risk
4654,Dubai,64,105,10369.82,1,5,2,152,At Risk
4443,Abu Dhabi,49,97,10368.96,1,3,2,132,At Risk
4565,Abu Dhabi,37,96,10365.18,2,3,2,232,At Risk
2399,Dubai,27,103,10363.50,2,4,2,242,At Risk
2468,Abu Dhabi,32,102,10360.60,2,4,2,242,At Risk
951,Dubai,78,95,10358.50,1,3,2,132,At Risk
2247,Dubai,33,102,10355.21,2,4,2,242,At Risk
234,Dubai,58,95,10347.84,1,3,2,132,At Risk
817,Dubai,78,94,10345.73,1,3,2,132,At Risk
3729,Sharjah,77,96,10345.20,1,3,2,132,At Risk
3935,Dubai,24,101,10340.30,2,4,2,242,At Risk
3922,Dubai,38,101,10334.89,2,4,2,242,At Risk
2067,Dubai,69,97,10334.48,1,3,2,132,At Risk
2742,Sharjah,25,96,10333.72,2,3,2,232,At Risk
3500,Dubai,47,102,10332.14,1,4,2,142,At Risk
2168,Dubai,64,106,10321.68,1,5,2,152,At Risk
1277,Sharjah,34,94,10313.92,2,3,2,232,At Risk
4902,Sharjah,26,102,10296.07,2,4,2,242,At Risk
3626,Dubai,28,111,10291.33,2,5,2,252,At Risk
777,Dubai,24,97,10287.66,2,3,2,232,At Risk
2335,Dubai,30,96,10274.76,2,3,2,232,At Risk
4052,Dubai,38,99,10267.65,2,4,2,242,At Risk
1747,Dubai,41,100,10267.48,1,4,2,142,At Risk
1091,Abu Dhabi,48,99,10256.91,1,3,2,132,At Risk
4889,Abu Dhabi,23,107,10252.24,2,5,2,252,At Risk
1473,Abu Dhabi,32,100,10249.73,2,4,2,242,At Risk
1950,Dubai,52,102,10249.00,1,4,2,142,At Risk
3768,Dubai,35,102,10246.69,2,4,2,242,At Risk
3742,Sharjah,30,101,10245.83,2,4,2,242,At Risk
4771,Abu Dhabi,23,107,10245.05,2,5,2,252,At Risk
1038,Abu Dhabi,23,104,10238.55,2,4,2,242,At Risk
4971,Abu Dhabi,25,104,10235.12,2,5,2,252,At Risk
80,Abu Dhabi,40,98,10229.42,1,3,2,132,At Risk
2937,Dubai,56,99,10223.63,1,4,2,142,At Risk
4164,Dubai,59,101,10214.20,1,4,2,142,At Risk
1521,Dubai,27,97,10214.14,2,3,2,232,At Risk
1108,Abu Dhabi,27,99,10211.53,2,3,2,232,At Risk
1274,Dubai,42,95,10203.89,1,3,2,132,At Risk
4918,Dubai,57,104,10196.86,1,5,2,152,At Risk
3957,Abu Dhabi,36,95,10194.71,2,3,2,232,At Risk
4980,Sharjah,51,96,10192.76,1,3,2,132,At Risk
1990,Sharjah,43,109,10191.34,1,5,2,152,At Risk
1011,Dubai,150,98,10188.11,1,3,2,132,At Risk
3904,Dubai,22,94,10186.04,2,3,2,232,At Risk
1441,Dubai,90,99,10184.78,1,4,2,142,At Risk
3248,Dubai,48,99,10180.70,1,4,2,142,At Risk
530,Abu Dhabi,31,95,10178.13,2,3,2,232,At Risk
3048,Dubai,60,102,10165.32,1,4,2,142,At Risk
326,Abu Dhabi,28,104,10163.55,2,4,2,242,At Risk
3479,Dubai,26,97,10150.60,2,3,2,232,At Risk
1801,Sharjah,26,94,10131.90,2,3,2,232,At Risk
1952,Dubai,93,112,10131.26,1,5,2,152,At Risk
263,Sharjah,28,97,10130.37,2,3,2,232,At Risk
3339,Dubai,49,109,10127.47,1,5,2,152,At Risk
2489,Abu Dhabi,40,98,10116.57,1,3,2,132,At Risk
3648,Abu Dhabi,25,104,10114.08,2,4,2,242,At Risk
3710,Abu Dhabi,32,97,10112.71,2,3,2,232,At Risk
1858,Abu Dhabi,38,96,10109.56,2,3,2,232,At Risk
1382,Abu Dhabi,80,98,10100.19,1,3,2,132,At Risk
2871,Abu Dhabi,26,94,10092.97,2,3,2,232,At Risk
2646,Dubai,54,104,10089.57,1,4,2,142,At Risk
1891,Dubai,30,94,10089.04,2,3,2,232,At Risk
1395,Abu Dhabi,34,99,10085.31,2,3,2,232,At Risk
2070,Abu Dhabi,48,96,10081.53,1,3,2,132,At Risk
840,Dubai,59,103,10064.77,1,4,2,142,At Risk
4042,Dubai,55,97,10063.08,1,3,2,132,At Risk
3777,Dubai,28,102,10059.27,2,4,2,242,At Risk
1388,Dubai,52,107,10059.26,1,5,2,152,At Risk
1793,Dubai,54,103,10058.22,1,4,2,142,At Risk
146,Sharjah,62,97,10045.24,1,3,2,132,At Risk
584,Sharjah,34,97,10044.06,2,3,2,232,At Risk
210,Sharjah,146,99,10035.82,1,3,2,132,At Risk
2990,Dubai,47,95,10017.20,1,3,2,132,At Risk
3807,Sharjah,24,100,10016.40,2,4,2,242,At Risk
2224,Dubai,24,99,10006.94,2,4,2,242,At Risk
160,Dubai,23,100,10003.87,2,4,2,242,At Risk
1133,Abu Dhabi,49,104,10003.60,1,4,2,142,At Risk
3732,Abu Dhabi,43,96,9994.81,1,3,2,132,At Risk
1944,Dubai,52,99,9992.04,1,4,2,142,At Risk
3428,Dubai,89,99,9989.89,1,4,2,142,At Risk
2790,Dubai,30,98,9982.40,2,3,2,232,At Risk
4054,Dubai,87,99,9963.07,1,4,2,142,At Risk
4202,Sharjah,25,97,9959.06,2,3,2,232,At Risk
3996,Abu Dhabi,24,100,9958.98,2,4,2,242,At Risk
2456,Abu Dhabi,26,114,9958.76,2,5,2,252,At Risk
4574,Dubai,31,104,9955.34,2,4,2,242,At Risk
4780,Abu Dhabi,29,98,9946.90,2,3,2,232,At Risk
3425,Sharjah,90,99,9944.32,1,4,2,142,At Risk
3307,Dubai,66,94,9939.86,1,3,2,132,At Risk
1053,Sharjah,139,102,9931.07,1,4,2,142,At Risk
2464,Dubai,29,97,9913.50,2,3,2,232,At Risk
1196,Dubai,25,96,9890.23,2,3,2,232,At Risk
753,Dubai,53,96,9890.04,1,3,2,132,At Risk
1844,Dubai,33,96,9889.02,2,3,2,232,At Risk
1339,Dubai,30,98,9887.22,2,3,2,232,At Risk
2125,Abu Dhabi,35,98,9881.62,2,3,2,232,At Risk
4610,Dubai,49,113,9874.98,1,5,2,152,At Risk
439,Sharjah,57,101,9873.49,1,4,2,142,At Risk
2553,Sharjah,49,94,9873.35,1,3,2,132,At Risk
4095,Dubai,59,108,9871.48,1,5,2,152,At Risk
1880,Dubai,54,94,9870.52,1,3,2,132,At Risk
4208,Dubai,45,98,9864.84,1,3,2,132,At Risk
4838,Dubai,23,103,9860.57,2,4,2,242,At Risk
4815,Dubai,66,100,9855.64,1,4,2,142,At Risk
1881,Abu Dhabi,35,97,9850.29,2,3,2,232,At Risk
1584,Dubai,40,94,9845.68,1,3,2,132,At Risk
3893,Sharjah,28,95,9822.45,2,3,2,232,At Risk
3657,Dubai,61,96,9821.84,1,3,2,132,At Risk
482,Abu Dhabi,44,95,9821.27,1,3,2,132,At Risk
3243,Abu Dhabi,62,98,9814.88,1,3,2,132,At Risk
2213,Dubai,23,96,9808.80,2,3,2,232,At Risk
2334,Sharjah,75,94,9807.76,1,3,2,132,At Risk
2542,Abu Dhabi,40,95,9795.21,1,3,2,132,At Risk
2674,Sharjah,43,104,9792.05,1,4,2,142,At Risk
2082,Abu Dhabi,75,112,9779.50,1,5,2,152,At Risk
3329,Sharjah,33,100,9775.93,2,4,2,242,At Risk
4541,Dubai,38,94,9763.63,1,3,2,132,At Risk
3029,Abu Dhabi,33,109,9761.03,2,5,2,252,At Risk
2773,Abu Dhabi,24,94,9758.23,2,3,2,232,At Risk
368,Dubai,49,101,9745.62,1,4,2,142,At Risk
1052,Sharjah,33,95,9742.15,2,3,2,232,At Risk
686,Dubai,57,94,9740.52,1,3,2,132,At Risk
3262,Sharjah,92,96,9739.91,1,3,2,132,At Risk
4967,Abu Dhabi,47,104,9731.60,1,5,2,152,At Risk
2249,Abu Dhabi,23,102,9731.59,2,4,2,242,At Risk
4739,Abu Dhabi,27,95,9723.85,2,3,2,232,At Risk
1366,Dubai,29,101,9708.95,2,4,2,242,At Risk
3011,Dubai,51,97,9705.54,1,3,2,132,At Risk
4687,Dubai,67,98,9705.42,1,3,2,132,At Risk
3260,Sharjah,32,106,9695.95,2,5,2,252,At Risk
1030,Dubai,63,96,9693.22,1,3,2,132,At Risk
91,Sharjah,23,100,9692.85,2,4,2,242,At Risk
2855,Dubai,78,95,9688.46,1,3,2,132,At Risk
1512,Sharjah,23,99,9688.40,2,4,2,242,At Risk
4993,Abu Dhabi,24,96,9684.39,2,3,2,232,At Risk
4741,Dubai,34,102,9668.05,2,4,2,242,At Risk
1782,Sharjah,62,96,9666.04,1,3,2,132,At Risk
773,Dubai,37,98,9645.25,2,3,2,232,At Risk
2583,Sharjah,30,100,9642.68,2,4,2,242,At Risk
1147,Abu Dhabi,40,96,9642.00,1,3,2,132,At Risk
4491,Sharjah,27,103,9641.74,2,4,2,242,At Risk
3643,Abu Dhabi,32,98,9641.48,2,3,2,232,At Risk
4919,Sharjah,34,111,9627.91,2,5,2,252,At Risk
2117,Dubai,24,102,9620.20,2,4,2,242,At Risk
1544,Dubai,49,105,9618.15,1,5,2,152,At Risk
4679,Sharjah,29,94,9613.39,2,3,2,232,At Risk
2165,Abu Dhabi,55,99,9596.75,1,4,2,142,At Risk
2198,Abu Dhabi,40,103,9590.02,1,4,2,142,At Risk
4159,Abu Dhabi,23,102,9589.89,2,4,2,242,At Risk
3062,Sharjah,29,95,9584.74,2,3,2,232,At Risk
2031,Dubai,48,95,9582.37,1,3,2,132,At Risk
3236,Abu Dhabi,29,97,9577.25,2,3,2,232,At Risk
4153,Sharjah,54,97,9567.54,1,3,2,132,At Risk
1588,Sharjah,76,95,9566.16,1,3,2,132,At Risk
726,Sharjah,28,97,9565.67,2,3,2,232,At Risk
1623,Dubai,50,110,9565.59,1,5,2,152,At Risk
1820,Dubai,31,106,9562.49,2,5,2,252,At Risk
3532,Dubai,30,107,9557.74,2,5,2,252,At Risk
1831,Abu Dhabi,29,112,9550.97,2,5,2,252,At Risk
2331,Dubai,76,95,9546.17,1,3,2,132,At Risk
2006,Dubai,27,97,9535.44,2,3,2,232,At Risk
2371,Dubai,24,102,9527.90,2,4,2,242,At Risk
4932,Sharjah,70,94,9526.98,1,3,2,132,At Risk
2504,Abu Dhabi,69,106,9522.10,1,5,2,152,At Risk
3291,Dubai,47,103,9520.83,1,4,2,142,At Risk
2545,Dubai,44,102,9518.03,1,4,2,142,At Risk
1042,Sharjah,74,96,9517.64,1,3,2,132,At Risk
3060,Sharjah,27,107,9501.60,2,5,2,252,At Risk
2388,Dubai,32,94,9501.53,2,3,2,232,At Risk
4614,Abu Dhabi,58,97,9495.16,1,3,2,132,At Risk
4896,Abu Dhabi,43,103,9489.58,1,4,2,142,At Risk
3276,Dubai,26,101,9483.14,2,4,2,242,At Risk
110,Dubai,30,105,9481.48,2,5,2,252,At Risk
2539,Dubai,32,101,9476.98,2,4,2,242,At Risk
172,Dubai,31,99,9469.03,2,3,2,232,At Risk
2769,Abu Dhabi,24,95,9463.29,2,3,2,232,At Risk
3142,Dubai,27,94,9453.34,2,3,2,232,At Risk
2139,Abu Dhabi,73,105,9453.15,1,5,2,152,At Risk
4549,Abu Dhabi,33,102,9438.36,2,4,2,242,At Risk
1067,Abu Dhabi,34,102,9436.10,2,4,2,242,At Risk
3659,Dubai,93,94,9430.41,1,3,2,132,At Risk
1356,Sharjah,35,98,9415.43,2,3,2,232,At Risk
2546,Sharjah,45,102,9410.50,1,4,2,142,At Risk
4650,Sharjah,46,95,9394.32,1,3,2,132,At Risk
2712,Dubai,75,102,9388.75,1,4,2,142,At Risk
2430,Abu Dhabi,25,96,9380.41,2,3,2,232,At Risk
2749,Dubai,39,102,9368.72,1,4,2,142,At Risk
1105,Dubai,52,96,9343.41,1,3,1,131,At Risk
1060,Abu Dhabi,37,96,9331.52,2,3,1,231,At Risk
575,Dubai,58,96,9326.13,1,3,1,131,At Risk
2864,Dubai,31,100,9325.09,2,4,1,241,At Risk
280,Dubai,32,104,9319.14,2,4,1,241,At Risk
703,Sharjah,34,102,9317.10,2,4,1,241,At Risk
4656,Dubai,56,101,9316.03,1,4,1,141,At Risk
815,Sharjah,46,101,9315.79,1,4,1,141,At Risk
4820,Abu Dhabi,73,96,9283.24,1,3,1,131,At Risk
1737,Abu Dhabi,26,97,9282.87,2,3,1,231,At Risk
2395,Dubai,24,95,9278.21,2,3,1,231,At Risk
2950,Sharjah,145,97,9277.90,1,3,1,131,At Risk
4423,Dubai,59,104,9277.55,1,4,1,141,At Risk
2972,Sharjah,33,97,9274.28,2,3,1,231,At Risk
2040,Abu Dhabi,29,95,9272.74,2,3,1,231,At Risk
2690,Dubai,51,110,9271.36,1,5,1,151,At Risk
1719,Dubai,104,94,9267.21,1,3,1,131,At Risk
4676,Abu Dhabi,43,96,9258.32,1,3,1,131,At Risk
4160,Abu Dhabi,37,95,9255.57,2,3,1,231,At Risk
689,Sharjah,61,100,9254.35,1,4,1,141,At Risk
1207,Dubai,25,98,9250.93,2,3,1,231,At Risk
3709,Sharjah,48,103,9229.98,1,4,1,141,At Risk
4346,Dubai,91,99,9224.75,1,4,1,141,At Risk
3459,Dubai,63,106,9202.75,1,5,1,151,At Risk
523,Abu Dhabi,42,95,9197.67,1,3,1,131,At Risk
322,Dubai,74,98,9197.07,1,3,1,131,At Risk
2554,Dubai,51,94,9180.45,1,3,1,131,At Risk
1436,Dubai,69,95,9177.85,1,3,1,131,At Risk
2888,Dubai,59,102,9176.14,1,4,1,141,At Risk
2530,Sharjah,26,94,9172.25,2,3,1,231,At Risk
4053,Dubai,22,101,9167.15,2,4,1,241,At Risk
3608,Dubai,29,98,9147.25,2,3,1,231,At Risk
3619,Abu Dhabi,30,94,9133.55,2,3,1,231,At Risk
254,Sharjah,129,99,9127.06,1,3,1,131,At Risk
2264,Dubai,23,102,9108.55,2,4,1,241,At Risk
4790,Dubai,23,98,9107.28,2,3,1,231,At Risk
691,Dubai,74,95,9103.24,1,3,1,131,At Risk
4585,Sharjah,39,99,9099.00,1,4,1,141,At Risk
3559,Dubai,37,99,9097.82,2,4,1,241,At Risk
896,Dubai,62,95,9088.62,1,3,1,131,At Risk
4888,Dubai,67,96,9081.93,1,3,1,131,At Risk
180,Abu Dhabi,24,106,9075.52,2,5,1,251,At Risk
1483,Dubai,62,102,9060.38,1,4,1,141,At Risk
3159,Abu Dhabi,42,99,9031.60,1,4,1,141,At Risk
1559,Abu Dhabi,36,94,9019.64,2,3,1,231,At Risk
500,Abu Dhabi,31,102,9009.36,2,4,1,241,At Risk
3521,Dubai,28,98,9007.96,2,3,1,231,At Risk
3669,Dubai,41,104,8993.57,1,4,1,141,At Risk
4214,Dubai,42,96,8927.79,1,3,1,131,At Risk
2278,Abu Dhabi,28,94,8925.33,2,3,1,231,At Risk
2455,Abu Dhabi,44,97,8917.36,1,3,1,131,At Risk
4505,Sharjah,62,100,8912.09,1,4,1,141,At Risk
668,Abu Dhabi,41,100,8911.40,1,4,1,141,At Risk
3358,Dubai,33,94,8850.67,2,3,1,231,At Risk
2960,Abu Dhabi,31,98,8801.54,2,3,1,231,At Risk
1079,Dubai,66,99,8779.44,1,3,1,131,At Risk
1515,Dubai,36,96,8752.75,2,3,1,231,At Risk
2920,Abu Dhabi,39,97,8713.23,1,3,1,131,At Risk
4903,Dubai,30,99,8705.78,2,4,1,241,At Risk
4845,Abu Dhabi,39,107,8695.22,1,5,1,151,At Risk
917,Dubai,67,95,8676.13,1,3,1,131,At Risk
2660,Sharjah,64,94,8659.14,1,3,1,131,At Risk
1769,Abu Dhabi,34,106,8633.74,2,5,1,251,At Risk
3526,Sharjah,73,99,8633.51,1,4,1,141,At Risk
736,Dubai,33,97,8631.21,2,3,1,231,At Risk
3516,Abu Dhabi,27,94,8621.16,2,3,1,231,At Risk
2498,Dubai,34,107,8619.68,2,5,1,251,At Risk
2532,Dubai,41,94,8616.65,1,3,1,131,At Risk
3455,Sharjah,23,106,8612.92,2,5,1,251,At Risk
3204,Abu Dhabi,33,105,8552.74,2,5,1,251,At Risk
4328,Sharjah,40,95,8544.32,1,3,1,131,At Risk
1416,Sharjah,31,97,8531.22,2,3,1,231,At Risk
3613,Abu Dhabi,84,99,8497.69,1,4,1,141,At Risk
4463,Abu Dhabi,96,102,8495.18,1,4,1,141,At Risk
857,Sharjah,29,95,8486.67,2,3,1,231,At Risk
158,Dubai,82,104,8472.66,1,4,1,141,At Risk
631,Abu Dhabi,48,98,8471.59,1,3,1,131,At Risk
1051,Dubai,63,98,8435.44,1,3,1,131,At Risk
1543,Dubai,27,98,8415.20,2,3,1,231,At Risk
4894,Sharjah,24,96,8408.56,2,3,1,231,At Risk
393,Sharjah,26,97,8396.26,2,3,1,231,At Risk
834,Dubai,23,95,8374.21,2,3,1,231,At Risk
2414,Sharjah,40,96,8311.61,1,3,1,131,At Risk
3012,Abu Dhabi,40,106,8275.29,1,5,1,151,At Risk
4523,Dubai,25,95,8243.11,2,3,1,231,At Risk
2511,Abu Dhabi,33,96,8149.01,2,3,1,231,At Risk
3558,Sharjah,23,101,8058.15,2,4,1,241,At Risk
3519,Dubai,27,100,8025.45,2,4,1,241,At Risk
4788,Dubai,25,94,8009.36,2,3,1,231,At Risk
2236,Dubai,35,94,8007.30,2,3,1,231,At Risk
3069,Abu Dhabi,33,102,7970.74,2,4,1,241,At Risk
2509,Dubai,35,97,7905.07,2,3,1,231,At Risk
754,Dubai,147,100,7897.98,1,4,1,141,At Risk
1592,Abu Dhabi,23,105,7706.45,2,5,1,251,At Risk
6,Dubai,86,95,7703.35,1,3,1,131,At Risk
776,Dubai,58,101,7621.18,1,4,1,141,At Risk
4068,Dubai,25,95,7552.45,2,3,1,231,At Risk
2136,Dubai,27,98,7446.51,2,3,1,231,At Risk
4286,Sharjah,36,94,7260.11,2,3,1,231,At Risk
1404,Dubai,1,121,17600.11,5,5,5,555,Champions
4900,Dubai,5,118,17367.41,4,5,5,455,Champions
4184,Dubai,2,123,17304.00,5,5,5,555,Champions
3845,Dubai,6,129,17287.19,4,5,5,455,Champions
1962,Sharjah,11,105,17213.00,4,5,5,455,Champions
1343,Abu Dhabi,0,105,17028.26,5,5,5,555,Champions
3378,Abu Dhabi,3,100,16938.89,5,4,5,545,Champions
4915,Sharjah,7,117,16714.40,4,5,5,455,Champions
3424,Dubai,8,121,16619.60,4,5,5,455,Champions
2771,Dubai,5,107,16382.08,4,5,5,455,Champions
2804,Sharjah,1,113,16349.96,5,5,5,555,Champions
3695,Sharjah,0,118,16268.35,5,5,5,555,Champions
467,Abu Dhabi,2,110,16188.26,5,5,5,555,Champions
702,Sharjah,10,100,16090.01,4,4,5,445,Champions
4316,Abu Dhabi,9,110,16060.85,4,5,5,455,Champions
4510,Sharjah,9,122,16042.56,4,5,5,455,Champions
4524,Abu Dhabi,7,116,15986.84,4,5,5,455,Champions
4377,Abu Dhabi,1,109,15916.86,5,5,5,555,Champions
2166,Abu Dhabi,4,112,15863.14,5,5,5,555,Champions
1867,Abu Dhabi,3,99,15852.97,5,4,5,545,Champions
3873,Dubai,2,114,15750.20,5,5,5,555,Champions
4345,Abu Dhabi,0,110,15657.52,5,5,5,555,Champions
705,Dubai,0,108,15641.62,5,5,5,555,Champions
132,Dubai,2,110,15552.86,5,5,5,555,Champions
414,Dubai,2,106,15521.86,5,5,5,555,Champions
348,Sharjah,6,106,15483.89,4,5,5,455,Champions
4356,Dubai,7,105,15462.83,4,5,5,455,Champions
66,Dubai,3,118,15436.67,5,5,5,555,Champions
3084,Abu Dhabi,5,128,15430.33,4,5,5,455,Champions
1324,Sharjah,2,112,15427.23,5,5,5,555,Champions
224,Dubai,0,106,15346.52,5,5,5,555,Champions
2625,Dubai,2,102,15294.43,5,4,5,545,Champions
1869,Abu Dhabi,9,125,15288.37,4,5,5,455,Champions
724,Dubai,10,101,15222.07,4,4,5,445,Champions
4969,Abu Dhabi,8,115,15140.37,4,5,5,455,Champions
4723,Dubai,5,106,15133.50,4,5,5,455,Champions
1462,Dubai,1,103,15068.79,5,4,5,545,Champions
1888,Dubai,2,105,15041.45,5,5,5,555,Champions
4587,Dubai,10,114,15041.20,4,5,5,455,Champions
2977,Abu Dhabi,4,115,14996.11,5,5,5,555,Champions
4955,Sharjah,9,127,14984.97,4,5,5,455,Champions
1974,Dubai,0,104,14969.89,5,4,5,545,Champions
3415,Abu Dhabi,6,109,14940.58,4,5,5,455,Champions
1256,Abu Dhabi,4,106,14928.41,5,5,5,555,Champions
3782,Dubai,2,106,14911.92,5,5,5,555,Champions
4512,Dubai,3,107,14909.48,5,5,5,555,Champions
716,Dubai,7,107,14888.54,4,5,5,455,Champions
1648,Sharjah,6,105,14816.05,4,5,5,455,Champions
4546,Dubai,10,111,14811.38,4,5,5,455,Champions
1545,Dubai,5,117,14767.75,4,5,5,455,Champions
4563,Sharjah,2,100,14752.54,5,4,5,545,Champions
1688,Dubai,9,104,14751.92,4,4,5,445,Champions
2591,Sharjah,2,103,14735.63,5,4,5,545,Champions
4725,Dubai,2,100,14729.37,5,4,5,545,Champions
211,Abu Dhabi,6,114,14728.24,4,5,5,455,Champions
456,Abu Dhabi,0,117,14721.12,5,5,5,555,Champions
1642,Sharjah,0,99,14701.20,5,4,5,545,Champions
1535,Dubai,0,128,14675.88,5,5,5,555,Champions
4263,Sharjah,11,111,14675.30,4,5,5,455,Champions
743,Abu Dhabi,8,124,14671.82,4,5,5,455,Champions
2110,Abu Dhabi,9,113,14661.73,4,5,5,455,Champions
4684,Dubai,9,110,14655.35,4,5,5,455,Champions
2568,Abu Dhabi,6,106,14655.10,4,5,5,455,Champions
2717,Abu Dhabi,9,114,14608.95,4,5,5,455,Champions
2604,Sharjah,7,105,14601.83,4,5,5,455,Champions
1290,Abu Dhabi,9,106,14594.05,4,5,5,455,Champions
2832,Dubai,0,116,14583.62,5,5,5,555,Champions
4402,Sharjah,3,99,14561.23,5,4,5,545,Champions
4560,Sharjah,0,109,14527.12,5,5,5,555,Champions
983,Dubai,0,100,14522.61,5,4,5,545,Champions
791,Sharjah,11,107,14489.33,4,5,5,455,Champions
870,Dubai,9,117,14466.75,4,5,5,455,Champions
2971,Sharjah,3,104,14452.74,5,4,5,545,Champions
540,Sharjah,10,103,14441.31,4,4,5,445,Champions
2328,Dubai,5,102,14430.31,4,4,5,445,Champions
2147,Dubai,0,108,14422.24,5,5,5,555,Champions
3560,Dubai,6,115,14407.78,4,5,5,455,Champions
1914,Sharjah,9,107,14398.51,4,5,5,455,Champions
356,Dubai,7,110,14396.78,4,5,5,455,Champions
1037,Abu Dhabi,2,105,14396.42,5,5,5,555,Champions
1348,Abu Dhabi,9,127,14395.29,4,5,5,455,Champions
1333,Sharjah,3,117,14382.84,5,5,5,555,Champions
1387,Abu Dhabi,2,112,14369.45,5,5,5,555,Champions
1090,Dubai,11,118,14355.43,4,5,5,455,Champions
1843,Dubai,4,101,14350.94,5,4,5,545,Champions
4968,Dubai,0,109,14340.71,5,5,5,555,Champions
1825,Dubai,8,102,14330.98,4,4,5,445,Champions
878,Abu Dhabi,6,111,14317.22,4,5,5,455,Champions
516,Abu Dhabi,9,104,14313.88,4,4,5,445,Champions
1730,Sharjah,2,103,14296.25,5,4,5,545,Champions
2342,Dubai,3,108,14281.75,5,5,5,555,Champions
1883,Abu Dhabi,3,118,14250.92,5,5,5,555,Champions
3184,Dubai,3,101,14234.33,5,4,5,545,Champions
2324,Abu Dhabi,4,102,14218.54,5,4,5,545,Champions
2783,Abu Dhabi,8,108,14196.50,4,5,5,455,Champions
586,Dubai,7,109,14189.21,4,5,5,455,Champions
1604,Abu Dhabi,9,111,14179.65,4,5,5,455,Champions
2163,Sharjah,2,117,14145.41,5,5,5,555,Champions
3688,Dubai,8,119,14144.60,4,5,5,455,Champions
4911,Sharjah,5,99,14139.61,4,4,5,445,Champions
2930,Dubai,6,101,14138.48,4,4,5,445,Champions
1431,Dubai,1,103,14132.30,5,4,5,545,Champions
2290,Sharjah,6,113,14124.39,4,5,5,455,Champions
3294,Dubai,5,111,14116.53,4,5,5,455,Champions
2030,Dubai,4,102,14106.40,5,4,5,545,Champions
3506,Sharjah,8,100,14095.78,4,4,5,445,Champions
4017,Sharjah,4,106,14082.45,5,5,5,555,Champions
4360,Abu Dhabi,1,105,14056.11,5,5,5,555,Champions
1789,Abu Dhabi,8,102,14044.86,4,4,5,445,Champions
2170,Dubai,1,111,14025.51,5,5,5,555,Champions
1039,Sharjah,2,127,14009.08,5,5,5,555,Champions
1957,Abu Dhabi,8,105,14007.50,4,5,5,455,Champions
1508,Abu Dhabi,4,99,13977.25,5,4,5,545,Champions
3864,Sharjah,8,106,13967.81,4,5,5,455,Champions
4645,Dubai,3,103,13963.67,5,4,5,545,Champions
4942,Dubai,5,106,13922.99,4,5,5,455,Champions
1481,Dubai,9,123,13919.47,4,5,5,455,Champions
4994,Abu Dhabi,1,107,13900.71,5,5,5,555,Champions
3795,Dubai,8,100,13889.46,4,4,5,445,Champions
4630,Dubai,6,103,13888.36,4,4,5,445,Champions
681,Dubai,1,109,13885.48,5,5,5,555,Champions
601,Abu Dhabi,5,116,13883.11,4,5,5,455,Champions
1679,Dubai,11,107,13879.16,4,5,5,455,Champions
1842,Dubai,3,102,13877.50,5,4,5,545,Champions
1426,Dubai,9,113,13876.69,4,5,5,455,Champions
2250,Abu Dhabi,9,104,13846.69,4,4,5,445,Champions
1461,Dubai,8,117,13839.05,4,5,5,455,Champions
1591,Dubai,3,104,13811.46,5,4,5,545,Champions
3890,Sharjah,6,104,13789.85,4,4,5,445,Champions
3698,Abu Dhabi,0,106,13785.51,5,5,5,555,Champions
4808,Dubai,0,101,13779.97,5,4,5,545,Champions
3717,Abu Dhabi,6,106,13770.99,4,5,5,455,Champions
1936,Sharjah,2,109,13764.15,5,5,5,555,Champions
3979,Dubai,10,99,13749.43,4,4,5,445,Champions
3668,Abu Dhabi,0,109,13740.76,5,5,5,555,Champions
4997,Sharjah,8,116,13704.69,4,5,5,455,Champions
3035,Dubai,0,105,13685.79,5,5,5,555,Champions
1616,Dubai,7,112,13685.04,4,5,5,455,Champions
3524,Dubai,2,114,13671.62,5,5,5,555,Champions
4215,Sharjah,4,113,13669.05,4,5,5,455,Champions
652,Dubai,4,117,13667.75,5,5,5,555,Champions
4500,Sharjah,4,112,13666.46,4,5,5,455,Champions
117,Dubai,0,116,13631.68,5,5,5,555,Champions
3194,Abu Dhabi,8,121,13625.53,4,5,5,455,Champions
3541,Abu Dhabi,10,102,13616.77,4,4,5,445,Champions
53,Dubai,2,103,13578.32,5,4,5,545,Champions
4557,Dubai,10,100,13570.23,4,4,5,445,Champions
1865,Dubai,5,125,13567.95,4,5,5,455,Champions
4086,Dubai,10,113,13563.66,4,5,5,455,Champions
1626,Sharjah,2,111,13559.93,5,5,5,555,Champions
3187,Sharjah,6,114,13555.05,4,5,5,455,Champions
3984,Abu Dhabi,10,115,13546.24,4,5,5,455,Champions
2114,Dubai,8,103,13543.01,4,4,5,445,Champions
4019,Sharjah,8,102,13535.06,4,4,5,445,Champions
3336,Dubai,4,104,13533.88,5,4,5,545,Champions
2068,Sharjah,11,112,13533.07,4,5,5,455,Champions
4136,Sharjah,0,112,13515.49,5,5,5,555,Champions
4361,Abu Dhabi,9,109,13514.20,4,5,5,455,Champions
4467,Dubai,7,119,13494.40,4,5,5,455,Champions
3594,Dubai,9,127,13478.35,4,5,5,455,Champions
3566,Dubai,3,111,13473.74,5,5,5,555,Champions
1964,Sharjah,11,105,13473.01,4,5,5,455,Champions
3825,Dubai,8,111,13463.20,4,5,5,455,Champions
1457,Dubai,3,108,13457.26,5,5,5,555,Champions
2174,Abu Dhabi,2,114,13456.03,5,5,5,555,Champions
1682,Abu Dhabi,8,120,13443.78,4,5,5,455,Champions
781,Dubai,3,111,13442.81,5,5,5,555,Champions
4380,Abu Dhabi,0,111,13429.94,5,5,5,555,Champions
1071,Dubai,4,107,13428.78,5,5,5,555,Champions
3489,Dubai,9,101,13417.49,4,4,5,445,Champions
3439,Sharjah,5,110,13417.36,4,5,5,455,Champions
764,Abu Dhabi,0,113,13414.55,5,5,5,555,Champions
4893,Abu Dhabi,4,103,13387.92,4,4,5,445,Champions
3310,Abu Dhabi,9,115,13384.80,4,5,5,455,Champions
2137,Abu Dhabi,3,111,13380.25,5,5,5,555,Champions
1195,Abu Dhabi,8,112,13376.29,4,5,5,455,Champions
660,Abu Dhabi,2,100,13372.22,5,4,5,545,Champions
2965,Dubai,2,101,13349.18,5,4,5,545,Champions
1840,Abu Dhabi,0,121,13347.27,5,5,5,555,Champions
2849,Dubai,1,108,13336.65,5,5,5,555,Champions
4813,Sharjah,3,114,13322.10,5,5,5,555,Champions
927,Dubai,2,106,13314.36,5,5,5,555,Champions
1503,Abu Dhabi,2,101,13310.66,5,4,5,545,Champions
3293,Abu Dhabi,8,113,13308.25,4,5,5,455,Champions
4839,Sharjah,0,107,13291.42,5,5,5,555,Champions
3156,Sharjah,4,99,13271.69,5,4,5,545,Champions
2036,Dubai,3,105,13266.03,5,5,5,555,Champions
3467,Dubai,1,109,13260.20,5,5,5,555,Champions
2340,Abu Dhabi,8,99,13253.68,4,4,5,445,Champions
2156,Dubai,6,103,13251.24,4,4,5,445,Champions
2226,Sharjah,4,104,13240.75,5,4,5,545,Champions
3860,Sharjah,5,101,13226.35,4,4,5,445,Champions
4335,Dubai,8,101,13215.83,4,4,5,445,Champions
1589,Dubai,5,114,13214.54,4,5,5,455,Champions
2380,Abu Dhabi,2,113,13214.18,5,5,5,555,Champions
3446,Dubai,5,104,13201.74,4,4,5,445,Champions
2521,Dubai,11,110,13199.45,4,5,5,455,Champions
1940,Abu Dhabi,4,105,13194.36,5,5,5,555,Champions
1389,Dubai,3,104,13185.11,5,4,5,545,Champions
3780,Abu Dhabi,1,110,13174.39,5,5,5,555,Champions
571,Dubai,1,106,13171.13,5,5,5,555,Champions
2292,Dubai,4,104,13156.13,5,4,5,545,Champions
3073,Abu Dhabi,3,104,13153.75,5,4,5,545,Champions
324,Sharjah,0,115,13144.88,5,5,5,555,Champions
4826,Sharjah,8,124,13141.72,4,5,5,455,Champions
2069,Dubai,9,102,13121.81,4,4,5,445,Champions
3412,Abu Dhabi,11,99,13119.10,4,4,5,445,Champions
1485,Sharjah,8,104,13111.90,4,4,5,445,Champions
4488,Abu Dhabi,4,100,13104.38,4,4,5,445,Champions
3413,Sharjah,7,102,13095.05,4,4,5,445,Champions
633,Dubai,6,111,13087.60,4,5,5,455,Champions
1951,Abu Dhabi,0,99,13070.42,5,4,5,545,Champions
3228,Abu Dhabi,0,99,13066.08,5,4,5,545,Champions
1056,Dubai,11,102,13064.34,4,4,5,445,Champions
3306,Abu Dhabi,5,102,13059.77,4,4,5,445,Champions
4991,Sharjah,2,107,13052.56,5,5,5,555,Champions
3265,Dubai,9,110,13048.15,4,5,5,455,Champions
4114,Dubai,10,111,13039.18,4,5,5,455,Champions
1576,Sharjah,7,113,13034.14,4,5,5,455,Champions
1550,Dubai,0,111,13021.96,5,5,5,555,Champions
242,Sharjah,3,100,13010.57,5,4,5,545,Champions
2225,Dubai,10,118,13004.57,4,5,5,455,Champions
1314,Abu Dhabi,9,117,13004.37,4,5,5,455,Champions
1375,Dubai,4,114,13000.18,5,5,5,555,Champions
672,Sharjah,6,107,12994.08,4,5,5,455,Champions
2949,Dubai,3,103,12991.46,5,4,5,545,Champions
475,Dubai,0,105,12979.75,5,5,5,555,Champions
1822,Sharjah,8,108,12975.64,4,5,5,455,Champions
4288,Dubai,11,102,12974.55,4,4,5,445,Champions
2842,Sharjah,0,106,12966.90,5,5,5,555,Champions
2800,Sharjah,10,108,12954.62,4,5,5,455,Champions
86,Dubai,6,109,12946.42,4,5,5,455,Champions
897,Dubai,5,104,12945.88,4,4,5,445,Champions
667,Abu Dhabi,4,109,12945.35,5,5,5,555,Champions
2518,Abu Dhabi,0,112,12944.93,5,5,5,555,Champions
2887,Abu Dhabi,4,104,12944.81,5,4,5,545,Champions
4803,Dubai,9,99,12935.47,4,4,5,445,Champions
2408,Dubai,4,116,12931.00,5,5,5,555,Champions
2714,Abu Dhabi,2,101,12928.70,5,4,5,545,Champions
1261,Dubai,7,121,12918.75,4,5,5,455,Champions
1311,Abu Dhabi,3,108,12914.21,5,5,5,555,Champions
1450,Dubai,9,101,12912.39,4,4,5,445,Champions
2967,Sharjah,1,100,12895.92,5,4,5,545,Champions
4382,Abu Dhabi,6,101,12893.73,4,4,5,445,Champions
1489,Abu Dhabi,0,115,12890.53,5,5,5,555,Champions
568,Dubai,0,114,12884.01,5,5,5,555,Champions
1573,Abu Dhabi,6,114,12883.95,4,5,5,455,Champions
1991,Sharjah,4,100,12880.61,5,4,5,545,Champions
14,Dubai,3,101,12876.27,5,4,5,545,Champions
2813,Dubai,6,113,12875.20,4,5,5,455,Champions
2473,Dubai,0,105,12873.21,5,5,5,555,Champions
4950,Abu Dhabi,5,102,12869.77,4,4,5,445,Champions
3744,Dubai,0,99,12864.12,5,4,5,545,Champions
915,Sharjah,1,104,12857.70,5,4,5,545,Champions
1233,Abu Dhabi,2,124,12849.80,5,5,5,555,Champions
2303,Dubai,1,120,12836.22,5,5,5,555,Champions
3211,Dubai,3,105,12831.71,5,5,5,555,Champions
3363,Sharjah,3,116,12831.21,5,5,5,555,Champions
4036,Sharjah,2,103,12819.58,5,4,5,545,Champions
2650,Abu Dhabi,10,112,12816.61,4,5,5,455,Champions
4891,Abu Dhabi,6,106,12815.44,4,5,5,455,Champions
1784,Dubai,6,108,12814.76,4,5,5,455,Champions
1201,Sharjah,8,113,12814.63,4,5,5,455,Champions
772,Dubai,0,109,12810.49,5,5,5,555,Champions
1655,Dubai,2,102,12807.19,5,4,5,545,Champions
2759,Dubai,0,114,12805.67,5,5,5,555,Champions
706,Dubai,4,109,12800.61,5,5,5,555,Champions
4538,Dubai,9,112,12796.25,4,5,5,455,Champions
2393,Abu Dhabi,4,105,12789.81,5,5,5,555,Champions
2016,Abu Dhabi,5,102,12778.49,4,4,5,445,Champions
2868,Sharjah,5,99,12765.31,4,4,5,445,Champions
952,Dubai,7,105,12751.23,4,5,5,455,Champions
2682,Sharjah,1,99,12749.43,5,4,5,545,Champions
1425,Sharjah,8,105,12744.46,4,5,5,455,Champions
1432,Abu Dhabi,6,106,12741.17,4,5,5,455,Champions
466,Dubai,0,101,12719.09,5,4,5,545,Champions
4287,Sharjah,0,105,12707.34,5,5,5,555,Champions
4929,Dubai,10,120,12700.93,4,5,5,455,Champions
3909,Abu Dhabi,11,104,12692.68,4,4,5,445,Champions
2584,Abu Dhabi,2,101,12677.17,5,4,5,545,Champions
1675,Dubai,10,100,12673.19,4,4,5,445,Champions
3275,Abu Dhabi,0,103,12670.55,5,4,5,545,Champions
2815,Sharjah,9,101,12664.02,4,4,5,445,Champions
2820,Dubai,4,116,12658.44,5,5,5,555,Champions
426,Dubai,4,112,12633.80,5,5,5,555,Champions
1225,Dubai,7,107,12630.13,4,5,5,455,Champions
4694,Sharjah,8,108,12627.47,4,5,5,455,Champions
3355,Dubai,8,111,12625.07,4,5,5,455,Champions
2649,Abu Dhabi,2,111,12623.41,5,5,5,555,Champions
1773,Dubai,8,109,12621.28,4,5,5,455,Champions
3127,Abu Dhabi,11,109,12620.50,4,5,5,455,Champions
1054,Dubai,0,102,12618.88,5,4,5,545,Champions
1721,Dubai,5,104,12618.84,4,4,5,445,Champions
748,Sharjah,8,103,12611.35,4,4,5,445,Champions
2711,Abu Dhabi,8,105,12602.22,4,5,5,455,Champions
1246,Dubai,5,113,12598.01,4,5,5,455,Champions
735,Abu Dhabi,7,101,12592.87,4,4,5,445,Champions
3493,Dubai,2,117,12592.69,5,5,5,555,Champions
1817,Dubai,1,114,12573.92,5,5,5,555,Champions
389,Dubai,3,107,12572.76,5,5,5,555,Champions
3997,Dubai,7,104,12570.80,4,4,5,445,Champions
888,Dubai,1,103,12565.35,5,4,5,545,Champions
3701,Dubai,7,102,12551.00,4,4,5,445,Champions
137,Dubai,8,117,12548.69,4,5,5,455,Champions
4437,Abu Dhabi,7,99,12547.35,4,4,5,445,Champions
3017,Dubai,4,103,12540.32,5,4,5,545,Champions
2410,Dubai,0,102,12534.73,5,4,5,545,Champions
2892,Dubai,5,102,12524.05,4,4,5,445,Champions
4979,Abu Dhabi,0,99,12516.79,5,4,5,545,Champions
831,Dubai,9,112,12509.53,4,5,5,455,Champions
1765,Dubai,5,122,12508.38,4,5,5,455,Champions
1906,Dubai,6,103,12505.96,4,4,5,445,Champions
903,Abu Dhabi,0,122,12505.79,5,5,5,555,Champions
4995,Abu Dhabi,3,101,12499.15,5,4,5,545,Champions
3896,Dubai,8,104,12496.67,4,4,5,445,Champions
3803,Dubai,8,105,12495.20,4,5,5,455,Champions
3764,Dubai,4,104,12493.60,5,4,4,544,Champions
3091,Abu Dhabi,0,99,12489.28,5,4,4,544,Champions
3197,Dubai,5,105,12482.60,4,5,4,454,Champions
843,Dubai,0,102,12474.25,5,4,4,544,Champions
3155,Abu Dhabi,3,100,12474.00,5,4,4,544,Champions
1683,Abu Dhabi,6,110,12469.10,4,5,4,454,Champions
1284,Dubai,4,115,12467.67,5,5,4,554,Champions
375,Sharjah,1,101,12464.08,5,4,4,544,Champions
4536,Abu Dhabi,8,101,12456.49,4,4,4,444,Champions
4432,Dubai,6,115,12454.33,4,5,4,454,Champions
2209,Abu Dhabi,0,106,12450.03,5,5,4,554,Champions
2737,Sharjah,0,104,12446.86,5,4,4,544,Champions
1334,Dubai,4,105,12446.44,5,5,4,554,Champions
3623,Abu Dhabi,11,104,12439.62,4,4,4,444,Champions
1292,Dubai,6,102,12437.33,4,4,4,444,Champions
4070,Abu Dhabi,0,101,12432.88,5,4,4,544,Champions
1440,Sharjah,7,106,12429.46,4,5,4,454,Champions
1595,Sharjah,2,111,12428.05,5,5,4,554,Champions
2039,Dubai,6,112,12424.96,4,5,4,454,Champions
2242,Abu Dhabi,8,112,12416.01,4,5,4,454,Champions
39,Abu Dhabi,1,106,12410.72,5,5,4,554,Champions
489,Dubai,8,108,12406.18,4,5,4,454,Champions
4593,Dubai,7,110,12403.39,4,5,4,454,Champions
1847,Dubai,3,103,12387.58,5,4,4,544,Champions
4836,Dubai,3,119,12385.58,5,5,4,554,Champions
2347,Dubai,7,104,12377.13,4,4,4,444,Champions
1712,Abu Dhabi,7,102,12374.28,4,4,4,444,Champions
3854,Dubai,7,116,12373.81,4,5,4,454,Champions
3342,Sharjah,6,103,12366.56,4,4,4,444,Champions
94,Abu Dhabi,7,116,12358.42,4,5,4,454,Champions
3986,Dubai,0,101,12355.91,5,4,4,544,Champions
2989,Sharjah,6,111,12351.34,4,5,4,454,Champions
4865,Dubai,4,101,12349.97,4,4,4,444,Champions
1210,Dubai,2,105,12347.10,5,5,4,554,Champions
3296,Dubai,3,102,12346.92,5,4,4,544,Champions
624,Dubai,9,118,12345.65,4,5,4,454,Champions
3107,Dubai,0,108,12342.38,5,5,4,554,Champions
3392,Abu Dhabi,2,104,12338.84,5,4,4,544,Champions
2038,Dubai,10,102,12338.73,4,4,4,444,Champions
4368,Dubai,9,101,12332.99,4,4,4,444,Champions
1997,Dubai,3,104,12330.97,5,4,4,544,Champions
4851,Abu Dhabi,8,99,12329.10,4,4,4,444,Champions
872,Dubai,0,110,12328.84,5,5,4,554,Champions
4740,Dubai,9,103,12327.26,4,4,4,444,Champions
3400,Abu Dhabi,0,109,12325.20,5,5,4,554,Champions
574,Abu Dhabi,0,101,12323.81,5,4,4,544,Champions
4176,Dubai,5,110,12323.70,4,5,4,454,Champions
2523,Dubai,2,123,12317.41,5,5,4,554,Champions
3961,Sharjah,0,101,12315.22,5,4,4,544,Champions
1766,Abu Dhabi,7,103,12313.95,4,4,4,444,Champions
3148,Dubai,9,99,12311.26,4,4,4,444,Champions
3221,Dubai,4,99,12309.61,5,4,4,544,Champions
3436,Sharjah,9,109,12298.56,4,5,4,454,Champions
279,Dubai,0,109,12279.24,5,5,4,554,Champions
1369,Abu Dhabi,2,106,12277.85,5,5,4,554,Champions
2157,Dubai,5,101,12268.28,4,4,4,444,Champions
2057,Sharjah,5,100,12264.68,4,4,4,444,Champions
4479,Abu Dhabi,7,99,12262.91,4,4,4,444,Champions
984,Dubai,11,100,12251.80,4,4,4,444,Champions
4721,Dubai,3,107,12250.07,5,5,4,554,Champions
3920,Dubai,1,103,12243.22,5,4,4,544,Champions
3774,Dubai,9,99,12241.76,4,4,4,444,Champions
365,Abu Dhabi,9,105,12240.38,4,5,4,454,Champions
648,Abu Dhabi,5,110,12239.42,4,5,4,454,Champions
3038,Dubai,2,112,12238.11,5,5,4,554,Champions
1687,Dubai,5,109,12233.36,4,5,4,454,Champions
1459,Dubai,11,99,12218.67,4,4,4,444,Champions
1664,Abu Dhabi,2,99,12217.59,5,4,4,544,Champions
4677,Dubai,0,103,12215.76,5,4,4,544,Champions
666,Sharjah,5,110,12215.34,4,5,4,454,Champions
3056,Dubai,10,102,12214.12,4,4,4,444,Champions
3461,Dubai,0,100,12213.45,5,4,4,544,Champions
2569,Dubai,2,113,12208.78,5,5,4,554,Champions
677,Dubai,8,106,12203.53,4,5,4,454,Champions
4323,Abu Dhabi,5,103,12194.30,4,4,4,444,Champions
1377,Dubai,6,100,12190.17,4,4,4,444,Champions
4946,Dubai,2,110,12184.19,5,5,4,554,Champions
688,Dubai,2,107,12183.86,5,5,4,554,Champions
1449,Dubai,4,111,12183.78,5,5,4,554,Champions
2061,Dubai,1,100,12181.59,5,4,4,544,Champions
1027,Sharjah,2,114,12175.30,5,5,4,554,Champions
239,Dubai,9,120,12174.78,4,5,4,454,Champions
2838,Sharjah,0,100,12171.84,5,4,4,544,Champions
949,Sharjah,6,111,12170.18,4,5,4,454,Champions
3840,Dubai,3,110,12169.02,5,5,4,554,Champions
1829,Sharjah,6,104,12165.85,4,4,4,444,Champions
3002,Dubai,9,110,12164.80,4,5,4,454,Champions
218,Dubai,0,109,12156.52,5,5,4,554,Champions
1848,Dubai,0,109,12148.31,5,5,4,554,Champions
2677,Dubai,8,101,12114.29,4,4,4,444,Champions
2708,Dubai,3,111,12105.20,5,5,4,554,Champions
1206,Abu Dhabi,9,100,12091.75,4,4,4,444,Champions
3749,Dubai,6,101,12088.66,4,4,4,444,Champions
4412,Dubai,0,117,12078.00,5,5,4,554,Champions
2182,Dubai,7,108,12076.89,4,5,4,454,Champions
1830,Dubai,3,101,12073.54,5,4,4,544,Champions
3421,Abu Dhabi,7,112,12054.66,4,5,4,454,Champions
2018,Dubai,5,109,12051.98,4,5,4,454,Champions
2856,Abu Dhabi,4,108,12051.17,5,5,4,554,Champions
3478,Sharjah,10,104,12049.86,4,4,4,444,Champions
4647,Sharjah,8,115,12046.55,4,5,4,454,Champions
3028,Dubai,0,105,12046.52,5,5,4,554,Champions
3283,Abu Dhabi,1,99,12045.33,5,4,4,544,Champions
381,Abu Dhabi,3,100,12028.55,5,4,4,544,Champions
1398,Sharjah,2,106,12027.92,5,5,4,554,Champions
4431,Abu Dhabi,0,106,12027.70,5,5,4,554,Champions
1353,Dubai,2,100,12017.00,5,4,4,544,Champions
769,Dubai,9,114,12006.49,4,5,4,454,Champions
3110,Dubai,2,106,11986.17,5,5,4,554,Champions
4553,Dubai,1,110,11972.75,5,5,4,554,Champions
1287,Dubai,0,102,11971.15,5,4,4,544,Champions
2081,Sharjah,6,106,11959.14,4,5,4,454,Champions
4876,Dubai,8,109,11956.73,4,5,4,454,Champions
3572,Sharjah,1,101,11953.34,5,4,4,544,Champions
4655,Dubai,3,99,11951.29,5,4,4,544,Champions
3645,Abu Dhabi,6,99,11943.73,4,4,4,444,Champions
4065,Dubai,2,103,11941.96,5,4,4,544,Champions
2086,Dubai,9,102,11938.11,4,4,4,444,Champions
3583,Dubai,5,115,11937.13,4,5,4,454,Champions
2470,Abu Dhabi,10,104,11936.07,4,4,4,444,Champions
4180,Abu Dhabi,6,109,11932.28,4,5,4,454,Champions
3365,Sharjah,4,102,11910.74,5,4,4,544,Champions
3089,Dubai,8,105,11902.14,4,5,4,454,Champions
3266,Sharjah,3,113,11897.36,5,5,4,554,Champions
3324,Dubai,0,104,11893.99,5,4,4,544,Champions
2840,Abu Dhabi,4,103,11888.28,5,4,4,544,Champions
3134,Dubai,2,103,11887.78,5,4,4,544,Champions
463,Sharjah,1,104,11887.26,5,4,4,544,Champions
2212,Sharjah,0,103,11883.99,5,4,4,544,Champions
4122,Sharjah,8,104,11874.30,4,4,4,444,Champions
2839,Dubai,1,109,11868.93,5,5,4,554,Champions
2793,Abu Dhabi,10,101,11868.50,4,4,4,444,Champions
1984,Abu Dhabi,9,107,11864.52,4,5,4,454,Champions
3512,Dubai,1,104,11851.71,5,4,4,544,Champions
481,Abu Dhabi,0,105,11847.03,5,5,4,554,Champions
2416,Dubai,8,107,11842.28,4,5,4,454,Champions
1100,Dubai,1,102,11840.64,5,4,4,544,Champions
3183,Dubai,3,103,11830.85,5,4,4,544,Champions
1031,Abu Dhabi,10,111,11829.57,4,5,4,454,Champions
2880,Dubai,1,104,11823.32,5,4,4,544,Champions
2798,Abu Dhabi,8,108,11820.28,4,5,4,454,Champions
1926,Dubai,6,107,11813.45,4,5,4,454,Champions
3052,Dubai,11,107,11808.62,4,5,4,454,Champions
1560,Abu Dhabi,8,103,11804.46,4,4,4,444,Champions
4100,Dubai,10,111,11802.04,4,5,4,454,Champions
4637,Sharjah,5,103,11800.82,4,4,4,444,Champions
2526,Dubai,3,115,11783.94,5,5,4,554,Champions
1677,Abu Dhabi,5,100,11778.44,4,4,4,444,Champions
1437,Sharjah,2,101,11772.61,5,4,4,544,Champions
105,Dubai,3,106,11763.57,5,5,4,554,Champions
542,Abu Dhabi,8,101,11759.71,4,4,4,444,Champions
1035,Abu Dhabi,9,109,11749.28,4,5,4,454,Champions
63,Dubai,2,102,11748.36,5,4,4,544,Champions
1358,Dubai,4,103,11740.87,5,4,4,544,Champions
3965,Abu Dhabi,4,103,11734.52,5,4,4,544,Champions
4333,Sharjah,5,106,11732.16,4,5,4,454,Champions
639,Dubai,10,105,11720.32,4,5,4,454,Champions
1086,Abu Dhabi,1,107,11715.15,5,5,4,554,Champions
3456,Dubai,2,104,11714.34,5,4,4,544,Champions
3195,Dubai,2,118,11713.75,5,5,4,554,Champions
1711,Dubai,0,111,11706.58,5,5,4,554,Champions
1718,Abu Dhabi,2,104,11705.42,5,4,4,544,Champions
3343,Dubai,5,115,11700.97,4,5,4,454,Champions
4331,Abu Dhabi,5,113,11695.84,4,5,4,454,Champions
3880,Abu Dhabi,1,102,11690.81,5,4,4,544,Champions
1401,Abu Dhabi,1,116,11688.44,5,5,4,554,Champions
728,Abu Dhabi,1,100,11686.99,5,4,4,544,Champions
4651,Sharjah,9,104,11686.76,4,4,4,444,Champions
4490,Sharjah,6,108,11682.14,4,5,4,454,Champions
75,Dubai,0,103,11681.75,5,4,4,544,Champions
2581,Dubai,4,107,11669.36,5,5,4,554,Champions
3238,Sharjah,9,110,11651.56,4,5,4,454,Champions
1981,Dubai,7,107,11641.32,4,5,4,454,Champions
596,Sharjah,5,105,11637.94,4,5,4,454,Champions
1057,Abu Dhabi,9,104,11635.82,4,4,4,444,Champions
2669,Dubai,5,105,11633.28,4,5,4,454,Champions
1480,Dubai,9,100,11625.35,4,4,4,444,Champions
2729,Sharjah,1,104,11620.35,5,4,4,544,Champions
1894,Abu Dhabi,1,103,11619.57,5,4,4,544,Champions
2003,Dubai,5,100,11606.02,4,4,4,444,Champions
2073,Sharjah,11,108,11592.01,4,5,4,454,Champions
4320,Sharjah,10,107,11588.51,4,5,4,454,Champions
961,Abu Dhabi,11,105,11579.90,4,5,4,454,Champions
2846,Abu Dhabi,2,100,11579.56,5,4,4,544,Champions
3588,Dubai,6,112,11570.76,4,5,4,454,Champions
2239,Abu Dhabi,3,113,11569.96,5,5,4,554,Champions
944,Dubai,0,101,11547.15,5,4,4,544,Champions
3633,Abu Dhabi,8,101,11538.70,4,4,4,444,Champions
4618,Dubai,1,101,11536.47,5,4,4,544,Champions
3885,Sharjah,7,107,11527.07,4,5,4,454,Champions
1954,Dubai,7,111,11522.98,4,5,4,454,Champions
2291,Sharjah,1,99,11522.12,5,4,4,544,Champions
4046,Dubai,7,100,11517.92,4,4,4,444,Champions
257,Sharjah,0,105,11517.79,5,5,4,554,Champions
3261,Dubai,5,99,11507.20,4,4,4,444,Champions
170,Abu Dhabi,11,104,11501.92,4,4,4,444,Champions
2921,Sharjah,5,99,11472.88,4,4,4,444,Champions
2959,Sharjah,3,113,11471.90,5,5,4,554,Champions
1114,Dubai,11,106,11470.89,4,5,4,454,Champions
3273,Sharjah,0,107,11460.34,5,5,4,554,Champions
2841,Sharjah,6,107,11445.10,4,5,4,454,Champions
2615,Abu Dhabi,0,105,11445.07,5,5,4,554,Champions
2791,Abu Dhabi,8,100,11444.36,4,4,4,444,Champions
496,Dubai,4,104,11440.27,5,4,4,544,Champions
4016,Dubai,1,99,11438.98,5,4,4,544,Champions
3179,Sharjah,3,100,11436.44,5,4,4,544,Champions
1006,Dubai,3,103,11431.68,5,4,4,544,Champions
3099,Abu Dhabi,7,104,11426.01,4,4,4,444,Champions
1310,Dubai,4,110,11425.54,5,5,4,554,Champions
1702,Sharjah,8,107,11425.35,4,5,4,454,Champions
3832,Abu Dhabi,3,111,11421.92,5,5,4,554,Champions
4789,Abu Dhabi,2,100,11421.20,5,4,4,544,Champions
3531,Dubai,0,102,11408.58,5,4,4,544,Champions
767,Abu Dhabi,3,115,11405.37,5,5,4,554,Champions
4793,Dubai,6,102,11404.84,4,4,4,444,Champions
3604,Sharjah,5,107,11399.49,4,5,4,454,Champions
2639,Abu Dhabi,6,99,11396.27,4,4,4,444,Champions
960,Sharjah,11,101,11387.20,4,4,4,444,Champions
46,Abu Dhabi,5,101,11385.59,4,4,4,444,Champions
807,Dubai,12,84,14460.48,3,1,5,315,Lost
1692,Dubai,2,86,14343.47,5,1,5,515,Lost
3331,Dubai,9,93,14227.88,4,2,5,425,Lost
1143,Dubai,5,93,14066.67,4,2,5,425,Lost
3209,Sharjah,22,92,14063.01,3,2,5,325,Lost
713,Dubai,3,93,14003.15,5,2,5,525,Lost
190,Sharjah,19,94,13945.26,3,2,5,325,Lost
2288,Dubai,5,93,13799.28,4,2,5,425,Lost
1537,Dubai,13,92,13703.70,3,2,5,325,Lost
130,Abu Dhabi,12,93,13662.97,3,2,5,325,Lost
4534,Abu Dhabi,20,92,13632.77,3,2,5,325,Lost
4039,Abu Dhabi,5,91,13578.35,4,2,5,425,Lost
4798,Sharjah,15,89,13532.78,3,2,5,325,Lost
4735,Abu Dhabi,4,93,13517.97,4,2,5,425,Lost
3790,Abu Dhabi,20,91,13497.73,3,2,5,325,Lost
632,Dubai,12,94,13334.38,3,2,5,325,Lost
20,Sharjah,3,93,13282.60,5,2,5,525,Lost
124,Dubai,9,87,13278.14,4,1,5,415,Lost
3515,Sharjah,0,93,13262.31,5,2,5,525,Lost
1493,Dubai,1,90,13169.54,5,2,5,525,Lost
3870,Dubai,6,93,13152.54,4,2,5,425,Lost
38,Abu Dhabi,6,82,13144.13,4,1,5,415,Lost
308,Dubai,12,93,13124.23,3,2,5,325,Lost
1007,Dubai,20,92,13111.80,3,2,5,325,Lost
502,Dubai,2,92,13096.65,5,2,5,525,Lost
3791,Abu Dhabi,16,93,13080.63,3,2,5,325,Lost
2843,Dubai,2,89,13073.28,5,2,5,525,Lost
1564,Abu Dhabi,20,83,13049.69,3,1,5,315,Lost
1641,Abu Dhabi,12,92,13027.84,3,2,5,325,Lost
2199,Abu Dhabi,20,87,13027.45,3,1,5,315,Lost
1496,Dubai,19,93,13021.81,3,2,5,325,Lost
2246,Dubai,14,93,13006.46,3,2,5,325,Lost
1845,Sharjah,22,92,12972.57,3,2,5,325,Lost
2992,Dubai,7,86,12964.06,4,1,5,415,Lost
2860,Sharjah,1,86,12935.61,5,1,5,515,Lost
1969,Dubai,9,89,12926.67,4,2,5,425,Lost
1786,Sharjah,2,90,12840.67,5,2,5,525,Lost
4954,Abu Dhabi,1,91,12763.03,5,2,5,525,Lost
4130,Dubai,7,90,12724.90,4,2,5,425,Lost
3483,Dubai,20,90,12722.11,3,2,5,325,Lost
2938,Sharjah,21,93,12700.83,3,2,5,325,Lost
4421,Dubai,0,91,12694.20,5,2,5,525,Lost
1715,Dubai,10,93,12693.05,4,2,5,425,Lost
4047,Dubai,4,91,12682.25,5,2,5,525,Lost
3673,Abu Dhabi,2,93,12662.67,5,2,5,525,Lost
302,Dubai,9,90,12652.50,4,2,5,425,Lost
4496,Dubai,15,90,12647.51,3,2,5,325,Lost
4760,Sharjah,2,89,12629.88,5,2,5,525,Lost
396,Dubai,0,91,12601.62,5,2,5,525,Lost
1408,Dubai,9,91,12544.76,4,2,5,425,Lost
15,Abu Dhabi,13,85,12527.57,3,1,5,315,Lost
296,Dubai,17,91,12525.23,3,2,5,325,Lost
3216,Sharjah,4,89,12497.31,5,2,5,525,Lost
1490,Dubai,9,89,12496.47,4,2,5,425,Lost
3999,Abu Dhabi,9,93,12480.30,4,2,4,424,Lost
433,Dubai,1,94,12471.41,5,2,4,524,Lost
1465,Dubai,0,92,12468.80,5,2,4,524,Lost
3206,Sharjah,9,85,12466.12,4,1,4,414,Lost
2394,Dubai,8,91,12453.96,4,2,4,424,Lost
219,Sharjah,10,84,12450.82,4,1,4,414,Lost
4529,Abu Dhabi,5,92,12420.02,4,2,4,424,Lost
3806,Sharjah,2,87,12419.73,5,1,4,514,Lost
650,Dubai,18,92,12417.84,3,2,4,324,Lost
1447,Sharjah,1,90,12415.09,5,2,4,524,Lost
4917,Abu Dhabi,17,85,12399.70,3,1,4,314,Lost
2054,Abu Dhabi,21,93,12387.25,3,2,4,324,Lost
4228,Sharjah,1,92,12374.87,5,2,4,524,Lost
1502,Abu Dhabi,0,82,12366.37,5,1,4,514,Lost
4497,Abu Dhabi,3,88,12360.56,5,2,4,524,Lost
4006,Abu Dhabi,5,93,12308.64,4,2,4,424,Lost
4461,Sharjah,0,89,12282.63,5,2,4,524,Lost
1602,Dubai,13,92,12277.40,3,2,4,324,Lost
3611,Abu Dhabi,16,89,12273.73,3,2,4,324,Lost
2508,Dubai,5,90,12272.52,4,2,4,424,Lost
2262,Dubai,0,89,12230.95,5,2,4,524,Lost
12,Sharjah,6,94,12208.38,4,2,4,424,Lost
3090,Dubai,0,92,12207.62,5,2,4,524,Lost
3246,Sharjah,11,89,12206.66,4,2,4,424,Lost
3783,Dubai,1,91,12192.20,5,2,4,524,Lost
4296,Sharjah,13,93,12188.95,3,2,4,324,Lost
3162,Abu Dhabi,12,93,12181.35,3,2,4,324,Lost
68,Sharjah,1,92,12176.96,5,2,4,524,Lost
2903,Sharjah,17,85,12171.46,3,1,4,314,Lost
2688,Abu Dhabi,0,93,12165.82,5,2,4,524,Lost
1536,Abu Dhabi,18,88,12150.86,3,1,4,314,Lost
2603,Dubai,19,93,12108.73,3,2,4,324,Lost
1385,Dubai,9,91,12096.61,4,2,4,424,Lost
2361,Dubai,10,87,12095.42,4,1,4,414,Lost
3772,Sharjah,0,91,12072.88,5,2,4,524,Lost
2621,Dubai,2,92,12055.68,5,2,4,524,Lost
3049,Dubai,19,90,12040.57,3,2,4,324,Lost
4816,Dubai,19,82,12038.87,3,1,4,314,Lost
3395,Dubai,15,90,12034.31,3,2,4,324,Lost
1690,Sharjah,6,93,12021.98,4,2,4,424,Lost
1921,Dubai,5,86,12011.57,4,1,4,414,Lost
1494,Abu Dhabi,2,91,11999.13,5,2,4,524,Lost
4483,Sharjah,0,86,11976.06,5,1,4,514,Lost
731,Dubai,0,90,11958.42,5,2,4,524,Lost
3348,Sharjah,6,81,11949.79,4,1,4,414,Lost
2598,Sharjah,19,92,11948.05,3,2,4,324,Lost
1474,Abu Dhabi,5,89,11946.46,4,2,4,424,Lost
4173,Abu Dhabi,8,87,11937.62,4,1,4,414,Lost
611,Dubai,9,82,11937.36,4,1,4,414,Lost
231,Abu Dhabi,14,87,11937.25,3,1,4,314,Lost
3330,Sharjah,10,89,11937.10,4,2,4,424,Lost
2670,Sharjah,13,93,11914.89,3,2,4,324,Lost
955,Sharjah,8,93,11902.00,4,2,4,424,Lost
1853,Dubai,0,76,11891.53,5,1,4,514,Lost
1534,Dubai,4,90,11883.16,5,2,4,524,Lost
213,Dubai,0,88,11867.66,5,1,4,514,Lost
1230,Dubai,22,86,11847.34,3,1,4,314,Lost
1000,Dubai,4,80,11847.27,5,1,4,514,Lost
1245,Dubai,19,85,11840.76,3,1,4,314,Lost
409,Sharjah,16,91,11835.10,3,2,4,324,Lost
4050,Abu Dhabi,1,90,11831.90,5,2,4,524,Lost
1077,Dubai,17,86,11820.79,3,1,4,314,Lost
1002,Dubai,4,84,11812.62,5,1,4,514,Lost
2306,Dubai,12,91,11807.43,3,2,4,324,Lost
549,Dubai,14,84,11805.44,3,1,4,314,Lost
1703,Sharjah,2,91,11793.05,5,2,4,524,Lost
4146,Sharjah,11,86,11789.25,4,1,4,414,Lost
1594,Abu Dhabi,0,85,11784.26,5,1,4,514,Lost
1405,Abu Dhabi,0,88,11782.76,5,1,4,514,Lost
3988,Dubai,7,87,11776.07,4,1,4,414,Lost
1900,Dubai,22,93,11771.71,3,2,4,324,Lost
2283,Dubai,5,88,11771.30,4,2,4,424,Lost
4085,Abu Dhabi,11,90,11768.78,4,2,4,424,Lost
230,Dubai,3,92,11761.04,5,2,4,524,Lost
4075,Sharjah,16,78,11750.00,3,1,4,314,Lost
2186,Dubai,8,93,11742.95,4,2,4,424,Lost
2731,Sharjah,3,92,11734.74,5,2,4,524,Lost
4102,Abu Dhabi,10,93,11733.81,4,2,4,424,Lost
1402,Dubai,3,88,11733.53,5,1,4,514,Lost
4139,Abu Dhabi,5,87,11732.60,4,1,4,414,Lost
1194,Dubai,19,75,11728.85,3,1,4,314,Lost
2570,Dubai,8,91,11725.26,4,2,4,424,Lost
3664,Sharjah,0,88,11720.93,5,2,4,524,Lost
2557,Sharjah,21,93,11715.37,3,2,4,324,Lost
1478,Dubai,4,84,11714.56,5,1,4,514,Lost
2483,Dubai,1,87,11709.90,5,1,4,514,Lost
2309,Abu Dhabi,3,92,11702.23,5,2,4,524,Lost
3788,Abu Dhabi,6,92,11699.04,4,2,4,424,Lost
4818,Abu Dhabi,0,92,11697.17,5,2,4,524,Lost
723,Dubai,22,87,11694.72,3,1,4,314,Lost
3758,Abu Dhabi,3,90,11691.13,5,2,4,524,Lost
1213,Dubai,2,84,11679.29,5,1,4,514,Lost
3712,Dubai,10,90,11677.49,4,2,4,424,Lost
1264,Sharjah,20,86,11655.92,3,1,4,314,Lost
3471,Dubai,6,89,11655.03,4,2,4,424,Lost
4118,Dubai,0,89,11640.70,5,2,4,524,Lost
4775,Dubai,6,90,11639.55,4,2,4,424,Lost
2180,Abu Dhabi,10,88,11638.22,4,2,4,424,Lost
402,Abu Dhabi,17,94,11624.19,3,2,4,324,Lost
812,Dubai,10,93,11622.47,4,2,4,424,Lost
4174,Abu Dhabi,10,87,11622.03,4,1,4,414,Lost
3553,Abu Dhabi,6,86,11588.14,4,1,4,414,Lost
40,Sharjah,10,94,11573.45,4,2,4,424,Lost
1263,Abu Dhabi,6,86,11565.51,4,1,4,414,Lost
4003,Abu Dhabi,14,91,11561.97,3,2,4,324,Lost
580,Dubai,1,87,11541.29,5,1,4,514,Lost
589,Abu Dhabi,0,87,11536.18,5,1,4,514,Lost
3940,Sharjah,3,82,11523.52,5,1,4,514,Lost
2515,Dubai,5,81,11515.12,4,1,4,414,Lost
3112,Dubai,4,90,11514.89,5,2,4,524,Lost
579,Abu Dhabi,2,91,11503.12,5,2,4,524,Lost
4698,Dubai,13,91,11498.94,3,2,4,324,Lost
2472,Sharjah,9,88,11488.08,4,2,4,424,Lost
289,Sharjah,20,89,11478.85,3,2,4,324,Lost
351,Sharjah,0,94,11472.53,5,2,4,524,Lost
238,Abu Dhabi,2,89,11468.22,5,2,4,524,Lost
123,Abu Dhabi,14,91,11467.27,3,2,4,324,Lost
1410,Dubai,16,79,11462.89,3,1,4,314,Lost
4627,Sharjah,9,84,11453.92,4,1,4,414,Lost
2596,Dubai,19,91,11451.53,3,2,4,324,Lost
2426,Dubai,9,91,11439.40,4,2,4,424,Lost
2345,Sharjah,0,91,11439.03,5,2,4,524,Lost
1260,Abu Dhabi,11,89,11427.80,4,2,4,424,Lost
2513,Dubai,3,91,11427.22,5,2,4,524,Lost
4204,Abu Dhabi,13,92,11426.74,3,2,4,324,Lost
2365,Dubai,3,81,11422.71,5,1,4,514,Lost
1112,Dubai,13,83,11393.78,3,1,4,314,Lost
3003,Dubai,8,90,11359.94,4,2,3,423,Lost
4872,Sharjah,11,85,11359.16,3,1,3,313,Lost
3618,Abu Dhabi,7,89,11355.33,4,2,3,423,Lost
1627,Sharjah,0,84,11347.24,5,1,3,513,Lost
4743,Dubai,5,81,11341.69,4,1,3,413,Lost
3323,Sharjah,16,92,11337.45,3,2,3,323,Lost
959,Sharjah,1,88,11335.18,5,1,3,513,Lost
564,Sharjah,14,91,11332.30,3,2,3,323,Lost
1252,Dubai,17,88,11325.77,3,1,3,313,Lost
1697,Abu Dhabi,0,86,11309.75,5,1,3,513,Lost
174,Dubai,9,90,11308.52,4,2,3,423,Lost
2616,Sharjah,20,90,11307.65,3,2,3,323,Lost
3818,Dubai,10,90,11301.64,4,2,3,423,Lost
4943,Dubai,4,89,11299.58,4,2,3,423,Lost
2297,Abu Dhabi,9,89,11288.58,4,2,3,423,Lost
441,Dubai,0,88,11285.55,5,1,3,513,Lost
2640,Sharjah,0,93,11285.05,5,2,3,523,Lost
2353,Dubai,0,88,11277.63,5,2,3,523,Lost
4210,Dubai,15,86,11274.20,3,1,3,313,Lost
2687,Sharjah,6,89,11273.59,4,2,3,423,Lost
1442,Dubai,13,89,11272.62,3,2,3,323,Lost
4507,Dubai,9,93,11272.27,4,2,3,423,Lost
729,Abu Dhabi,18,93,11264.58,3,2,3,323,Lost
4763,Dubai,8,85,11259.48,4,1,3,413,Lost
1826,Abu Dhabi,8,91,11255.53,4,2,3,423,Lost
3976,Dubai,0,85,11251.20,5,1,3,513,Lost
2227,Abu Dhabi,18,91,11249.21,3,2,3,323,Lost
1083,Dubai,18,88,11249.21,3,1,3,313,Lost
3104,Sharjah,0,88,11238.05,5,2,3,523,Lost
1023,Dubai,2,87,11237.17,5,1,3,513,Lost
3477,Dubai,1,84,11235.42,5,1,3,513,Lost
721,Dubai,10,87,11227.97,4,1,3,413,Lost
520,Abu Dhabi,6,89,11227.60,4,2,3,423,Lost
1828,Abu Dhabi,0,93,11225.98,5,2,3,523,Lost
2092,Sharjah,0,91,11223.53,5,2,3,523,Lost
1122,Sharjah,15,91,11217.21,3,2,3,323,Lost
3908,Dubai,0,91,11195.24,5,2,3,523,Lost
553,Abu Dhabi,14,91,11188.63,3,2,3,323,Lost
4680,Sharjah,14,87,11178.80,3,1,3,313,Lost
3928,Abu Dhabi,9,85,11178.09,4,1,3,413,Lost
3697,Sharjah,3,93,11170.62,5,2,3,523,Lost
1988,Sharjah,22,92,11165.87,3,2,3,323,Lost
2683,Dubai,1,87,11159.62,5,1,3,513,Lost
4033,Dubai,8,88,11143.96,4,2,3,423,Lost
3070,Sharjah,6,86,11138.08,4,1,3,413,Lost
3398,Abu Dhabi,3,83,11136.28,5,1,3,513,Lost
1166,Abu Dhabi,9,93,11135.29,4,2,3,423,Lost
2493,Dubai,18,91,11129.06,3,2,3,323,Lost
2223,Sharjah,10,80,11127.72,4,1,3,413,Lost
578,Dubai,17,86,11119.43,3,1,3,313,Lost
692,Abu Dhabi,19,90,11114.07,3,2,3,323,Lost
1127,Abu Dhabi,7,91,11107.55,4,2,3,423,Lost
4241,Dubai,21,93,11103.20,3,2,3,323,Lost
4365,Sharjah,6,88,11098.97,4,2,3,423,Lost
2935,Dubai,8,89,11092.30,4,2,3,423,Lost
4004,Dubai,4,79,11084.99,5,1,3,513,Lost
646,Sharjah,1,92,11084.10,5,2,3,523,Lost
3176,Dubai,21,80,11077.89,3,1,3,313,Lost
885,Dubai,20,79,11073.76,3,1,3,313,Lost
4151,Abu Dhabi,3,81,11067.00,5,1,3,513,Lost
609,Dubai,2,93,11062.55,5,2,3,523,Lost
3130,Abu Dhabi,1,93,11051.96,5,2,3,523,Lost
220,Dubai,2,80,11043.39,5,1,3,513,Lost
4761,Abu Dhabi,14,91,11035.54,3,2,3,323,Lost
2029,Abu Dhabi,9,80,11028.61,4,1,3,413,Lost
3298,Dubai,1,85,11007.83,5,1,3,513,Lost
4000,Abu Dhabi,2,80,11001.93,5,1,3,513,Lost
4471,Sharjah,4,87,10996.47,4,1,3,413,Lost
4119,Dubai,11,85,10990.32,4,1,3,413,Lost
1565,Abu Dhabi,2,92,10987.41,5,2,3,523,Lost
355,Dubai,6,94,10986.52,4,2,3,423,Lost
4712,Dubai,1,81,10969.73,5,1,3,513,Lost
1708,Abu Dhabi,22,90,10962.53,3,2,3,323,Lost
3740,Dubai,10,85,10958.88,4,1,3,413,Lost
1243,Dubai,22,91,10958.73,3,2,3,323,Lost
2541,Dubai,0,88,10956.94,5,2,3,523,Lost
24,Sharjah,11,90,10954.94,4,2,3,423,Lost
10,Sharjah,4,89,10948.98,5,2,3,523,Lost
1943,Dubai,13,93,10945.55,3,2,3,323,Lost
460,Dubai,6,84,10935.96,4,1,3,413,Lost
3575,Dubai,4,89,10934.85,5,2,3,523,Lost
3405,Dubai,4,86,10932.25,5,1,3,513,Lost
4414,Dubai,17,77,10929.48,3,1,3,313,Lost
291,Sharjah,6,87,10928.61,4,1,3,413,Lost
3665,Sharjah,6,89,10918.03,4,2,3,423,Lost
187,Abu Dhabi,20,82,10915.74,3,1,3,313,Lost
4347,Dubai,5,89,10909.26,4,2,3,423,Lost
2946,Dubai,1,91,10890.45,5,2,3,523,Lost
3433,Abu Dhabi,2,86,10881.83,5,1,3,513,Lost
89,Abu Dhabi,12,88,10878.91,3,1,3,313,Lost
4134,Dubai,2,91,10877.93,5,2,3,523,Lost
3684,Sharjah,19,90,10876.65,3,2,3,323,Lost
3267,Dubai,4,87,10869.69,5,1,3,513,Lost
887,Dubai,5,92,10863.96,4,2,3,423,Lost
2878,Sharjah,3,92,10859.37,5,2,3,523,Lost
2046,Abu Dhabi,17,92,10851.06,3,2,3,323,Lost
4616,Abu Dhabi,0,93,10849.09,5,2,3,523,Lost
627,Dubai,0,91,10848.47,5,2,3,523,Lost
1419,Dubai,15,93,10846.46,3,2,3,323,Lost
895,Abu Dhabi,2,92,10843.28,5,2,3,523,Lost
3408,Abu Dhabi,13,92,10840.45,3,2,3,323,Lost
2476,Abu Dhabi,11,89,10838.68,4,2,3,423,Lost
977,Dubai,22,92,10836.41,3,2,3,323,Lost
4734,Dubai,12,92,10833.45,3,2,3,323,Lost
4278,Abu Dhabi,5,91,10830.44,4,2,3,423,Lost
2981,Abu Dhabi,12,81,10813.31,3,1,3,313,Lost
4607,Abu Dhabi,0,92,10812.51,5,2,3,523,Lost
379,Sharjah,17,85,10809.95,3,1,3,313,Lost
709,Dubai,8,93,10797.17,4,2,3,423,Lost
3689,Abu Dhabi,1,92,10758.11,5,2,3,523,Lost
1336,Sharjah,2,92,10755.81,5,2,3,523,Lost
2060,Abu Dhabi,18,78,10755.28,3,1,3,313,Lost
4885,Dubai,17,91,10745.82,3,2,3,323,Lost
715,Sharjah,5,93,10743.86,4,2,3,423,Lost
4814,Dubai,7,87,10743.63,4,1,3,413,Lost
4927,Dubai,18,84,10740.64,3,1,3,313,Lost
628,Dubai,21,88,10738.59,3,1,3,313,Lost
1590,Dubai,12,87,10732.50,3,1,3,313,Lost
28,Dubai,2,79,10727.19,5,1,3,513,Lost
4133,Sharjah,2,86,10724.19,5,1,3,513,Lost
1834,Dubai,3,86,10718.64,5,1,3,513,Lost
1361,Sharjah,9,92,10715.01,4,2,3,423,Lost
3344,Dubai,15,93,10714.30,3,2,3,323,Lost
4121,Abu Dhabi,15,75,10712.96,3,1,3,313,Lost
2093,Abu Dhabi,4,89,10712.13,5,2,3,523,Lost
4695,Dubai,0,89,10710.60,5,2,3,523,Lost
1120,Dubai,2,87,10705.37,5,1,3,513,Lost
558,Abu Dhabi,19,93,10704.39,3,2,3,323,Lost
1795,Dubai,17,84,10701.01,3,1,3,313,Lost
2627,Sharjah,13,92,10697.05,3,2,3,323,Lost
3085,Dubai,9,88,10695.33,4,2,3,423,Lost
1601,Abu Dhabi,2,93,10692.98,5,2,3,523,Lost
4494,Abu Dhabi,20,84,10685.99,3,1,3,313,Lost
1776,Abu Dhabi,19,92,10676.57,3,2,3,323,Lost
3882,Sharjah,19,91,10675.49,3,2,3,323,Lost
783,Sharjah,16,91,10671.45,3,2,3,323,Lost
1647,Abu Dhabi,14,77,10665.59,3,1,3,313,Lost
1772,Sharjah,3,93,10663.80,5,2,3,523,Lost
159,Sharjah,22,89,10663.22,3,2,3,323,Lost
1726,Dubai,6,89,10657.56,4,2,3,423,Lost
5,Abu Dhabi,15,91,10657.03,3,2,3,323,Lost
3667,Dubai,18,72,10654.61,3,1,3,313,Lost
4426,Abu Dhabi,9,86,10648.21,4,1,3,413,Lost
3630,Abu Dhabi,11,90,10648.13,4,2,3,423,Lost
4325,Abu Dhabi,5,92,10645.64,4,2,3,423,Lost
745,Dubai,6,92,10639.04,4,2,3,423,Lost
572,Dubai,1,85,10633.64,5,1,3,513,Lost
763,Sharjah,8,84,10631.79,4,1,3,413,Lost
582,Sharjah,0,90,10626.18,5,2,3,523,Lost
3658,Abu Dhabi,4,88,10625.60,5,2,3,523,Lost
222,Abu Dhabi,6,85,10624.81,4,1,3,413,Lost
282,Abu Dhabi,1,86,10616.73,5,1,3,513,Lost
4074,Sharjah,5,88,10615.76,4,2,3,423,Lost
538,Dubai,20,80,10614.07,3,1,3,313,Lost
4393,Dubai,8,93,10604.80,4,2,3,423,Lost
3198,Sharjah,11,90,10602.52,4,2,3,423,Lost
3068,Dubai,5,87,10589.82,4,1,3,413,Lost
1645,Dubai,0,83,10588.92,5,1,3,513,Lost
4351,Dubai,19,92,10587.28,3,2,3,323,Lost
2383,Abu Dhabi,6,92,10583.84,4,2,3,423,Lost
1384,Sharjah,4,92,10574.28,5,2,3,523,Lost
1351,Dubai,20,93,10571.80,3,2,3,323,Lost
2739,Abu Dhabi,14,79,10569.62,3,1,3,313,Lost
246,Sharjah,10,83,10558.18,4,1,3,413,Lost
154,Sharjah,8,83,10546.46,4,1,3,413,Lost
3397,Dubai,9,93,10542.78,4,2,3,423,Lost
2474,Dubai,15,90,10534.75,3,2,3,323,Lost
4132,Dubai,4,86,10534.55,4,1,3,413,Lost
4330,Abu Dhabi,5,89,10534.30,4,2,3,423,Lost
3599,Dubai,0,87,10534.07,5,1,3,513,Lost
806,Dubai,17,90,10526.47,3,2,3,323,Lost
1129,Dubai,19,86,10524.78,3,1,3,313,Lost
2743,Dubai,0,93,10524.59,5,2,3,523,Lost
1546,Dubai,3,91,10520.41,5,2,3,523,Lost
4620,Dubai,8,91,10518.87,4,2,3,423,Lost
4559,Dubai,8,91,10508.35,4,2,3,423,Lost
2529,Abu Dhabi,0,93,10506.27,5,2,3,523,Lost
97,Dubai,3,88,10498.61,5,1,3,513,Lost
57,Abu Dhabi,17,76,10498.56,3,1,3,313,Lost
3108,Dubai,8,93,10492.16,4,2,3,423,Lost
112,Abu Dhabi,14,92,10490.34,3,2,3,323,Lost
3625,Sharjah,8,89,10489.20,4,2,3,423,Lost
2547,Dubai,5,91,10487.56,4,2,3,423,Lost
1568,Sharjah,6,85,10485.93,4,1,3,413,Lost
3537,Dubai,12,92,10482.50,3,2,3,323,Lost
2229,Dubai,4,87,10481.71,5,1,3,513,Lost
3805,Sharjah,18,87,10473.66,3,1,3,313,Lost
3027,Dubai,5,81,10462.47,4,1,3,413,Lost
3079,Dubai,17,84,10458.74,3,1,3,313,Lost
403,Dubai,6,87,10456.17,4,1,3,413,Lost
2320,Dubai,14,91,10449.90,3,2,3,323,Lost
398,Abu Dhabi,9,91,10444.61,4,2,3,423,Lost
2955,Sharjah,12,91,10442.33,3,2,3,323,Lost
1554,Sharjah,18,92,10430.79,3,2,3,323,Lost
3877,Dubai,20,90,10417.84,3,2,3,323,Lost
3220,Dubai,6,91,10411.52,4,2,2,422,Lost
2978,Sharjah,8,92,10411.06,4,2,2,422,Lost
4768,Dubai,30,80,10407.84,2,1,2,212,Lost
1513,Dubai,2,90,10406.66,5,2,2,522,Lost
4728,Dubai,43,90,10401.67,1,2,2,122,Lost
4707,Dubai,20,91,10401.56,3,2,2,322,Lost
4326,Abu Dhabi,78,91,10399.79,1,2,2,122,Lost
114,Abu Dhabi,20,89,10398.47,3,2,2,322,Lost
4044,Dubai,19,92,10396.10,3,2,2,322,Lost
1818,Dubai,38,93,10395.76,2,2,2,222,Lost
1070,Dubai,28,88,10393.97,2,1,2,212,Lost
3168,Dubai,20,89,10388.79,3,2,2,322,Lost
2097,Dubai,46,86,10386.24,1,1,2,112,Lost
4342,Dubai,1,93,10385.92,5,2,2,522,Lost
207,Abu Dhabi,8,93,10382.98,4,2,2,422,Lost
2329,Abu Dhabi,1,92,10381.75,5,2,2,522,Lost
4908,Dubai,19,91,10378.66,3,2,2,322,Lost
2433,Dubai,5,87,10377.04,4,1,2,412,Lost
2821,Dubai,27,85,10372.15,2,1,2,212,Lost
1608,Dubai,33,91,10368.75,2,2,2,222,Lost
3481,Sharjah,38,80,10367.55,2,1,2,212,Lost
3954,Dubai,1,91,10365.29,5,2,2,522,Lost
4353,Dubai,9,90,10362.19,4,2,2,422,Lost
1414,Sharjah,9,81,10361.87,4,1,2,412,Lost
3681,Dubai,6,93,10361.56,4,2,2,422,Lost
4475,Dubai,7,89,10358.20,4,2,2,422,Lost
2442,Abu Dhabi,52,90,10356.13,1,2,2,122,Lost
3731,Abu Dhabi,4,88,10354.46,5,2,2,522,Lost
2411,Abu Dhabi,4,88,10353.97,5,2,2,522,Lost
2220,Dubai,30,81,10353.43,2,1,2,212,Lost
2536,Dubai,20,86,10353.24,3,1,2,312,Lost
3641,Dubai,1,92,10350.09,5,2,2,522,Lost
4770,Dubai,29,90,10349.03,2,2,2,222,Lost
3414,Dubai,43,79,10348.12,1,1,2,112,Lost
4451,Dubai,19,86,10347.44,3,1,2,312,Lost
1837,Dubai,14,79,10346.62,3,1,2,312,Lost
1915,Abu Dhabi,51,88,10345.52,1,1,2,112,Lost
2701,Sharjah,2,85,10344.59,5,1,2,512,Lost
3116,Abu Dhabi,18,91,10343.28,3,2,2,322,Lost
1579,Abu Dhabi,6,83,10339.56,4,1,2,412,Lost
1800,Sharjah,11,92,10337.78,4,2,2,422,Lost
4071,Dubai,73,92,10335.01,1,2,2,122,Lost
4804,Dubai,10,92,10334.78,4,2,2,422,Lost
1910,Abu Dhabi,13,91,10333.51,3,2,2,322,Lost
967,Dubai,8,93,10330.84,4,2,2,422,Lost
2488,Dubai,4,89,10328.87,5,2,2,522,Lost
2668,Abu Dhabi,19,88,10327.07,3,2,2,322,Lost
3914,Dubai,20,87,10323.83,3,1,2,312,Lost
485,Abu Dhabi,51,85,10323.57,1,1,2,112,Lost
1673,Dubai,22,92,10323.32,3,2,2,322,Lost
3510,Dubai,10,89,10323.07,4,2,2,422,Lost
4619,Sharjah,5,91,10322.40,4,2,2,422,Lost
1415,Abu Dhabi,84,88,10322.28,1,1,2,112,Lost
2501,Sharjah,3,89,10321.85,5,2,2,522,Lost
4035,Abu Dhabi,16,85,10320.37,3,1,2,312,Lost
1313,Dubai,10,92,10315.39,4,2,2,422,Lost
2525,Dubai,0,87,10313.39,5,1,2,512,Lost
2885,Dubai,54,90,10313.00,1,2,2,122,Lost
4688,Abu Dhabi,18,88,10308.12,3,2,2,322,Lost
138,Abu Dhabi,64,81,10307.34,1,1,2,112,Lost
3366,Abu Dhabi,81,91,10306.53,1,2,2,122,Lost
413,Abu Dhabi,64,76,10306.52,1,1,2,112,Lost
2827,Sharjah,45,92,10305.38,1,2,2,122,Lost
4334,Dubai,73,79,10302.30,1,1,2,112,Lost
670,Dubai,27,89,10301.57,2,2,2,222,Lost
1992,Dubai,19,89,10292.73,3,2,2,322,Lost
2326,Dubai,17,75,10292.61,3,1,2,312,Lost
3434,Dubai,1,83,10292.59,5,1,2,512,Lost
4261,Abu Dhabi,20,85,10285.51,3,1,2,312,Lost
387,Abu Dhabi,42,81,10285.15,1,1,2,112,Lost
2296,Dubai,59,87,10281.80,1,1,2,112,Lost
2671,Dubai,23,92,10278.69,2,2,2,222,Lost
3180,Sharjah,19,92,10274.86,3,2,2,322,Lost
4905,Dubai,51,87,10274.74,1,1,2,112,Lost
2286,Dubai,31,91,10269.73,2,2,2,222,Lost
1466,Abu Dhabi,0,91,10268.26,5,2,2,522,Lost
4077,Abu Dhabi,22,89,10267.00,2,2,2,222,Lost
3945,Dubai,5,92,10266.62,4,2,2,422,Lost
4026,Sharjah,0,86,10266.31,5,1,2,512,Lost
2108,Abu Dhabi,5,89,10262.72,4,2,2,422,Lost
2866,Dubai,4,77,10262.48,5,1,2,512,Lost
2357,Sharjah,15,90,10259.98,3,2,2,322,Lost
165,Dubai,57,90,10255.43,1,2,2,122,Lost
2457,Sharjah,2,90,10253.00,5,2,2,522,Lost
930,Sharjah,2,86,10251.87,5,1,2,512,Lost
1580,Dubai,2,90,10251.06,5,2,2,522,Lost
1741,Dubai,1,93,10249.97,5,2,2,522,Lost
2883,Abu Dhabi,80,89,10249.69,1,2,2,122,Lost
3813,Abu Dhabi,1,92,10249.46,5,2,2,522,Lost
3034,Dubai,8,88,10246.21,4,2,2,422,Lost
418,Dubai,0,82,10241.43,5,1,2,512,Lost
19,Sharjah,0,66,10240.60,5,1,2,512,Lost
4237,Sharjah,7,91,10240.58,4,2,2,422,Lost
4183,Abu Dhabi,7,84,10237.82,4,1,2,412,Lost
833,Dubai,14,87,10237.58,3,1,2,312,Lost
1509,Dubai,47,85,10236.79,1,1,2,112,Lost
122,Abu Dhabi,6,83,10236.50,4,1,2,412,Lost
101,Abu Dhabi,0,88,10233.87,5,1,2,512,Lost
2634,Sharjah,14,91,10233.34,3,2,2,322,Lost
882,Dubai,37,92,10229.80,2,2,2,222,Lost
1492,Dubai,8,80,10228.66,4,1,2,412,Lost
1923,Dubai,3,93,10227.81,5,2,2,522,Lost
2537,Dubai,6,91,10224.69,4,2,2,422,Lost
251,Dubai,16,91,10224.37,3,2,2,322,Lost
1110,Sharjah,72,83,10222.09,1,1,2,112,Lost
292,Dubai,10,93,10219.52,4,2,2,422,Lost
465,Dubai,75,93,10219.28,1,2,2,122,Lost
3944,Abu Dhabi,13,85,10217.50,3,1,2,312,Lost
3971,Dubai,19,79,10212.75,3,1,2,312,Lost
4787,Dubai,25,86,10211.58,2,1,2,212,Lost
4219,Abu Dhabi,5,92,10209.70,4,2,2,422,Lost
3881,Dubai,42,85,10209.15,1,1,2,112,Lost
3132,Dubai,24,92,10208.81,2,2,2,222,Lost
3150,Abu Dhabi,31,79,10203.09,2,1,2,212,Lost
2085,Dubai,25,81,10200.04,2,1,2,212,Lost
2343,Dubai,10,93,10199.08,4,2,2,422,Lost
2237,Sharjah,34,90,10198.47,2,2,2,222,Lost
4439,Dubai,10,87,10197.92,4,1,2,412,Lost
2666,Dubai,63,86,10197.49,1,1,2,112,Lost
3279,Dubai,9,82,10196.87,4,1,2,412,Lost
2991,Dubai,6,87,10195.17,4,1,2,412,Lost
4984,Dubai,31,86,10195.09,2,1,2,212,Lost
2392,Dubai,20,92,10193.25,3,2,2,322,Lost
1113,Dubai,32,91,10188.06,2,2,2,222,Lost
1514,Sharjah,24,83,10184.60,2,1,2,212,Lost
2929,Abu Dhabi,62,88,10182.87,1,2,2,122,Lost
37,Dubai,3,89,10177.47,5,2,2,522,Lost
3787,Sharjah,43,92,10174.98,1,2,2,122,Lost
3284,Abu Dhabi,9,85,10173.49,4,1,2,412,Lost
2214,Sharjah,20,85,10173.12,3,1,2,312,Lost
2814,Dubai,0,93,10168.99,5,2,2,522,Lost
3876,Dubai,53,93,10164.58,1,2,2,122,Lost
2210,Sharjah,23,77,10157.78,2,1,2,212,Lost
1873,Abu Dhabi,0,90,10153.72,5,2,2,522,Lost
975,Dubai,15,93,10153.11,3,2,2,322,Lost
2146,Dubai,69,87,10150.14,1,1,2,112,Lost
4276,Abu Dhabi,24,86,10148.93,2,1,2,212,Lost
4127,Abu Dhabi,23,76,10148.60,2,1,2,212,Lost
3654,Abu Dhabi,1,89,10146.40,5,2,2,522,Lost
1668,Abu Dhabi,1,92,10142.96,5,2,2,522,Lost
1227,Dubai,29,82,10140.20,2,1,2,212,Lost
183,Abu Dhabi,5,79,10139.92,4,1,2,412,Lost
732,Abu Dhabi,3,87,10137.36,5,1,2,512,Lost
4899,Dubai,4,89,10136.45,4,2,2,422,Lost
4921,Dubai,24,86,10136.28,2,1,2,212,Lost
327,Dubai,34,84,10135.92,2,1,2,212,Lost
90,Dubai,15,93,10132.51,3,2,2,322,Lost
2503,Dubai,2,86,10128.53,5,1,2,512,Lost
3728,Dubai,22,90,10128.43,2,2,2,222,Lost
3632,Dubai,26,86,10125.70,2,1,2,212,Lost
184,Dubai,42,92,10125.69,1,2,2,122,Lost
2641,Abu Dhabi,17,87,10120.74,3,1,2,312,Lost
3304,Abu Dhabi,62,90,10120.56,1,2,2,122,Lost
385,Dubai,20,87,10119.76,3,1,2,312,Lost
407,Sharjah,6,89,10118.91,4,2,2,422,Lost
4101,Dubai,23,87,10117.36,2,1,2,212,Lost
613,Dubai,6,93,10116.68,4,2,2,422,Lost
4795,Abu Dhabi,29,82,10116.42,2,1,2,212,Lost
311,Sharjah,14,90,10114.62,3,2,2,322,Lost
2098,Dubai,11,93,10114.54,4,2,2,422,Lost
1325,Dubai,6,87,10114.19,4,1,2,412,Lost
3851,Dubai,76,88,10112.70,1,2,2,122,Lost
4856,Abu Dhabi,23,86,10108.40,2,1,2,212,Lost
2770,Dubai,27,90,10108.38,2,2,2,222,Lost
1396,Sharjah,30,86,10106.01,2,1,2,212,Lost
2234,Dubai,0,79,10105.32,5,1,2,512,Lost
2704,Dubai,9,86,10101.64,4,1,2,412,Lost
2373,Sharjah,10,83,10100.49,4,1,2,412,Lost
4128,Abu Dhabi,13,90,10096.33,3,2,2,322,Lost
1034,Dubai,38,88,10096.08,2,1,2,212,Lost
1335,Abu Dhabi,84,92,10094.93,1,2,2,122,Lost
2263,Dubai,10,86,10090.04,4,1,2,412,Lost
2507,Dubai,14,88,10089.53,3,2,2,322,Lost
343,Sharjah,14,82,10087.87,3,1,2,312,Lost
3040,Abu Dhabi,30,74,10085.51,2,1,2,212,Lost
2259,Dubai,54,90,10085.30,1,2,2,122,Lost
2241,Dubai,69,92,10085.08,1,2,2,122,Lost
4379,Dubai,8,93,10084.72,4,2,2,422,Lost
750,Dubai,12,91,10084.50,3,2,2,322,Lost
2094,Dubai,66,89,10082.86,1,2,2,122,Lost
1304,Dubai,8,83,10081.17,4,1,2,412,Lost
696,Abu Dhabi,18,84,10081.17,3,1,2,312,Lost
2167,Abu Dhabi,16,84,10080.95,3,1,2,312,Lost
4635,Dubai,16,93,10077.47,3,2,2,322,Lost
2202,Abu Dhabi,47,88,10076.94,1,2,2,122,Lost
830,Dubai,8,86,10076.57,4,1,2,412,Lost
2151,Sharjah,6,84,10074.16,4,1,2,412,Lost
2994,Dubai,54,93,10070.66,1,2,2,122,Lost
2867,Dubai,15,92,10070.62,3,2,2,322,Lost
594,Abu Dhabi,54,87,10063.82,1,1,2,112,Lost
3949,Dubai,46,93,10063.42,1,2,2,122,Lost
1299,Dubai,23,90,10061.47,2,2,2,222,Lost
1109,Dubai,10,93,10060.81,4,2,2,422,Lost
420,Dubai,31,82,10059.00,2,1,2,212,Lost
1340,Dubai,14,84,10057.32,3,1,2,312,Lost
4878,Abu Dhabi,11,81,10056.87,3,1,2,312,Lost
3058,Abu Dhabi,6,90,10055.85,4,2,2,422,Lost
2333,Dubai,31,79,10055.22,2,1,2,212,Lost
2661,Dubai,57,92,10054.53,1,2,2,122,Lost
1448,Dubai,21,89,10053.27,3,2,2,322,Lost
491,Dubai,117,92,10052.74,1,2,2,122,Lost
3233,Dubai,10,91,10051.01,4,2,2,422,Lost
1330,Abu Dhabi,0,93,10050.79,5,2,2,522,Lost
188,Abu Dhabi,7,90,10048.10,4,2,2,422,Lost
737,Dubai,49,92,10046.73,1,2,2,122,Lost
2617,Dubai,78,87,10045.25,1,1,2,112,Lost
76,Sharjah,2,91,10039.19,5,2,2,522,Lost
1422,Abu Dhabi,89,81,10036.64,1,1,2,112,Lost
2307,Abu Dhabi,17,79,10036.28,3,1,2,312,Lost
4554,Sharjah,6,90,10035.98,4,2,2,422,Lost
312,Dubai,16,94,10035.37,3,2,2,322,Lost
59,Sharjah,23,86,10032.99,2,1,2,212,Lost
3316,Dubai,27,91,10032.90,2,2,2,222,Lost
1676,Dubai,64,86,10032.31,1,1,2,112,Lost
2367,Dubai,6,92,10032.30,4,2,2,422,Lost
4817,Abu Dhabi,24,90,10029.95,2,2,2,222,Lost
2132,Abu Dhabi,11,83,10029.46,4,1,2,412,Lost
3006,Dubai,18,87,10028.51,3,1,2,312,Lost
1307,Dubai,27,79,10026.34,2,1,2,212,Lost
3333,Dubai,3,82,10021.02,5,1,2,512,Lost
4284,Sharjah,94,85,10020.74,1,1,2,112,Lost
720,Dubai,57,92,10020.64,1,2,2,122,Lost
4072,Abu Dhabi,6,89,10017.06,4,2,2,422,Lost
4357,Abu Dhabi,85,91,10017.01,1,2,2,122,Lost
197,Dubai,90,93,10017.00,1,2,2,122,Lost
4031,Dubai,3,84,10016.34,5,1,2,512,Lost
3737,Dubai,12,85,10015.36,3,1,2,312,Lost
3660,Sharjah,0,83,9997.85,5,1,2,512,Lost
2172,Dubai,63,91,9993.49,1,2,2,122,Lost
3223,Dubai,4,93,9992.43,5,2,2,522,Lost
3685,Abu Dhabi,21,86,9989.46,3,1,2,312,Lost
4941,Dubai,0,90,9983.66,5,2,2,522,Lost
3828,Dubai,6,88,9982.09,4,2,2,422,Lost
1280,Dubai,20,92,9981.89,3,2,2,322,Lost
683,Abu Dhabi,33,87,9981.47,2,1,2,212,Lost
4759,Sharjah,62,86,9980.59,1,1,2,112,Lost
813,Dubai,0,89,9979.78,5,2,2,522,Lost
361,Dubai,23,88,9977.92,2,1,2,212,Lost
4625,Dubai,19,81,9976.82,3,1,2,312,Lost
3152,Dubai,14,92,9976.61,3,2,2,322,Lost
1136,Dubai,40,91,9971.88,1,2,2,122,Lost
3761,Abu Dhabi,2,90,9971.85,5,2,2,522,Lost
3136,Dubai,24,86,9965.46,2,1,2,212,Lost
3474,Dubai,12,86,9963.95,3,1,2,312,Lost
4832,Abu Dhabi,8,90,9961.83,4,2,2,422,Lost
3581,Sharjah,17,84,9960.73,3,1,2,312,Lost
513,Dubai,73,90,9958.57,1,2,2,122,Lost
3850,Abu Dhabi,11,93,9956.97,4,2,2,422,Lost
3994,Sharjah,15,84,9956.05,3,1,2,312,Lost
790,Sharjah,32,86,9950.69,2,1,2,212,Lost
4709,Dubai,47,83,9946.38,1,1,2,112,Lost
2901,Abu Dhabi,3,88,9944.85,5,2,2,522,Lost
814,Dubai,32,92,9941.60,2,2,2,222,Lost
3394,Dubai,2,81,9939.81,5,1,2,512,Lost
391,Dubai,66,94,9937.51,1,2,2,122,Lost
3612,Abu Dhabi,9,89,9934.08,4,2,2,422,Lost
3222,Dubai,5,90,9933.47,4,2,2,422,Lost
1956,Sharjah,56,93,9933.47,1,2,2,122,Lost
3207,Abu Dhabi,6,93,9933.31,4,2,2,422,Lost
1778,Dubai,22,91,9933.23,3,2,2,322,Lost
4069,Dubai,19,81,9933.22,3,1,2,312,Lost
923,Dubai,9,78,9932.46,4,1,2,412,Lost
35,Dubai,20,88,9921.62,3,1,2,312,Lost
4349,Abu Dhabi,26,88,9920.14,2,2,2,222,Lost
1376,Dubai,17,91,9919.65,3,2,2,322,Lost
4823,Dubai,6,90,9918.03,4,2,2,422,Lost
1080,Sharjah,15,87,9917.12,3,1,2,312,Lost
3690,Dubai,47,92,9915.22,1,2,2,122,Lost
1323,Dubai,20,83,9906.32,3,1,2,312,Lost
2881,Abu Dhabi,39,93,9905.93,1,2,2,122,Lost
2933,Sharjah,3,85,9905.66,5,1,2,512,Lost
2019,Sharjah,50,80,9905.54,1,1,2,112,Lost
3372,Abu Dhabi,20,77,9900.90,3,1,2,312,Lost
2719,Dubai,25,93,9898.39,2,2,2,222,Lost
2811,Dubai,19,85,9898.37,3,1,2,312,Lost
3018,Abu Dhabi,10,91,9893.97,4,2,2,422,Lost
3154,Dubai,47,80,9893.83,1,1,2,112,Lost
4260,Sharjah,58,93,9892.28,1,2,2,122,Lost
1424,Dubai,6,93,9891.11,4,2,2,422,Lost
3539,Abu Dhabi,82,87,9888.32,1,1,2,112,Lost
4985,Abu Dhabi,144,87,9888.20,1,1,2,112,Lost
1839,Dubai,66,92,9884.59,1,2,2,122,Lost
2191,Dubai,18,87,9882.41,3,1,2,312,Lost
3694,Dubai,61,79,9880.62,1,1,2,112,Lost
2051,Dubai,20,87,9876.28,3,1,2,312,Lost
2083,Sharjah,2,81,9875.12,5,1,2,512,Lost
842,Abu Dhabi,35,85,9873.96,2,1,2,212,Lost
3634,Dubai,1,89,9871.31,5,2,2,522,Lost
4519,Dubai,44,87,9870.95,1,1,2,112,Lost
904,Dubai,0,88,9870.69,5,1,2,512,Lost
2078,Abu Dhabi,82,87,9870.01,1,1,2,112,Lost
4520,Dubai,2,93,9867.92,5,2,2,522,Lost
1188,Dubai,34,88,9866.72,2,1,2,212,Lost
3468,Dubai,75,81,9865.44,1,1,2,112,Lost
4747,Sharjah,76,91,9865.37,1,2,2,122,Lost
435,Dubai,8,93,9865.21,4,2,2,422,Lost
428,Abu Dhabi,9,88,9864.12,4,1,2,412,Lost
2705,Sharjah,1,85,9863.97,5,1,2,512,Lost
3005,Dubai,32,87,9863.68,2,1,2,212,Lost
2948,Dubai,5,91,9861.38,4,2,2,422,Lost
360,Dubai,0,93,9861.03,5,2,2,522,Lost
1005,Abu Dhabi,16,93,9856.88,3,2,2,322,Lost
2548,Sharjah,0,81,9855.56,5,1,2,512,Lost
4281,Dubai,8,93,9855.07,4,2,2,422,Lost
204,Sharjah,6,84,9854.83,4,1,2,412,Lost
958,Abu Dhabi,0,90,9852.88,5,2,2,522,Lost
3543,Sharjah,87,90,9851.54,1,2,2,122,Lost
2941,Abu Dhabi,57,83,9850.46,1,1,2,112,Lost
378,Dubai,16,87,9850.11,3,1,2,312,Lost
4090,Dubai,21,87,9848.71,3,1,2,312,Lost
113,Dubai,5,79,9846.74,4,1,2,412,Lost
93,Dubai,4,90,9841.44,5,2,2,522,Lost
3872,Dubai,4,92,9837.74,5,2,2,522,Lost
4755,Dubai,43,81,9834.24,1,1,2,112,Lost
3509,Dubai,23,93,9832.92,2,2,2,222,Lost
3589,Abu Dhabi,25,92,9830.15,2,2,2,222,Lost
349,Dubai,8,94,9825.70,4,2,2,422,Lost
2915,Sharjah,33,81,9824.62,2,1,2,212,Lost
4592,Dubai,1,91,9824.24,5,2,2,522,Lost
3785,Sharjah,20,85,9822.65,3,1,2,312,Lost
537,Sharjah,14,88,9822.45,3,1,2,312,Lost
2404,Dubai,3,91,9816.39,5,2,2,522,Lost
4561,Sharjah,15,87,9810.34,3,1,2,312,Lost
718,Dubai,31,86,9809.60,2,1,2,212,Lost
1159,Abu Dhabi,26,90,9809.53,2,2,2,222,Lost
3167,Abu Dhabi,3,89,9808.53,5,2,2,522,Lost
1552,Abu Dhabi,8,76,9806.69,4,1,2,412,Lost
3268,Sharjah,108,93,9800.63,1,2,2,122,Lost
797,Sharjah,11,91,9799.85,4,2,2,422,Lost
4670,Sharjah,23,86,9798.03,2,1,2,212,Lost
1669,Dubai,0,91,9797.18,5,2,2,522,Lost
3109,Abu Dhabi,11,91,9796.26,4,2,2,422,Lost
1124,Abu Dhabi,41,87,9793.79,1,1,2,112,Lost
264,Dubai,8,91,9793.12,4,2,2,422,Lost
4186,Dubai,52,83,9792.84,1,1,2,112,Lost
4682,Abu Dhabi,113,86,9791.26,1,1,2,112,Lost
2818,Dubai,20,81,9790.28,3,1,2,312,Lost
2087,Dubai,0,84,9788.69,5,1,2,512,Lost
2004,Dubai,47,88,9783.58,1,1,2,112,Lost
4059,Dubai,126,90,9783.01,1,2,2,122,Lost
2723,Dubai,15,92,9782.22,3,2,2,322,Lost
2969,Abu Dhabi,67,66,9781.68,1,1,2,112,Lost
3076,Dubai,2,88,9781.58,5,2,2,522,Lost
4846,Sharjah,62,86,9779.83,1,1,2,112,Lost
100,Dubai,8,83,9774.32,4,1,2,412,Lost
1470,Dubai,1,91,9774.00,5,2,2,522,Lost
581,Abu Dhabi,1,90,9773.45,5,2,2,522,Lost
3212,Sharjah,1,87,9771.47,5,1,2,512,Lost
3274,Dubai,37,78,9770.76,2,1,2,212,Lost
1203,Dubai,21,86,9769.93,3,1,2,312,Lost
891,Dubai,25,85,9769.22,2,1,2,212,Lost
4131,Abu Dhabi,11,92,9768.76,4,2,2,422,Lost
671,Abu Dhabi,38,87,9767.61,2,1,2,212,Lost
976,Dubai,43,89,9767.33,1,2,2,122,Lost
4253,Abu Dhabi,0,86,9765.51,5,1,2,512,Lost
2112,Sharjah,53,93,9765.00,1,2,2,122,Lost
4135,Dubai,1,92,9763.84,5,2,2,522,Lost
2415,Dubai,13,89,9761.49,3,2,2,322,Lost
603,Dubai,42,92,9761.38,1,2,2,122,Lost
2916,Dubai,14,89,9760.20,3,2,2,322,Lost
1216,Abu Dhabi,27,85,9757.07,2,1,2,212,Lost
3059,Dubai,52,85,9756.72,1,1,2,112,Lost
3360,Dubai,30,90,9756.00,2,2,2,222,Lost
1582,Abu Dhabi,34,88,9755.42,2,1,2,212,Lost
948,Sharjah,61,86,9752.21,1,1,2,112,Lost
4007,Abu Dhabi,3,88,9751.08,5,2,2,522,Lost
4115,Abu Dhabi,24,92,9750.38,2,2,2,222,Lost
1861,Sharjah,119,92,9747.30,1,2,2,122,Lost
232,Sharjah,16,91,9746.07,3,2,2,322,Lost
2760,Abu Dhabi,9,91,9745.97,4,2,2,422,Lost
4470,Abu Dhabi,12,82,9744.14,3,1,2,312,Lost
2789,Dubai,17,84,9741.77,3,1,2,312,Lost
1469,Dubai,43,93,9741.38,1,2,2,122,Lost
1541,Abu Dhabi,8,83,9740.89,4,1,2,412,Lost
4746,Abu Dhabi,46,89,9739.43,1,2,2,122,Lost
1354,Dubai,0,90,9738.95,5,2,2,522,Lost
4958,Dubai,0,91,9738.47,5,2,2,522,Lost
281,Dubai,2,94,9738.23,5,2,2,522,Lost
208,Abu Dhabi,87,93,9738.21,1,2,2,122,Lost
4045,Abu Dhabi,19,91,9735.15,3,2,2,322,Lost
2528,Sharjah,4,87,9734.43,5,1,2,512,Lost
1443,Dubai,36,91,9730.10,2,2,2,222,Lost
1075,Dubai,13,84,9727.43,3,1,2,312,Lost
1803,Abu Dhabi,3,93,9726.76,5,2,2,522,Lost
4926,Sharjah,0,87,9724.53,5,1,2,512,Lost
3338,Dubai,3,81,9723.38,5,1,2,512,Lost
4866,Sharjah,27,86,9722.56,2,1,2,212,Lost
2298,Dubai,18,91,9713.94,3,2,2,322,Lost
4091,Sharjah,4,85,9712.08,5,1,2,512,Lost
3270,Dubai,36,89,9711.18,2,2,2,222,Lost
1908,Sharjah,5,89,9709.88,4,2,2,422,Lost
148,Abu Dhabi,8,94,9706.12,4,2,2,422,Lost
3610,Sharjah,3,87,9701.21,5,1,2,512,Lost
2589,Dubai,67,81,9696.43,1,1,2,112,Lost
4225,Sharjah,5,92,9693.85,4,2,2,422,Lost
4555,Dubai,4,84,9686.83,4,1,2,412,Lost
2835,Dubai,0,91,9685.52,5,2,2,522,Lost
2726,Abu Dhabi,71,88,9684.35,1,2,2,122,Lost
1523,Dubai,36,89,9683.10,2,2,2,222,Lost
4617,Dubai,22,88,9679.59,2,2,2,222,Lost
2101,Dubai,14,86,9676.12,3,1,2,312,Lost
1946,Abu Dhabi,41,86,9675.53,1,1,2,112,Lost
3149,Abu Dhabi,53,87,9674.88,1,1,2,112,Lost
304,Dubai,30,87,9674.15,2,1,2,212,Lost
149,Dubai,34,91,9670.23,2,2,2,222,Lost
2565,Dubai,11,88,9670.15,4,2,2,422,Lost
4852,Abu Dhabi,5,83,9668.54,4,1,2,412,Lost
111,Abu Dhabi,18,89,9662.05,3,2,2,322,Lost
602,Dubai,9,92,9661.31,4,2,2,422,Lost
4216,Abu Dhabi,69,87,9659.35,1,1,2,112,Lost
4061,Dubai,25,78,9655.02,2,1,2,212,Lost
1456,Abu Dhabi,96,87,9652.96,1,1,2,112,Lost
2943,Dubai,5,86,9650.59,4,1,2,412,Lost
3311,Dubai,48,83,9650.45,1,1,2,112,Lost
2689,Abu Dhabi,5,83,9649.95,4,1,2,412,Lost
1016,Dubai,6,88,9646.00,4,1,2,412,Lost
126,Dubai,78,92,9644.97,1,2,2,122,Lost
898,Dubai,24,93,9643.66,2,2,2,222,Lost
3993,Abu Dhabi,8,89,9643.53,4,2,2,422,Lost
755,Abu Dhabi,18,91,9643.17,3,2,2,322,Lost
4531,Abu Dhabi,70,80,9643.12,1,1,2,112,Lost
1378,Dubai,48,93,9641.91,1,2,2,122,Lost
3824,Abu Dhabi,31,79,9641.02,2,1,2,212,Lost
2785,Sharjah,56,86,9639.44,1,1,2,112,Lost
3763,Abu Dhabi,11,91,9638.74,4,2,2,422,Lost
3933,Dubai,8,92,9635.28,4,2,2,422,Lost
1337,Sharjah,0,89,9633.87,5,2,2,522,Lost
4718,Sharjah,6,86,9630.17,4,1,2,412,Lost
163,Abu Dhabi,44,91,9629.21,1,2,2,122,Lost
2936,Sharjah,1,91,9628.11,5,2,2,522,Lost
1454,Dubai,1,82,9625.09,5,1,2,512,Lost
1331,Abu Dhabi,64,90,9622.58,1,2,2,122,Lost
1649,Dubai,20,87,9617.23,3,1,2,312,Lost
591,Dubai,2,87,9614.03,5,1,2,512,Lost
3528,Dubai,0,79,9612.86,5,1,2,512,Lost
1445,Sharjah,2,91,9611.45,5,2,2,522,Lost
708,Dubai,1,86,9611.00,5,1,2,512,Lost
905,Dubai,2,88,9610.55,5,1,2,512,Lost
746,Dubai,14,87,9609.87,3,1,2,312,Lost
560,Abu Dhabi,2,89,9609.41,5,2,2,522,Lost
4291,Abu Dhabi,0,84,9609.18,5,1,2,512,Lost
4503,Dubai,0,93,9609.08,5,2,2,522,Lost
4469,Sharjah,10,91,9603.91,4,2,2,422,Lost
3380,Sharjah,52,93,9602.58,1,2,2,122,Lost
4232,Dubai,3,81,9599.96,5,1,2,512,Lost
4001,Dubai,10,81,9598.71,4,1,2,412,Lost
1897,Dubai,19,93,9596.27,3,2,2,322,Lost
3417,Abu Dhabi,20,92,9593.55,3,2,2,322,Lost
4169,Dubai,13,85,9590.63,3,1,2,312,Lost
794,Abu Dhabi,32,89,9589.02,2,2,2,222,Lost
1123,Abu Dhabi,8,93,9588.87,4,2,2,422,Lost
3133,Abu Dhabi,98,89,9581.77,1,2,2,122,Lost
943,Dubai,17,85,9580.95,3,1,2,312,Lost
877,Dubai,6,86,9570.40,4,1,2,412,Lost
780,Dubai,7,75,9570.03,4,1,2,412,Lost
605,Dubai,9,85,9561.69,4,1,2,412,Lost
3907,Dubai,6,89,9550.45,4,2,2,422,Lost
4642,Dubai,17,79,9546.81,3,1,2,312,Lost
4155,Abu Dhabi,33,92,9546.60,2,2,2,222,Lost
376,Dubai,14,79,9539.60,3,1,2,312,Lost
945,Dubai,4,88,9537.92,5,1,2,512,Lost
1137,Dubai,1,93,9533.38,5,2,2,522,Lost
2075,Dubai,53,88,9533.21,1,1,2,112,Lost
518,Dubai,37,93,9532.81,2,2,2,222,Lost
557,Sharjah,27,81,9530.30,2,1,2,212,Lost
1013,Dubai,15,91,9527.57,3,2,2,322,Lost
1155,Dubai,32,86,9524.71,2,1,2,212,Lost
3915,Dubai,7,78,9519.31,4,1,2,412,Lost
1972,Abu Dhabi,16,87,9514.96,3,1,2,312,Lost
2997,Dubai,1,86,9513.27,5,1,2,512,Lost
1065,Sharjah,7,91,9512.20,4,2,2,422,Lost
2681,Dubai,56,85,9512.03,1,1,2,112,Lost
1617,Dubai,16,93,9510.27,3,2,2,322,Lost
3998,Dubai,33,88,9509.54,2,2,2,222,Lost
3886,Dubai,22,89,9507.24,2,2,2,222,Lost
1823,Dubai,24,81,9505.07,2,1,2,212,Lost
2767,Dubai,18,86,9503.60,3,1,2,312,Lost
3067,Abu Dhabi,5,80,9496.05,4,1,2,412,Lost
2377,Dubai,1,78,9495.01,5,1,2,512,Lost
3031,Abu Dhabi,3,90,9492.99,5,2,2,522,Lost
473,Dubai,21,93,9492.76,3,2,2,322,Lost
1446,Abu Dhabi,51,90,9491.87,1,2,2,122,Lost
3800,Sharjah,12,75,9491.22,3,1,2,312,Lost
1605,Dubai,6,88,9488.71,4,1,2,412,Lost
1662,Dubai,32,74,9487.79,2,1,2,212,Lost
3638,Abu Dhabi,6,89,9486.10,4,2,2,422,Lost
4161,Dubai,16,75,9485.77,3,1,2,312,Lost
1392,Dubai,2,83,9481.30,5,1,2,512,Lost
1709,Dubai,7,86,9478.93,4,1,2,412,Lost
2605,Dubai,8,87,9478.25,4,1,2,412,Lost
1237,Dubai,8,93,9470.71,4,2,2,422,Lost
864,Abu Dhabi,48,85,9470.61,1,1,2,112,Lost
1953,Sharjah,9,88,9470.26,4,1,2,412,Lost
1725,Abu Dhabi,27,88,9469.80,2,1,2,212,Lost
583,Abu Dhabi,9,83,9468.43,4,1,2,412,Lost
774,Dubai,0,79,9462.67,5,1,2,512,Lost
4884,Dubai,66,91,9461.60,1,2,2,122,Lost
4686,Dubai,6,84,9461.02,4,1,2,412,Lost
3097,Dubai,10,85,9457.39,4,1,2,412,Lost
1870,Abu Dhabi,2,93,9455.77,5,2,2,522,Lost
1770,Abu Dhabi,54,90,9446.32,1,2,2,122,Lost
2207,Abu Dhabi,16,93,9444.44,3,2,2,322,Lost
4581,Dubai,14,92,9444.20,3,2,2,322,Lost
4799,Dubai,11,90,9443.03,3,2,2,322,Lost
1849,Dubai,29,93,9441.89,2,2,2,222,Lost
4499,Dubai,8,92,9436.20,4,2,2,422,Lost
3802,Dubai,15,85,9435.64,3,1,2,312,Lost
3923,Abu Dhabi,23,83,9434.00,2,1,2,212,Lost
1241,Abu Dhabi,4,79,9433.31,5,1,2,512,Lost
3775,Sharjah,41,81,9431.62,1,1,2,112,Lost
534,Abu Dhabi,80,88,9427.95,1,1,2,112,Lost
320,Abu Dhabi,56,89,9426.80,1,2,2,122,Lost
3367,Abu Dhabi,2,82,9426.48,5,1,2,512,Lost
868,Sharjah,34,87,9424.15,2,1,2,212,Lost
1383,Abu Dhabi,22,93,9413.36,3,2,2,322,Lost
4408,Dubai,6,89,9408.61,4,2,2,422,Lost
3055,Abu Dhabi,66,85,9405.62,1,1,2,112,Lost
2822,Dubai,50,89,9404.62,1,2,2,122,Lost
2654,Abu Dhabi,34,90,9398.07,2,2,2,222,Lost
1186,Sharjah,1,81,9395.44,5,1,2,512,Lost
619,Dubai,3,94,9392.26,5,2,2,522,Lost
4207,Dubai,42,84,9391.99,1,1,2,112,Lost
2378,Abu Dhabi,27,79,9391.77,2,1,2,212,Lost
2322,Dubai,65,82,9386.69,1,1,2,112,Lost
2281,Abu Dhabi,3,92,9384.95,5,2,2,522,Lost
2321,Dubai,31,90,9381.85,2,2,2,222,Lost
2761,Dubai,9,88,9377.05,4,2,2,422,Lost
4363,Dubai,32,79,9371.61,2,1,2,212,Lost
740,Abu Dhabi,3,81,9367.70,5,1,2,512,Lost
1636,Dubai,33,92,9367.26,2,2,2,222,Lost
2996,Abu Dhabi,26,84,9366.11,2,1,2,212,Lost
3552,Abu Dhabi,6,85,9365.47,4,1,2,412,Lost
4693,Dubai,37,79,9365.06,2,1,2,212,Lost
309,Dubai,8,92,9363.41,4,2,2,422,Lost
1220,Dubai,44,81,9363.17,1,1,2,112,Lost
1999,Dubai,15,83,9360.14,3,1,1,311,Lost
1370,Dubai,43,89,9359.55,1,2,1,121,Lost
4381,Sharjah,0,91,9358.34,5,2,1,521,Lost
422,Dubai,10,78,9357.36,4,1,1,411,Lost
3302,Dubai,1,81,9354.92,5,1,1,511,Lost
1018,Sharjah,27,83,9353.74,2,1,1,211,Lost
1563,Sharjah,17,87,9351.29,3,1,1,311,Lost
2490,Sharjah,37,82,9351.27,2,1,1,211,Lost
2566,Dubai,20,87,9351.08,3,1,1,311,Lost
1811,Dubai,34,88,9346.81,2,1,1,211,Lost
217,Abu Dhabi,23,94,9344.11,2,2,1,221,Lost
4062,Abu Dhabi,20,89,9342.33,3,2,1,321,Lost
3561,Dubai,4,88,9339.25,5,2,1,521,Lost
2391,Abu Dhabi,4,84,9336.99,5,1,1,511,Lost
266,Dubai,39,90,9329.17,1,2,1,121,Lost
2053,Sharjah,9,78,9324.94,4,1,1,411,Lost
3827,Dubai,17,87,9324.41,3,1,1,311,Lost
3888,Dubai,12,90,9319.90,3,2,1,321,Lost
2904,Dubai,0,92,9318.49,5,2,1,521,Lost
3939,Dubai,2,85,9317.59,5,1,1,511,Lost
3375,Sharjah,3,85,9316.81,5,1,1,511,Lost
3948,Dubai,5,87,9313.01,4,1,1,411,Lost
2389,Dubai,8,92,9309.59,4,2,1,421,Lost
179,Sharjah,6,84,9305.51,4,1,1,411,Lost
221,Dubai,7,90,9304.07,4,2,1,421,Lost
900,Dubai,47,83,9303.42,1,1,1,111,Lost
3418,Dubai,15,89,9299.06,3,2,1,321,Lost
4556,Dubai,18,72,9297.66,3,1,1,311,Lost
3190,Dubai,26,93,9289.19,2,2,1,221,Lost
2875,Abu Dhabi,0,89,9286.57,5,2,1,521,Lost
3571,Sharjah,62,87,9286.29,1,1,1,111,Lost
297,Abu Dhabi,65,83,9283.37,1,1,1,111,Lost
2215,Abu Dhabi,38,89,9280.14,2,2,1,221,Lost
2686,Sharjah,10,87,9280.13,4,1,1,411,Lost
4542,Abu Dhabi,12,75,9279.63,3,1,1,311,Lost
4722,Abu Dhabi,82,86,9276.25,1,1,1,111,Lost
2484,Sharjah,43,79,9271.91,1,1,1,111,Lost
4386,Dubai,8,79,9269.83,4,1,1,411,Lost
3917,Abu Dhabi,2,93,9268.00,5,2,1,521,Lost
995,Dubai,5,74,9265.01,4,1,1,411,Lost
861,Abu Dhabi,10,92,9261.59,4,2,1,421,Lost
69,Dubai,39,76,9261.10,1,1,1,111,Lost
1004,Dubai,21,87,9260.74,3,1,1,311,Lost
3457,Dubai,18,85,9256.80,3,1,1,311,Lost
3115,Sharjah,9,85,9253.64,4,1,1,411,Lost
4833,Dubai,15,88,9246.26,3,2,1,321,Lost
3511,Sharjah,33,90,9240.45,2,2,1,221,Lost
3540,Dubai,21,83,9236.03,3,1,1,311,Lost
3719,Abu Dhabi,2,88,9234.57,5,2,1,521,Lost
4501,Dubai,49,87,9231.00,1,1,1,111,Lost
21,Abu Dhabi,22,74,9230.98,3,1,1,311,Lost
4339,Abu Dhabi,27,90,9229.42,2,2,1,221,Lost
1286,Sharjah,35,85,9226.93,2,1,1,211,Lost
2810,Dubai,4,81,9226.31,5,1,1,511,Lost
573,Dubai,40,92,9226.11,1,2,1,121,Lost
3525,Abu Dhabi,22,91,9226.08,3,2,1,321,Lost
1859,Dubai,6,88,9224.49,4,1,1,411,Lost
576,Dubai,21,82,9224.04,3,1,1,311,Lost
2836,Dubai,5,85,9223.60,4,1,1,411,Lost
3349,Sharjah,3,78,9219.46,5,1,1,511,Lost
79,Dubai,8,86,9217.79,4,1,1,411,Lost
2492,Abu Dhabi,64,89,9217.06,1,2,1,121,Lost
1008,Abu Dhabi,23,73,9210.43,2,1,1,211,Lost
982,Sharjah,8,85,9208.73,4,1,1,411,Lost
1979,Sharjah,0,82,9205.95,5,1,1,511,Lost
4452,Dubai,5,92,9201.57,4,2,1,421,Lost
392,Sharjah,56,81,9201.30,1,1,1,111,Lost
4948,Dubai,5,93,9199.27,4,2,1,421,Lost
2753,Abu Dhabi,29,80,9198.94,2,1,1,211,Lost
2696,Dubai,10,89,9196.70,4,2,1,421,Lost
4990,Dubai,47,75,9195.69,1,1,1,111,Lost
4242,Abu Dhabi,104,85,9195.24,1,1,1,111,Lost
2732,Sharjah,4,85,9192.32,5,1,1,511,Lost
3542,Dubai,21,89,9190.67,3,2,1,321,Lost
4445,Sharjah,7,80,9188.66,4,1,1,411,Lost
2467,Dubai,15,87,9178.91,3,1,1,311,Lost
3686,Dubai,24,91,9176.11,2,2,1,221,Lost
1547,Sharjah,8,89,9175.00,4,2,1,421,Lost
4752,Dubai,16,88,9174.88,3,2,1,321,Lost
1630,Dubai,16,77,9174.36,3,1,1,311,Lost
7,Abu Dhabi,13,93,9174.12,3,2,1,321,Lost
1092,Abu Dhabi,19,91,9171.69,3,2,1,321,Lost
2130,Dubai,16,81,9171.36,3,1,1,311,Lost
3745,Sharjah,34,79,9169.84,2,1,1,211,Lost
1288,Dubai,59,88,9169.50,1,1,1,111,Lost
3590,Dubai,0,83,9168.82,5,1,1,511,Lost
4940,Dubai,66,89,9165.65,1,2,1,121,Lost
778,Dubai,32,77,9162.40,2,1,1,211,Lost
2080,Abu Dhabi,25,87,9157.98,2,1,1,211,Lost
3967,Sharjah,25,89,9155.13,2,2,1,221,Lost
2519,Dubai,15,86,9153.43,3,1,1,311,Lost
103,Abu Dhabi,65,90,9153.11,1,2,1,121,Lost
3677,Dubai,61,86,9150.28,1,1,1,111,Lost
1973,Abu Dhabi,57,92,9148.40,1,2,1,121,Lost
3259,Sharjah,13,81,9148.12,3,1,1,311,Lost
3621,Dubai,3,91,9147.49,5,2,1,521,Lost
1722,Abu Dhabi,18,81,9146.17,3,1,1,311,Lost
274,Dubai,47,90,9136.98,1,2,1,121,Lost
1735,Dubai,69,83,9134.24,1,1,1,111,Lost
171,Dubai,1,87,9132.01,5,1,1,511,Lost
3635,Sharjah,0,84,9128.46,5,1,1,511,Lost
4931,Dubai,45,89,9125.79,1,2,1,121,Lost
4150,Sharjah,49,78,9124.29,1,1,1,111,Lost
4706,Dubai,2,91,9123.43,5,2,1,521,Lost
641,Abu Dhabi,33,79,9121.70,2,1,1,211,Lost
1790,Abu Dhabi,63,92,9120.98,1,2,1,121,Lost
1640,Dubai,1,89,9120.49,5,2,1,521,Lost
4749,Dubai,47,70,9115.89,1,1,1,111,Lost
3779,Sharjah,14,87,9114.01,3,1,1,311,Lost
2356,Dubai,0,91,9110.77,5,2,1,521,Lost
1937,Abu Dhabi,13,85,9105.95,3,1,1,311,Lost
2676,Dubai,8,79,9105.29,4,1,1,411,Lost
1024,Dubai,129,88,9104.18,1,1,1,111,Lost
4158,Dubai,1,91,9103.75,5,2,1,521,Lost
4489,Abu Dhabi,15,93,9100.39,3,2,1,321,Lost
3352,Dubai,6,77,9099.19,4,1,1,411,Lost
3906,Dubai,35,85,9095.68,2,1,1,211,Lost
608,Sharjah,5,90,9092.79,4,2,1,421,Lost
3953,Dubai,5,85,9092.36,4,1,1,411,Lost
3121,Dubai,55,84,9089.90,1,1,1,111,Lost
2837,Abu Dhabi,18,84,9088.09,3,1,1,311,Lost
3934,Dubai,19,92,9086.77,3,2,1,321,Lost
4972,Dubai,15,86,9086.34,3,1,1,311,Lost
1600,Dubai,5,91,9080.95,4,2,1,421,Lost
1381,Dubai,1,92,9074.58,5,2,1,521,Lost
2571,Dubai,67,85,9067.52,1,1,1,111,Lost
2232,Abu Dhabi,29,91,9062.81,2,2,1,221,Lost
1185,Dubai,14,87,9062.16,3,1,1,311,Lost
1632,Sharjah,0,79,9062.13,5,1,1,511,Lost
4517,Sharjah,3,88,9058.91,5,2,1,521,Lost
4171,Dubai,19,86,9057.04,3,1,1,311,Lost
2337,Abu Dhabi,104,91,9054.91,1,2,1,121,Lost
2034,Dubai,10,88,9053.41,4,1,1,411,Lost
1930,Dubai,23,93,9051.13,2,2,1,221,Lost
4825,Dubai,8,82,9050.60,4,1,1,411,Lost
3444,Dubai,14,88,9049.14,3,2,1,321,Lost
512,Dubai,44,86,9046.60,1,1,1,111,Lost
4998,Abu Dhabi,0,79,9045.97,5,1,1,511,Lost
294,Abu Dhabi,5,84,9044.71,4,1,1,411,Lost
3030,Dubai,0,82,9044.13,5,1,1,511,Lost
4779,Sharjah,5,87,9043.03,4,1,1,411,Lost
4478,Dubai,27,87,9039.83,2,1,1,211,Lost
2206,Abu Dhabi,35,89,9039.01,2,2,1,221,Lost
4058,Sharjah,17,79,9037.68,3,1,1,311,Lost
1200,Dubai,7,82,9035.74,4,1,1,411,Lost
2752,Abu Dhabi,11,81,9035.72,4,1,1,411,Lost
1704,Dubai,18,85,9033.30,3,1,1,311,Lost
3315,Dubai,0,90,9031.43,5,2,1,521,Lost
1874,Abu Dhabi,24,84,9030.83,2,1,1,211,Lost
1413,Sharjah,40,92,9030.73,1,2,1,121,Lost
2626,Dubai,33,82,9029.59,2,1,1,211,Lost
525,Abu Dhabi,62,86,9022.89,1,1,1,111,Lost
4690,Abu Dhabi,2,89,9022.25,5,2,1,521,Lost
3937,Abu Dhabi,1,89,9019.88,5,2,1,521,Lost
3573,Abu Dhabi,37,91,9018.09,2,2,1,221,Lost
4403,Abu Dhabi,5,87,9015.88,4,1,1,411,Lost
4609,Dubai,0,85,9015.63,5,1,1,511,Lost
829,Sharjah,83,83,9015.37,1,1,1,111,Lost
2707,Abu Dhabi,3,93,9015.03,5,2,1,521,Lost
3649,Abu Dhabi,10,88,9014.52,4,2,1,421,Lost
48,Abu Dhabi,6,77,9012.46,4,1,1,411,Lost
4662,Sharjah,37,88,9011.75,2,2,1,221,Lost
993,Abu Dhabi,24,91,9009.50,2,2,1,221,Lost
1322,Dubai,15,90,9006.47,3,2,1,321,Lost
3431,Abu Dhabi,19,76,9000.66,3,1,1,311,Lost
4401,Dubai,8,90,9000.08,4,2,1,421,Lost
78,Dubai,52,75,8999.07,1,1,1,111,Lost
2845,Dubai,45,81,8992.93,1,1,1,111,Lost
3538,Dubai,1,90,8990.93,5,2,1,521,Lost
1199,Dubai,44,89,8990.83,1,2,1,121,Lost
1235,Abu Dhabi,1,83,8989.22,5,1,1,511,Lost
1805,Abu Dhabi,4,82,8986.95,5,1,1,511,Lost
225,Dubai,6,91,8984.78,4,2,1,421,Lost
3534,Dubai,20,91,8981.96,3,2,1,321,Lost
2567,Abu Dhabi,38,92,8979.80,2,2,1,221,Lost
1532,Dubai,1,93,8979.32,5,2,1,521,Lost
318,Sharjah,34,93,8978.51,2,2,1,221,Lost
1242,Sharjah,30,78,8975.22,2,1,1,211,Lost
1971,Dubai,30,77,8973.56,2,1,1,211,Lost
4611,Abu Dhabi,23,87,8973.07,2,1,1,211,Lost
1672,Abu Dhabi,45,92,8971.21,1,2,1,121,Lost
371,Dubai,31,89,8969.56,2,2,1,221,Lost
1827,Dubai,116,80,8968.69,1,1,1,111,Lost
269,Abu Dhabi,33,91,8958.80,2,2,1,221,Lost
3427,Abu Dhabi,39,86,8958.01,1,1,1,111,Lost
1181,Dubai,16,92,8955.61,3,2,1,321,Lost
1139,Dubai,19,90,8955.11,3,2,1,321,Lost
886,Dubai,28,89,8954.85,2,2,1,221,Lost
623,Sharjah,6,94,8954.49,4,2,1,421,Lost
2376,Dubai,125,75,8954.36,1,1,1,111,Lost
2908,Sharjah,26,91,8949.77,2,2,1,221,Lost
643,Dubai,0,81,8948.75,5,1,1,511,Lost
1965,Dubai,42,88,8936.62,1,1,1,111,Lost
3232,Dubai,0,78,8935.18,5,1,1,511,Lost
1774,Dubai,6,85,8932.37,4,1,1,411,Lost
43,Sharjah,83,86,8930.11,1,1,1,111,Lost
998,Dubai,52,93,8927.19,1,2,1,121,Lost
4809,Dubai,7,87,8926.75,4,1,1,411,Lost
2181,Abu Dhabi,5,87,8921.41,4,1,1,411,Lost
4664,Dubai,5,75,8919.60,4,1,1,411,Lost
1464,Dubai,43,79,8919.52,1,1,1,111,Lost
3609,Abu Dhabi,84,82,8918.49,1,1,1,111,Lost
4975,Sharjah,6,86,8915.81,4,1,1,411,Lost
2453,Sharjah,3,90,8913.42,5,2,1,521,Lost
4327,Dubai,11,92,8911.57,3,2,1,321,Lost
400,Dubai,6,94,8909.86,4,2,1,421,Lost
1927,Dubai,0,88,8909.70,5,1,1,511,Lost
562,Sharjah,21,92,8908.65,3,2,1,321,Lost
638,Sharjah,4,93,8898.61,5,2,1,521,Lost
3191,Dubai,1,90,8898.53,5,2,1,521,Lost
4319,Dubai,48,83,8898.32,1,1,1,111,Lost
697,Abu Dhabi,27,89,8883.74,2,2,1,221,Lost
3771,Dubai,4,93,8882.26,5,2,1,521,Lost
3646,Abu Dhabi,0,89,8882.10,5,2,1,521,Lost
4575,Sharjah,55,87,8881.59,1,1,1,111,Lost
2922,Abu Dhabi,46,86,8880.89,1,1,1,111,Lost
1905,Sharjah,68,86,8878.15,1,1,1,111,Lost
4370,Dubai,4,88,8877.41,4,2,1,421,Lost
3891,Dubai,83,78,8874.67,1,1,1,111,Lost
4015,Dubai,1,85,8871.73,5,1,1,511,Lost
1438,Abu Dhabi,15,91,8870.66,3,2,1,321,Lost
747,Dubai,27,81,8869.53,2,1,1,211,Lost
4032,Abu Dhabi,24,92,8867.70,2,2,1,221,Lost
570,Dubai,2,83,8867.39,5,1,1,511,Lost
2564,Abu Dhabi,57,82,8861.62,1,1,1,111,Lost
2256,Dubai,78,87,8861.15,1,1,1,111,Lost
2663,Dubai,8,89,8861.08,4,2,1,421,Lost
2216,Dubai,12,92,8860.67,3,2,1,321,Lost
1871,Dubai,30,89,8857.03,2,2,1,221,Lost
1014,Sharjah,6,80,8856.73,4,1,1,411,Lost
325,Abu Dhabi,51,88,8856.52,1,1,1,111,Lost
4571,Abu Dhabi,0,91,8849.83,5,2,1,521,Lost
1665,Dubai,8,83,8849.74,4,1,1,411,Lost
1098,Sharjah,51,88,8849.57,1,1,1,111,Lost
4528,Sharjah,24,92,8849.49,2,2,1,221,Lost
120,Sharjah,27,86,8848.79,2,1,1,211,Lost
3328,Abu Dhabi,4,92,8846.27,5,2,1,521,Lost
4387,Dubai,1,91,8841.14,5,2,1,521,Lost
4502,Dubai,13,89,8840.65,3,2,1,321,Lost
330,Dubai,21,94,8838.77,3,2,1,321,Lost
3902,Dubai,9,91,8838.49,4,2,1,421,Lost
4434,Dubai,48,84,8834.77,1,1,1,111,Lost
3409,Abu Dhabi,33,92,8833.36,2,2,1,221,Lost
3269,Abu Dhabi,65,84,8831.76,1,1,1,111,Lost
3046,Dubai,21,86,8831.68,3,1,1,311,Lost
710,Abu Dhabi,19,74,8831.68,3,1,1,311,Lost
216,Abu Dhabi,0,92,8827.91,5,2,1,521,Lost
2111,Dubai,19,90,8826.20,3,2,1,321,Lost
332,Dubai,52,91,8823.78,1,2,1,121,Lost
4185,Dubai,9,93,8823.68,4,2,1,421,Lost
2942,Abu Dhabi,24,92,8822.54,2,2,1,221,Lost
4797,Dubai,104,82,8822.53,1,1,1,111,Lost
3350,Dubai,5,88,8821.65,4,2,1,421,Lost
3320,Abu Dhabi,35,81,8819.87,2,1,1,211,Lost
4996,Dubai,21,85,8816.79,3,1,1,311,Lost
1088,Dubai,1,84,8816.44,5,1,1,511,Lost
614,Dubai,42,86,8813.23,1,1,1,111,Lost
4099,Abu Dhabi,0,91,8812.80,5,2,1,521,Lost
2863,Abu Dhabi,9,88,8811.09,4,2,1,421,Lost
3811,Dubai,20,85,8809.79,3,1,1,311,Lost
4459,Dubai,52,90,8803.89,1,2,1,121,Lost
4906,Dubai,28,87,8801.51,2,1,1,211,Lost
1146,Sharjah,25,89,8798.13,2,2,1,221,Lost
3674,Dubai,7,81,8797.90,4,1,1,411,Lost
1072,Sharjah,16,90,8794.71,3,2,1,321,Lost
846,Abu Dhabi,20,75,8793.42,3,1,1,311,Lost
256,Abu Dhabi,24,87,8787.98,2,1,1,211,Lost
3054,Dubai,0,91,8787.51,5,2,1,521,Lost
2175,Abu Dhabi,17,93,8785.51,3,2,1,321,Lost
388,Abu Dhabi,1,80,8784.79,5,1,1,511,Lost
4190,Abu Dhabi,29,75,8784.35,2,1,1,211,Lost
1302,Abu Dhabi,29,79,8783.83,2,1,1,211,Lost
2748,Abu Dhabi,45,93,8783.24,1,2,1,121,Lost
2047,Sharjah,44,93,8779.57,1,2,1,121,Lost
693,Dubai,27,83,8779.46,2,1,1,211,Lost
1165,Dubai,5,85,8778.00,4,1,1,411,Lost
4254,Dubai,14,83,8775.17,3,1,1,311,Lost
1614,Sharjah,9,88,8772.74,4,1,1,411,Lost
478,Dubai,5,83,8772.74,4,1,1,411,Lost
3201,Dubai,58,87,8772.40,1,1,1,111,Lost
4901,Abu Dhabi,68,82,8770.68,1,1,1,111,Lost
597,Dubai,10,92,8769.83,4,2,1,421,Lost
4843,Sharjah,35,83,8769.32,2,1,1,211,Lost
2697,Abu Dhabi,4,88,8764.75,5,2,1,521,Lost
1215,Abu Dhabi,34,84,8763.82,2,1,1,211,Lost
1863,Dubai,3,83,8762.04,5,1,1,511,Lost
1596,Abu Dhabi,7,82,8755.36,4,1,1,411,Lost
848,Abu Dhabi,29,91,8753.70,2,2,1,221,Lost
145,Abu Dhabi,8,82,8753.38,4,1,1,411,Lost
2606,Dubai,86,82,8751.81,1,1,1,111,Lost
125,Abu Dhabi,23,84,8750.92,2,1,1,211,Lost
2651,Abu Dhabi,5,90,8741.26,4,2,1,421,Lost
577,Dubai,40,72,8738.30,1,1,1,111,Lost
4719,Dubai,64,90,8734.25,1,2,1,121,Lost
4218,Dubai,93,80,8733.17,1,1,1,111,Lost
2133,Abu Dhabi,14,79,8725.31,3,1,1,311,Lost
4663,Dubai,45,88,8719.41,1,2,1,121,Lost
1180,Abu Dhabi,5,77,8718.39,4,1,1,411,Lost
4359,Dubai,8,88,8717.95,4,2,1,421,Lost
1391,Abu Dhabi,5,91,8716.94,4,2,1,421,Lost
1399,Sharjah,27,93,8713.57,2,2,1,221,Lost
345,Dubai,18,88,8708.82,3,1,1,311,Lost
554,Sharjah,2,85,8708.76,5,1,1,511,Lost
1978,Dubai,30,90,8708.01,2,2,1,221,Lost
1254,Sharjah,32,81,8706.33,2,1,1,211,Lost
3639,Abu Dhabi,31,90,8701.27,2,2,1,221,Lost
547,Sharjah,0,91,8699.94,5,2,1,521,Lost
2724,Dubai,6,90,8699.72,4,2,1,421,Lost
3867,Dubai,3,87,8693.46,5,1,1,511,Lost
2562,Abu Dhabi,12,92,8684.41,3,2,1,321,Lost
2109,Abu Dhabi,0,77,8682.12,5,1,1,511,Lost
4781,Sharjah,55,92,8681.68,1,2,1,121,Lost
4573,Dubai,53,93,8679.10,1,2,1,121,Lost
2932,Dubai,3,85,8678.14,5,1,1,511,Lost
314,Dubai,12,91,8677.47,3,2,1,321,Lost
989,Dubai,25,92,8673.45,2,2,1,221,Lost
3101,Abu Dhabi,28,80,8672.26,2,1,1,211,Lost
2672,Dubai,16,80,8671.30,3,1,1,311,Lost
1967,Sharjah,5,89,8670.79,4,2,1,421,Lost
4608,Sharjah,119,85,8666.29,1,1,1,111,Lost
1271,Dubai,11,83,8665.76,4,1,1,411,Lost
1350,Sharjah,12,81,8664.34,3,1,1,311,Lost
3858,Dubai,1,84,8663.97,5,1,1,511,Lost
1658,Dubai,118,86,8663.31,1,1,1,111,Lost
2138,Dubai,34,89,8659.51,2,2,1,221,Lost
4274,Dubai,28,82,8656.81,2,1,1,211,Lost
139,Abu Dhabi,8,90,8656.21,4,2,1,421,Lost
161,Sharjah,18,92,8655.45,3,2,1,321,Lost
4646,Dubai,24,92,8653.68,2,2,1,221,Lost
2010,Abu Dhabi,28,86,8653.56,2,1,1,211,Lost
3946,Dubai,0,91,8651.91,5,2,1,521,Lost
49,Dubai,64,92,8650.36,1,2,1,121,Lost
3504,Dubai,0,68,8649.66,5,1,1,511,Lost
1733,Abu Dhabi,0,92,8648.79,5,2,1,521,Lost
3111,Abu Dhabi,69,89,8648.42,1,2,1,121,Lost
1530,Abu Dhabi,37,92,8642.98,2,2,1,221,Lost
1903,Sharjah,33,75,8642.86,2,1,1,211,Lost
4056,Abu Dhabi,0,81,8640.64,5,1,1,511,Lost
1618,Dubai,82,76,8639.90,1,1,1,111,Lost
4882,Dubai,1,88,8636.91,5,2,1,521,Lost
2746,Dubai,13,92,8635.25,3,2,1,321,Lost
4923,Sharjah,47,79,8630.73,1,1,1,111,Lost
1922,Abu Dhabi,56,85,8630.18,1,1,1,111,Lost
32,Dubai,109,80,8625.45,1,1,1,111,Lost
176,Abu Dhabi,24,93,8625.45,2,2,1,221,Lost
2561,Dubai,54,75,8618.83,1,1,1,111,Lost
1663,Abu Dhabi,18,85,8615.36,3,1,1,311,Lost
3964,Dubai,17,89,8613.82,3,2,1,321,Lost
3518,Dubai,103,85,8613.01,1,1,1,111,Lost
3975,Sharjah,5,89,8606.17,4,2,1,421,Lost
1344,Dubai,2,87,8605.62,5,1,1,511,Lost
2558,Dubai,3,84,8604.02,5,1,1,511,Lost
1622,Dubai,54,77,8602.14,1,1,1,111,Lost
4020,Sharjah,30,80,8600.45,2,1,1,211,Lost
3750,Dubai,31,89,8599.80,2,2,1,221,Lost
2192,Sharjah,19,84,8599.58,3,1,1,311,Lost
3345,Dubai,13,84,8598.98,3,1,1,311,Lost
4089,Dubai,19,92,8595.91,3,2,1,321,Lost
65,Abu Dhabi,10,86,8594.32,4,1,1,411,Lost
2301,Sharjah,19,81,8594.10,3,1,1,311,Lost
1919,Sharjah,32,91,8591.63,2,2,1,221,Lost
1017,Sharjah,3,89,8590.14,5,2,1,521,Lost
1278,Abu Dhabi,49,85,8581.30,1,1,1,111,Lost
2203,Dubai,1,86,8581.03,5,1,1,511,Lost
3912,Abu Dhabi,1,92,8580.12,5,2,1,521,Lost
4835,Abu Dhabi,1,82,8579.20,5,1,1,511,Lost
4083,Dubai,80,91,8577.95,1,2,1,121,Lost
2412,Sharjah,4,92,8577.47,5,2,1,521,Lost
1854,Abu Dhabi,0,82,8574.56,5,1,1,511,Lost
44,Abu Dhabi,49,78,8574.18,1,1,1,111,Lost
1783,Abu Dhabi,2,81,8573.79,5,1,1,511,Lost
1362,Abu Dhabi,1,81,8573.25,5,1,1,511,Lost
305,Dubai,35,89,8571.71,2,2,1,221,Lost
2063,Sharjah,0,89,8568.88,5,2,1,521,Lost
4486,Dubai,64,79,8568.13,1,1,1,111,Lost
4354,Abu Dhabi,59,88,8567.07,1,2,1,121,Lost
1607,Dubai,30,84,8565.63,2,1,1,211,Lost
490,Dubai,2,92,8558.16,5,2,1,521,Lost
3663,Dubai,4,92,8558.08,5,2,1,521,Lost
2656,Dubai,14,89,8553.10,3,2,1,321,Lost
2020,Abu Dhabi,2,82,8551.06,5,1,1,511,Lost
2502,Dubai,0,92,8545.86,5,2,1,521,Lost
3094,Abu Dhabi,0,88,8545.21,5,2,1,521,Lost
844,Dubai,0,76,8537.64,5,1,1,511,Lost
4420,Abu Dhabi,41,87,8536.95,1,1,1,111,Lost
64,Abu Dhabi,17,91,8536.34,3,2,1,321,Lost
4285,Sharjah,34,89,8533.93,2,2,1,221,Lost
3173,Dubai,16,93,8533.39,3,2,1,321,Lost
3814,Sharjah,6,88,8531.73,4,2,1,421,Lost
299,Dubai,27,82,8530.48,2,1,1,211,Lost
2375,Sharjah,96,82,8519.38,1,1,1,111,Lost
1899,Dubai,31,88,8518.07,2,1,1,211,Lost
3887,Abu Dhabi,14,83,8515.93,3,1,1,311,Lost
2032,Dubai,5,90,8511.31,4,2,1,421,Lost
3096,Dubai,63,88,8507.21,1,2,1,121,Lost
202,Dubai,17,91,8504.73,3,2,1,321,Lost
4198,Dubai,28,83,8501.55,2,1,1,211,Lost
818,Dubai,22,74,8500.53,3,1,1,311,Lost
119,Abu Dhabi,33,83,8498.96,2,1,1,211,Lost
2405,Sharjah,23,92,8496.56,2,2,1,221,Lost
785,Dubai,1,86,8494.55,5,1,1,511,Lost
3769,Sharjah,79,82,8494.20,1,1,1,111,Lost
2187,Dubai,47,92,8493.21,1,2,1,121,Lost
4588,Abu Dhabi,26,92,8491.33,2,2,1,221,Lost
2178,Sharjah,1,87,8485.88,5,1,1,511,Lost
2013,Dubai,4,90,8485.44,5,2,1,521,Lost
920,Sharjah,35,90,8479.76,2,2,1,221,Lost
1856,Dubai,57,89,8473.92,1,2,1,121,Lost
3454,Sharjah,2,80,8469.14,5,1,1,511,Lost
4474,Sharjah,8,79,8464.51,4,1,1,411,Lost
2703,Dubai,7,88,8463.64,4,2,1,421,Lost
919,Sharjah,23,91,8463.51,2,2,1,221,Lost
4710,Dubai,57,89,8463.41,1,2,1,121,Lost
3838,Dubai,22,90,8461.74,2,2,1,221,Lost
788,Abu Dhabi,2,91,8459.25,5,2,1,521,Lost
2623,Dubai,90,82,8457.88,1,1,1,111,Lost
3063,Dubai,39,80,8455.55,1,1,1,111,Lost
871,Dubai,65,79,8450.89,1,1,1,111,Lost
3700,Dubai,32,90,8448.01,2,2,1,221,Lost
1145,Abu Dhabi,7,77,8447.13,4,1,1,411,Lost
4298,Abu Dhabi,0,88,8444.27,5,2,1,521,Lost
3143,Abu Dhabi,8,89,8431.40,4,2,1,421,Lost
2829,Abu Dhabi,27,88,8430.11,2,2,1,221,Lost
3606,Dubai,16,82,8429.50,3,1,1,311,Lost
3861,Abu Dhabi,10,92,8429.15,4,2,1,421,Lost
2879,Dubai,29,83,8427.67,2,1,1,211,Lost
4063,Dubai,8,87,8426.51,4,1,1,411,Lost
2312,Sharjah,3,83,8426.28,5,1,1,511,Lost
3899,Dubai,74,81,8420.37,1,1,1,111,Lost
2230,Dubai,20,86,8418.66,3,1,1,311,Lost
3000,Dubai,10,91,8417.96,4,2,1,421,Lost
2197,Dubai,68,84,8416.33,1,1,1,111,Lost
1678,Dubai,11,78,8412.47,4,1,1,411,Lost
548,Dubai,10,94,8410.61,4,2,1,421,Lost
1814,Abu Dhabi,19,91,8405.65,3,2,1,321,Lost
3281,Dubai,15,93,8405.05,3,2,1,321,Lost
2441,Dubai,70,89,8401.99,1,2,1,121,Lost
1150,Abu Dhabi,50,87,8388.41,1,1,1,111,Lost
4583,Abu Dhabi,7,76,8382.26,4,1,1,411,Lost
2419,Sharjah,12,93,8377.87,3,2,1,321,Lost
457,Dubai,37,93,8371.76,2,2,1,221,Lost
4406,Dubai,17,87,8364.97,3,1,1,311,Lost
1321,Dubai,25,87,8362.61,2,1,1,211,Lost
3841,Dubai,47,88,8360.67,1,2,1,121,Lost
4332,Dubai,1,92,8358.16,5,2,1,521,Lost
1,Sharjah,27,91,8357.16,2,2,1,221,Lost
1444,Dubai,24,72,8354.72,2,1,1,211,Lost
196,Dubai,7,79,8348.38,4,1,1,411,Lost
3368,Sharjah,75,90,8345.95,1,2,1,121,Lost
3671,Dubai,36,71,8342.95,2,1,1,211,Lost
4602,Sharjah,97,80,8338.26,1,1,1,111,Lost
2896,Sharjah,25,92,8333.72,2,2,1,221,Lost
687,Abu Dhabi,61,80,8332.62,1,1,1,111,Lost
2185,Dubai,1,93,8322.83,5,2,1,521,Lost
3951,Dubai,23,80,8322.28,2,1,1,211,Lost
23,Dubai,0,91,8321.78,5,2,1,521,Lost
1833,Dubai,148,81,8300.00,1,1,1,111,Lost
2449,Dubai,15,82,8297.04,3,1,1,311,Lost
1875,Abu Dhabi,21,87,8293.62,3,1,1,311,Lost
3256,Sharjah,0,83,8287.53,5,1,1,511,Lost
1945,Dubai,0,92,8283.41,5,2,1,521,Lost
4301,Sharjah,0,85,8282.69,5,1,1,511,Lost
863,Abu Dhabi,43,83,8282.33,1,1,1,111,Lost
3131,Abu Dhabi,28,78,8281.73,2,1,1,211,Lost
1916,Sharjah,11,90,8275.80,4,2,1,421,Lost
2998,Dubai,10,80,8275.29,4,1,1,411,Lost
4671,Abu Dhabi,13,83,8271.15,3,1,1,311,Lost
4678,Sharjah,63,90,8270.43,1,2,1,121,Lost
3878,Abu Dhabi,15,86,8268.58,3,1,1,311,Lost
3815,Dubai,17,85,8268.03,3,1,1,311,Lost
3074,Dubai,17,90,8258.80,3,2,1,321,Lost
1279,Dubai,23,83,8255.98,2,1,1,211,Lost
824,Dubai,1,88,8255.96,5,1,1,511,Lost
3050,Dubai,22,86,8254.46,3,1,1,311,Lost
3991,Abu Dhabi,47,93,8251.99,1,2,1,121,Lost
1629,Dubai,5,75,8246.19,4,1,1,411,Lost
4306,Dubai,7,89,8246.12,4,2,1,421,Lost
765,Abu Dhabi,30,84,8245.73,2,1,1,211,Lost
1117,Dubai,15,78,8245.17,3,1,1,311,Lost
3406,Dubai,23,74,8245.16,2,1,1,211,Lost
1610,Dubai,29,89,8242.57,2,2,1,221,Lost
3178,Sharjah,20,88,8241.24,3,2,1,321,Lost
722,Abu Dhabi,29,88,8230.19,2,1,1,211,Lost
616,Dubai,32,87,8229.53,2,1,1,211,Lost
2577,Sharjah,3,88,8226.89,5,2,1,521,Lost
186,Sharjah,9,82,8222.35,4,1,1,411,Lost
1032,Abu Dhabi,76,90,8219.55,1,2,1,121,Lost
3898,Abu Dhabi,65,81,8203.21,1,1,1,111,Lost
1175,Dubai,27,86,8202.00,2,1,1,211,Lost
3242,Dubai,16,86,8198.12,3,1,1,311,Lost
1549,Dubai,62,79,8195.68,1,1,1,111,Lost
3910,Sharjah,16,78,8193.62,3,1,1,311,Lost
3966,Abu Dhabi,26,88,8189.94,2,2,1,221,Lost
4194,Abu Dhabi,49,81,8184.71,1,1,1,111,Lost
4855,Dubai,49,87,8180.87,1,1,1,111,Lost
4636,Dubai,25,84,8174.27,2,1,1,211,Lost
412,Abu Dhabi,5,91,8171.86,4,2,1,421,Lost
1598,Dubai,15,78,8171.70,3,1,1,311,Lost
255,Abu Dhabi,10,84,8169.19,4,1,1,411,Lost
3843,Dubai,3,81,8168.44,5,1,1,511,Lost
4485,Abu Dhabi,37,89,8160.90,2,2,1,221,Lost
2928,Dubai,0,91,8154.57,5,2,1,521,Lost
1505,Sharjah,0,86,8154.21,5,1,1,511,Lost
4551,Abu Dhabi,12,85,8153.57,3,1,1,311,Lost
2957,Sharjah,63,79,8147.52,1,1,1,111,Lost
4658,Dubai,57,90,8145.77,1,2,1,121,Lost
4881,Dubai,29,84,8144.02,2,1,1,211,Lost
3036,Sharjah,95,85,8139.65,1,1,1,111,Lost
1202,Dubai,6,81,8136.14,4,1,1,411,Lost
4641,Abu Dhabi,25,89,8132.57,2,2,1,221,Lost
1269,Abu Dhabi,37,89,8131.93,2,2,1,221,Lost
1667,Abu Dhabi,7,92,8131.12,4,2,1,421,Lost
1073,Sharjah,28,85,8128.47,2,1,1,211,Lost
4515,Dubai,13,84,8122.84,3,1,1,311,Lost
4652,Sharjah,51,82,8122.62,1,1,1,111,Lost
3931,Sharjah,16,86,8122.43,3,1,1,311,Lost
498,Abu Dhabi,10,83,8121.66,4,1,1,411,Lost
3852,Sharjah,57,85,8104.22,1,1,1,111,Lost
678,Sharjah,25,87,8102.48,2,1,1,211,Lost
3679,Dubai,91,78,8094.73,1,1,1,111,Lost
443,Sharjah,5,91,8086.74,4,2,1,421,Lost
2171,Dubai,18,85,8083.15,3,1,1,311,Lost
3032,Dubai,36,80,8078.67,2,1,1,211,Lost
4733,Dubai,73,79,8078.19,1,1,1,111,Lost
1555,Dubai,4,89,8072.60,5,2,1,521,Lost
4251,Sharjah,57,73,8071.56,1,1,1,111,Lost
997,Sharjah,14,93,8062.88,3,2,1,321,Lost
3231,Abu Dhabi,9,78,8062.49,4,1,1,411,Lost
4143,Dubai,23,78,8057.47,2,1,1,211,Lost
4870,Dubai,11,81,8051.11,3,1,1,311,Lost
406,Dubai,9,90,8050.76,4,2,1,421,Lost
3941,Abu Dhabi,70,82,8048.46,1,1,1,111,Lost
4907,Dubai,22,82,8047.88,2,1,1,211,Lost
1798,Sharjah,1,81,8046.93,5,1,1,511,Lost
3072,Dubai,11,85,8042.16,4,1,1,411,Lost
2001,Abu Dhabi,27,82,8040.85,2,1,1,211,Lost
1745,Abu Dhabi,11,70,8033.09,4,1,1,411,Lost
3683,Dubai,29,79,8030.19,2,1,1,211,Lost
36,Dubai,62,86,8017.71,1,1,1,111,Lost
2491,Abu Dhabi,27,86,8015.46,2,1,1,211,Lost
2406,Abu Dhabi,19,78,8014.17,3,1,1,311,Lost
4338,Abu Dhabi,5,81,8013.89,4,1,1,411,Lost
2295,Abu Dhabi,7,88,8005.86,4,2,1,421,Lost
979,Dubai,3,82,8004.97,5,1,1,511,Lost
2854,Dubai,13,87,7998.07,3,1,1,311,Lost
2580,Abu Dhabi,10,91,7994.25,4,2,1,421,Lost
1417,Dubai,0,88,7984.87,5,1,1,511,Lost
3653,Sharjah,20,84,7983.76,3,1,1,311,Lost
4802,Sharjah,17,87,7978.28,3,1,1,311,Lost
3379,Sharjah,21,92,7963.56,3,2,1,321,Lost
193,Dubai,17,88,7962.83,3,1,1,311,Lost
2338,Sharjah,80,85,7962.71,1,1,1,111,Lost
155,Dubai,39,81,7952.61,1,1,1,111,Lost
446,Abu Dhabi,1,89,7946.73,5,2,1,521,Lost
3484,Dubai,62,86,7943.60,1,1,1,111,Lost
4080,Abu Dhabi,77,69,7943.47,1,1,1,111,Lost
4097,Dubai,101,89,7943.38,1,2,1,121,Lost
1934,Sharjah,15,91,7936.31,3,2,1,321,Lost
4374,Dubai,3,83,7936.13,5,1,1,511,Lost
4192,Abu Dhabi,2,91,7921.18,5,2,1,521,Lost
3770,Dubai,20,86,7920.37,3,1,1,311,Lost
4104,Dubai,17,90,7917.52,3,2,1,321,Lost
2693,Dubai,3,85,7910.14,5,1,1,511,Lost
1087,Dubai,47,68,7909.20,1,1,1,111,Lost
2961,Dubai,23,90,7901.20,2,2,1,221,Lost
996,Dubai,7,81,7897.95,4,1,1,411,Lost
3174,Dubai,29,83,7896.71,2,1,1,211,Lost
3924,Abu Dhabi,1,80,7895.96,5,1,1,511,Lost
999,Sharjah,52,86,7894.96,1,1,1,111,Lost
1681,Dubai,21,82,7890.60,3,1,1,311,Lost
3562,Abu Dhabi,8,83,7884.15,4,1,1,411,Lost
1651,Dubai,8,83,7877.87,4,1,1,411,Lost
4394,Sharjah,14,83,7861.90,3,1,1,311,Lost
2431,Dubai,89,89,7860.85,1,2,1,121,Lost
883,Abu Dhabi,29,87,7858.85,2,1,1,211,Lost
3615,Dubai,21,78,7855.51,3,1,1,311,Lost
2763,Dubai,55,82,7854.91,1,1,1,111,Lost
431,Dubai,17,77,7848.85,3,1,1,311,Lost
1367,Abu Dhabi,12,75,7848.22,3,1,1,311,Lost
2289,Abu Dhabi,13,87,7846.01,3,1,1,311,Lost
519,Abu Dhabi,31,87,7839.98,2,1,1,211,Lost
1482,Dubai,7,86,7825.84,4,1,1,411,Lost
2384,Abu Dhabi,61,77,7825.55,1,1,1,111,Lost
3950,Sharjah,0,81,7825.39,5,1,1,511,Lost
4982,Sharjah,17,85,7819.70,3,1,1,311,Lost
4344,Dubai,17,88,7811.64,3,2,1,321,Lost
4566,Dubai,4,88,7799.60,4,2,1,421,Lost
1451,Abu Dhabi,0,76,7794.03,5,1,1,511,Lost
1153,Dubai,4,90,7793.60,5,2,1,521,Lost
4822,Sharjah,37,84,7789.45,2,1,1,211,Lost
522,Dubai,50,94,7785.60,1,2,1,121,Lost
2514,Abu Dhabi,6,81,7777.72,4,1,1,411,Lost
4744,Dubai,9,83,7776.83,4,1,1,411,Lost
3596,Sharjah,12,77,7772.13,3,1,1,311,Lost
4920,Dubai,13,88,7766.66,3,2,1,321,Lost
1036,Dubai,4,83,7759.94,5,1,1,511,Lost
3475,Sharjah,11,80,7754.65,4,1,1,411,Lost
1191,Abu Dhabi,10,87,7753.73,4,1,1,411,Lost
2958,Abu Dhabi,8,74,7753.12,4,1,1,411,Lost
847,Sharjah,3,81,7738.39,5,1,1,511,Lost
1836,Dubai,15,93,7738.16,3,2,1,321,Lost
4404,Abu Dhabi,37,92,7732.45,2,2,1,221,Lost
424,Abu Dhabi,0,83,7715.50,5,1,1,511,Lost
2531,Sharjah,14,93,7701.14,3,2,1,321,Lost
2118,Dubai,26,86,7696.97,2,1,1,211,Lost
1021,Dubai,1,79,7694.35,5,1,1,511,Lost
4156,Sharjah,16,89,7687.78,3,2,1,321,Lost
3834,Sharjah,27,81,7681.09,2,1,1,211,Lost
3651,Sharjah,3,87,7678.06,5,1,1,511,Lost
4154,Dubai,10,89,7665.91,4,2,1,421,Lost
2478,Dubai,9,83,7662.10,4,1,1,411,Lost
4653,Dubai,8,81,7658.03,4,1,1,411,Lost
4558,Dubai,3,93,7654.74,5,2,1,521,Lost
453,Dubai,20,74,7651.32,3,1,1,311,Lost
1347,Dubai,6,84,7650.99,4,1,1,411,Lost
4295,Dubai,5,87,7648.30,4,1,1,411,Lost
432,Abu Dhabi,15,78,7647.10,3,1,1,311,Lost
501,Dubai,30,74,7640.61,2,1,1,211,Lost
162,Dubai,33,81,7639.28,2,1,1,211,Lost
622,Dubai,19,84,7630.98,3,1,1,311,Lost
4699,Dubai,32,83,7630.46,2,1,1,211,Lost
4514,Dubai,6,88,7613.04,4,2,1,421,Lost
966,Sharjah,9,75,7609.47,4,1,1,411,Lost
2169,Dubai,3,82,7608.21,5,1,1,511,Lost
2926,Dubai,6,86,7607.92,4,1,1,411,Lost
4966,Abu Dhabi,37,88,7586.60,2,2,1,221,Lost
4388,Sharjah,44,92,7584.34,1,2,1,121,Lost
2293,Dubai,24,84,7583.43,2,1,1,211,Lost
4857,Dubai,1,77,7576.14,5,1,1,511,Lost
1167,Abu Dhabi,75,80,7562.74,1,1,1,111,Lost
1723,Abu Dhabi,0,88,7555.26,5,1,1,511,Lost
3821,Dubai,2,86,7548.28,5,1,1,511,Lost
3437,Dubai,10,89,7547.72,4,2,1,421,Lost
928,Sharjah,11,83,7540.61,4,1,1,411,Lost
2859,Dubai,27,81,7529.57,2,1,1,211,Lost
2396,Dubai,13,81,7529.37,3,1,1,311,Lost
1258,Abu Dhabi,57,89,7527.28,1,2,1,121,Lost
2600,Dubai,3,87,7526.36,5,1,1,511,Lost
258,Sharjah,22,90,7524.76,3,2,1,321,Lost
704,Dubai,33,79,7514.24,2,1,1,211,Lost
61,Abu Dhabi,5,83,7511.48,4,1,1,411,Lost
175,Sharjah,3,75,7502.53,5,1,1,511,Lost
408,Dubai,8,90,7501.85,4,2,1,421,Lost
4429,Sharjah,10,81,7500.34,4,1,1,411,Lost
3088,Dubai,8,82,7493.42,4,1,1,411,Lost
3486,Abu Dhabi,0,83,7489.99,5,1,1,511,Lost
823,Abu Dhabi,26,78,7484.97,2,1,1,211,Lost
1359,Abu Dhabi,11,76,7483.00,4,1,1,411,Lost
2917,Abu Dhabi,6,77,7473.39,4,1,1,411,Lost
3982,Dubai,3,90,7457.33,5,2,1,521,Lost
1212,Abu Dhabi,48,92,7452.21,1,2,1,121,Lost
4029,Dubai,10,89,7443.76,4,2,1,421,Lost
71,Dubai,145,92,7443.72,1,2,1,121,Lost
3033,Dubai,10,83,7440.59,4,1,1,411,Lost
2886,Dubai,0,86,7438.82,5,1,1,511,Lost
964,Sharjah,110,87,7436.98,1,1,1,111,Lost
4544,Abu Dhabi,10,88,7431.13,4,2,1,421,Lost
1379,Sharjah,9,81,7424.63,4,1,1,411,Lost
1171,Sharjah,26,78,7418.56,2,1,1,211,Lost
775,Dubai,23,80,7417.68,2,1,1,211,Lost
2423,Sharjah,73,83,7417.00,1,1,1,111,Lost
2657,Dubai,14,89,7400.22,3,2,1,321,Lost
1976,Sharjah,23,72,7399.28,2,1,1,211,Lost
1371,Sharjah,103,82,7396.39,1,1,1,111,Lost
2912,Dubai,14,87,7369.41,3,1,1,311,Lost
4750,Abu Dhabi,54,84,7364.54,1,1,1,111,Lost
3523,Sharjah,10,73,7363.94,4,1,1,411,Lost
3781,Dubai,61,78,7361.12,1,1,1,111,Lost
673,Abu Dhabi,8,86,7360.05,4,1,1,411,Lost
1010,Sharjah,41,87,7358.49,1,1,1,111,Lost
1484,Dubai,20,75,7358.08,3,1,1,311,Lost
4701,Sharjah,4,90,7342.69,4,2,1,421,Lost
1788,Dubai,3,77,7341.26,5,1,1,511,Lost
88,Abu Dhabi,15,93,7339.68,3,2,1,321,Lost
4424,Dubai,2,87,7334.73,5,1,1,511,Lost
3868,Abu Dhabi,19,85,7333.62,3,1,1,311,Lost
449,Dubai,34,76,7326.63,2,1,1,211,Lost
1931,Dubai,2,76,7309.14,5,1,1,511,Lost
3869,Abu Dhabi,93,84,7303.22,1,1,1,111,Lost
1144,Sharjah,3,87,7298.93,5,1,1,511,Lost
77,Dubai,3,94,7296.13,5,2,1,521,Lost
1397,Abu Dhabi,35,87,7292.70,2,1,1,211,Lost
4535,Dubai,37,92,7286.58,2,2,1,221,Lost
2119,Abu Dhabi,2,89,7273.97,5,2,1,521,Lost
912,Dubai,24,76,7271.27,2,1,1,211,Lost
610,Abu Dhabi,5,81,7270.00,4,1,1,411,Lost
313,Abu Dhabi,95,81,7260.24,1,1,1,111,Lost
4048,Abu Dhabi,5,85,7242.27,4,1,1,411,Lost
1338,Sharjah,6,93,7228.75,4,2,1,421,Lost
4206,Abu Dhabi,11,89,7214.43,4,2,1,421,Lost
909,Abu Dhabi,2,77,7188.37,5,1,1,511,Lost
1785,Abu Dhabi,4,73,7164.55,5,1,1,511,Lost
3157,Dubai,5,87,7150.39,4,1,1,411,Lost
4766,Dubai,4,87,7136.61,4,1,1,411,Lost
2563,Dubai,50,82,7116.30,1,1,1,111,Lost
2310,Abu Dhabi,118,71,7112.86,1,1,1,111,Lost
1794,Dubai,2,90,7086.84,5,2,1,521,Lost
893,Abu Dhabi,8,92,7063.71,4,2,1,421,Lost
2463,Sharjah,23,86,7062.04,2,1,1,211,Lost
2201,Sharjah,0,82,7040.15,5,1,1,511,Lost
2257,Dubai,3,83,7026.19,5,1,1,511,Lost
4024,Abu Dhabi,19,77,7016.62,3,1,1,311,Lost
3126,Dubai,0,82,6971.68,5,1,1,511,Lost
2327,Abu Dhabi,15,74,6950.45,3,1,1,311,Lost
2195,Sharjah,34,80,6947.06,2,1,1,211,Lost
1896,Abu Dhabi,42,75,6945.12,1,1,1,111,Lost
1939,Abu Dhabi,3,82,6924.91,5,1,1,511,Lost
3188,Dubai,23,83,6916.69,2,1,1,211,Lost
1983,Dubai,16,77,6914.10,3,1,1,311,Lost
3024,Dubai,9,80,6901.86,4,1,1,411,Lost
2196,Dubai,5,76,6897.73,4,1,1,411,Lost
303,Abu Dhabi,22,76,6879.99,3,1,1,311,Lost
2486,Dubai,5,82,6879.62,4,1,1,411,Lost
4482,Abu Dhabi,18,85,6873.01,3,1,1,311,Lost
3600,Sharjah,13,88,6853.39,3,2,1,321,Lost
52,Dubai,1,89,6846.58,5,2,1,521,Lost
4873,Sharjah,0,66,6839.83,5,1,1,511,Lost
1851,Sharjah,32,88,6835.90,2,1,1,211,Lost
2368,Dubai,15,79,6808.01,3,1,1,311,Lost
1089,Dubai,9,71,6806.04,4,1,1,411,Lost
1561,Abu Dhabi,23,81,6801.38,2,1,1,211,Lost
2352,Dubai,4,81,6793.46,5,1,1,511,Lost
128,Abu Dhabi,17,86,6771.31,3,1,1,311,Lost
4705,Dubai,36,80,6746.26,2,1,1,211,Lost
1161,Dubai,1,86,6736.68,5,1,1,511,Lost
874,Abu Dhabi,46,78,6680.16,1,1,1,111,Lost
1312,Sharjah,27,90,6674.04,2,2,1,221,Lost
3022,Dubai,3,84,6666.08,5,1,1,511,Lost
2768,Sharjah,22,86,6630.42,3,1,1,311,Lost
4324,Abu Dhabi,0,87,6606.46,5,1,1,511,Lost
2964,Dubai,23,83,6578.77,2,1,1,211,Lost
3808,Dubai,25,89,6567.42,2,2,1,221,Lost
3122,Dubai,16,77,6540.15,3,1,1,311,Lost
973,Dubai,11,78,6514.65,4,1,1,411,Lost
212,Dubai,11,87,6453.94,4,1,1,411,Lost
4965,Abu Dhabi,35,79,6419.29,2,1,1,211,Lost
2993,Dubai,25,86,6405.78,2,1,1,211,Lost
2330,Dubai,3,83,6371.45,5,1,1,511,Lost
317,Dubai,34,75,6344.63,2,1,1,211,Lost
2647,Abu Dhabi,54,64,6278.64,1,1,1,111,Lost
1211,Sharjah,5,72,6097.41,4,1,1,411,Lost
4369,Sharjah,12,87,6051.15,3,1,1,311,Lost
1864,Dubai,19,75,5999.71,3,1,1,311,Lost
96,Abu Dhabi,31,85,5939.86,2,1,1,211,Lost
3798,Abu Dhabi,53,81,5936.33,1,1,1,111,Lost
3286,Abu Dhabi,10,90,5936.24,4,2,1,421,Lost
3472,Sharjah,0,75,5902.60,5,1,1,511,Lost
2636,Dubai,18,111,16667.04,3,5,5,355,Loyal
3865,Dubai,15,114,16312.48,3,5,5,355,Loyal
2923,Sharjah,12,118,16157.08,3,5,5,355,Loyal
4078,Dubai,19,120,16060.36,3,5,5,355,Loyal
4742,Abu Dhabi,21,107,15848.91,3,5,5,355,Loyal
4396,Sharjah,17,117,15843.10,3,5,5,355,Loyal
3469,Sharjah,19,119,15778.61,3,5,5,355,Loyal
455,Dubai,18,104,15765.21,3,4,5,345,Loyal
3272,Dubai,21,122,15681.68,3,5,5,355,Loyal
3794,Sharjah,3,98,15638.46,5,3,5,535,Loyal
4840,Abu Dhabi,4,98,15461.05,4,3,5,435,Loyal
250,Abu Dhabi,12,108,15411.92,3,5,5,355,Loyal
3857,Abu Dhabi,17,113,15403.87,3,5,5,355,Loyal
4869,Abu Dhabi,14,118,15394.96,3,5,5,355,Loyal
2461,Dubai,13,110,15379.69,3,5,5,355,Loyal
3536,Sharjah,20,113,15334.55,3,5,5,355,Loyal
394,Dubai,14,100,15281.79,3,4,5,345,Loyal
3403,Abu Dhabi,22,101,15249.89,3,4,5,345,Loyal
4248,Sharjah,7,98,15242.07,4,3,5,435,Loyal
3591,Sharjah,21,115,15241.01,3,5,5,355,Loyal
526,Dubai,18,103,15121.97,3,4,5,345,Loyal
4178,Dubai,18,110,15107.12,3,5,5,355,Loyal
3151,Abu Dhabi,19,124,15019.73,3,5,5,355,Loyal
1173,Abu Dhabi,12,104,14972.03,3,4,5,345,Loyal
3718,Dubai,16,120,14934.80,3,5,5,355,Loyal
34,Dubai,16,103,14792.32,3,4,5,345,Loyal
243,Dubai,4,97,14744.18,5,3,5,535,Loyal
4949,Dubai,14,105,14730.64,3,5,5,355,Loyal
1104,Abu Dhabi,20,99,14715.05,3,3,5,335,Loyal
3972,Dubai,17,101,14702.64,3,4,5,345,Loyal
1327,Dubai,13,110,14695.80,3,5,5,355,Loyal
1102,Sharjah,5,96,14635.82,4,3,5,435,Loyal
2161,Dubai,7,97,14630.14,4,3,5,435,Loyal
656,Abu Dhabi,10,98,14620.44,4,3,5,435,Loyal
1096,Dubai,5,97,14587.29,4,3,5,435,Loyal
2975,Dubai,20,105,14574.24,3,5,5,355,Loyal
3430,Abu Dhabi,7,96,14515.66,4,3,5,435,Loyal
1111,Abu Dhabi,13,114,14458.58,3,5,5,355,Loyal
337,Sharjah,6,97,14451.88,4,3,5,435,Loyal
1585,Sharjah,18,125,14449.17,3,5,5,355,Loyal
3435,Sharjah,15,104,14422.50,3,4,5,345,Loyal
1996,Abu Dhabi,12,98,14421.88,3,3,5,335,Loyal
2149,Dubai,20,101,14421.21,3,4,5,345,Loyal
1982,Dubai,17,106,14363.58,3,5,5,355,Loyal
3913,Dubai,4,97,14327.21,5,3,5,535,Loyal
1728,Sharjah,6,95,14323.70,4,3,5,435,Loyal
1477,Dubai,16,108,14320.72,3,5,5,355,Loyal
3362,Dubai,18,113,14304.12,3,5,5,355,Loyal
3535,Abu Dhabi,12,119,14288.98,3,5,5,355,Loyal
2076,Sharjah,19,108,14237.70,3,5,5,355,Loyal
4731,Dubai,3,98,14233.54,5,3,5,535,Loyal
3043,Abu Dhabi,12,111,14188.31,3,5,5,355,Loyal
4212,Abu Dhabi,15,97,14184.32,3,3,5,335,Loyal
2900,Abu Dhabi,18,105,14183.75,3,5,5,355,Loyal
2252,Dubai,5,96,14183.56,4,3,5,435,Loyal
2744,Sharjah,21,95,14178.85,3,3,5,335,Loyal
3579,Dubai,15,118,14156.52,3,5,5,355,Loyal
3614,Abu Dhabi,19,114,14155.94,3,5,5,355,Loyal
2359,Dubai,16,100,14149.50,3,4,5,345,Loyal
3801,Dubai,1,98,14129.00,5,3,5,535,Loyal
4572,Dubai,13,115,14123.26,3,5,5,355,Loyal
1061,Sharjah,15,97,14119.30,3,3,5,335,Loyal
4959,Dubai,0,95,14101.77,5,3,5,535,Loyal
2512,Abu Dhabi,12,97,14084.09,3,3,5,335,Loyal
2812,Dubai,16,101,14077.78,3,4,5,345,Loyal
4398,Sharjah,15,105,14068.83,3,5,5,355,Loyal
492,Dubai,12,98,14044.66,3,3,5,335,Loyal
4117,Sharjah,3,98,13955.30,5,3,5,535,Loyal
245,Dubai,11,99,13948.57,4,3,5,435,Loyal
1714,Dubai,22,102,13924.74,3,4,5,345,Loyal
1812,Dubai,17,111,13891.84,3,5,5,355,Loyal
4675,Abu Dhabi,7,94,13882.71,4,3,5,435,Loyal
3169,Dubai,18,120,13863.88,3,5,5,355,Loyal
2439,Dubai,22,110,13861.88,3,5,5,355,Loyal
2968,Dubai,20,111,13860.02,3,5,5,355,Loyal
3252,Abu Dhabi,2,98,13854.38,5,3,5,535,Loyal
483,Dubai,22,104,13848.30,3,4,5,345,Loyal
838,Sharjah,20,102,13834.42,3,4,5,345,Loyal
1878,Dubai,17,111,13827.03,3,5,5,355,Loyal
1902,Sharjah,20,100,13817.80,3,4,5,345,Loyal
1316,Abu Dhabi,19,100,13817.47,3,4,5,345,Loyal
3879,Abu Dhabi,20,102,13813.20,3,4,5,345,Loyal
3883,Abu Dhabi,21,110,13795.28,3,5,5,355,Loyal
2386,Dubai,19,113,13794.90,3,5,5,355,Loyal
405,Dubai,20,99,13772.84,3,3,5,335,Loyal
1093,Abu Dhabi,16,118,13754.01,3,5,5,355,Loyal
1583,Dubai,8,98,13742.50,4,3,5,435,Loyal
1177,Dubai,6,97,13741.53,4,3,5,435,Loyal
2254,Dubai,20,104,13740.99,3,4,5,345,Loyal
1701,Dubai,20,99,13733.02,3,4,5,345,Loyal
3760,Abu Dhabi,15,110,13725.53,3,5,5,355,Loyal
2302,Abu Dhabi,14,107,13712.60,3,5,5,355,Loyal
333,Sharjah,17,107,13683.59,3,5,5,355,Loyal
3640,Dubai,20,115,13681.47,3,5,5,355,Loyal
4472,Abu Dhabi,12,99,13670.39,3,4,5,345,Loyal
738,Dubai,7,97,13658.79,4,3,5,435,Loyal
751,Dubai,14,107,13657.75,3,5,5,355,Loyal
809,Sharjah,20,109,13649.75,3,5,5,355,Loyal
227,Abu Dhabi,15,115,13615.84,3,5,5,355,Loyal
4657,Abu Dhabi,15,100,13603.78,3,4,5,345,Loyal
2064,Dubai,12,108,13591.10,3,5,5,355,Loyal
3164,Dubai,18,103,13589.62,3,4,5,345,Loyal
4784,Sharjah,9,96,13577.19,4,3,5,435,Loyal
4112,Dubai,20,112,13559.18,3,5,5,355,Loyal
3165,Dubai,19,99,13536.30,3,4,5,345,Loyal
260,Sharjah,8,95,13533.59,4,3,5,435,Loyal
808,Sharjah,20,100,13525.82,3,4,5,345,Loyal
3956,Dubai,11,98,13500.92,4,3,5,435,Loyal
768,Dubai,17,115,13500.72,3,5,5,355,Loyal
340,Abu Dhabi,9,95,13480.61,4,3,5,435,Loyal
4082,Dubai,2,98,13458.19,5,3,5,535,Loyal
3364,Sharjah,15,118,13450.94,3,5,5,355,Loyal
2190,Sharjah,13,103,13450.00,3,4,5,345,Loyal
552,Sharjah,18,102,13445.85,3,4,5,345,Loyal
4850,Abu Dhabi,12,104,13415.71,3,5,5,355,Loyal
4824,Dubai,19,106,13414.43,3,5,5,355,Loyal
2730,Sharjah,17,114,13405.57,3,5,5,355,Loyal
4669,Abu Dhabi,19,111,13403.18,3,5,5,355,Loyal
3253,Dubai,21,112,13362.51,3,5,5,355,Loyal
2986,Sharjah,13,110,13358.57,3,5,5,355,Loyal
1049,Abu Dhabi,14,111,13358.05,3,5,5,355,Loyal
4796,Dubai,20,108,13352.10,3,5,5,355,Loyal
2939,Abu Dhabi,11,97,13351.04,4,3,5,435,Loyal
766,Dubai,3,98,13347.05,5,3,5,535,Loyal
1273,Abu Dhabi,4,98,13343.88,5,3,5,535,Loyal
3083,Dubai,18,111,13342.06,3,5,5,355,Loyal
4530,Dubai,15,106,13324.00,3,5,5,355,Loyal
978,Abu Dhabi,9,99,13321.15,4,3,5,435,Loyal
942,Dubai,12,95,13317.00,3,3,5,335,Loyal
4668,Dubai,15,115,13303.29,3,5,5,355,Loyal
464,Sharjah,8,96,13301.78,4,3,5,435,Loyal
3820,Dubai,14,123,13289.02,3,5,5,355,Loyal
974,Abu Dhabi,19,104,13271.04,3,4,5,345,Loyal
4525,Dubai,13,97,13261.41,3,3,5,335,Loyal
3568,Sharjah,12,107,13260.03,3,5,5,355,Loyal
3170,Dubai,1,95,13259.53,5,3,5,535,Loyal
2659,Abu Dhabi,12,117,13248.90,3,5,5,355,Loyal
4867,Abu Dhabi,15,106,13243.88,3,5,5,355,Loyal
1156,Dubai,15,112,13238.23,3,5,5,355,Loyal
1309,Sharjah,19,108,13232.10,3,5,5,355,Loyal
2346,Dubai,19,107,13231.30,3,5,5,355,Loyal
4643,Sharjah,10,95,13228.02,4,3,5,435,Loyal
1276,Dubai,12,114,13226.96,3,5,5,355,Loyal
2911,Sharjah,7,94,13224.20,4,3,5,435,Loyal
2385,Dubai,14,94,13219.07,3,3,5,335,Loyal
4211,Abu Dhabi,3,94,13216.23,5,3,5,535,Loyal
4871,Abu Dhabi,16,117,13199.13,3,5,5,355,Loyal
85,Sharjah,22,101,13197.87,3,4,5,345,Loyal
315,Dubai,1,97,13194.43,5,3,5,535,Loyal
3007,Abu Dhabi,9,96,13190.40,4,3,5,435,Loyal
4922,Abu Dhabi,15,104,13185.76,3,5,5,355,Loyal
4152,Abu Dhabi,14,96,13180.25,3,3,5,335,Loyal
3485,Dubai,3,94,13176.21,5,3,5,535,Loyal
665,Sharjah,11,95,13175.07,4,3,5,435,Loyal
4762,Dubai,6,95,13165.19,4,3,5,435,Loyal
733,Dubai,6,94,13161.09,4,3,5,435,Loyal
4986,Sharjah,11,109,13155.95,3,5,5,355,Loyal
4860,Dubai,16,104,13149.27,3,5,5,355,Loyal
1893,Sharjah,22,104,13140.96,3,4,5,345,Loyal
4487,Abu Dhabi,12,105,13132.56,3,5,5,355,Loyal
4418,Dubai,17,107,13119.97,3,5,5,355,Loyal
2152,Abu Dhabi,2,98,13107.47,5,3,5,535,Loyal
3037,Sharjah,18,112,13086.02,3,5,5,355,Loyal
4819,Dubai,9,98,13081.35,4,3,5,435,Loyal
2059,Dubai,21,108,13074.87,3,5,5,355,Loyal
545,Sharjah,3,95,13071.59,5,3,5,535,Loyal
2056,Dubai,10,95,13069.24,4,3,5,435,Loyal
2987,Dubai,20,102,13061.80,3,4,5,345,Loyal
4877,Abu Dhabi,12,98,13049.04,3,3,5,335,Loyal
3978,Dubai,14,117,13046.02,3,5,5,355,Loyal
647,Dubai,15,110,13041.40,3,5,5,355,Loyal
1317,Dubai,16,106,13038.50,3,5,5,355,Loyal
157,Dubai,11,96,13031.73,4,3,5,435,Loyal
899,Dubai,15,98,13023.68,3,3,5,335,Loyal
4081,Dubai,18,96,12996.54,3,3,5,335,Loyal
2228,Sharjah,4,94,12982.83,5,3,5,535,Loyal
4280,Dubai,6,97,12980.61,4,3,5,435,Loyal
604,Abu Dhabi,12,103,12964.80,3,4,5,345,Loyal
3752,Abu Dhabi,13,113,12959.64,3,5,5,355,Loyal
3520,Dubai,0,97,12958.50,5,3,5,535,Loyal
1572,Dubai,17,101,12957.31,3,4,5,345,Loyal
2792,Dubai,12,111,12956.15,3,5,5,355,Loyal
2235,Dubai,22,115,12954.79,3,5,5,355,Loyal
2164,Dubai,4,97,12948.36,5,3,5,535,Loyal
4667,Dubai,3,94,12934.38,5,3,5,535,Loyal
4639,Dubai,18,103,12923.43,3,4,5,345,Loyal
922,Sharjah,20,102,12918.10,3,4,5,345,Loyal
4745,Dubai,21,96,12910.67,3,3,5,335,Loyal
2374,Dubai,22,98,12910.26,3,3,5,335,Loyal
2222,Abu Dhabi,19,121,12905.74,3,5,5,355,Loyal
4704,Dubai,12,109,12903.55,3,5,5,355,Loyal
782,Abu Dhabi,22,96,12901.53,3,3,5,335,Loyal
2638,Abu Dhabi,19,97,12901.09,3,3,5,335,Loyal
3057,Abu Dhabi,19,105,12879.22,3,5,5,355,Loyal
1250,Dubai,3,97,12878.21,5,3,5,535,Loyal
4252,Dubai,18,106,12874.12,3,5,5,355,Loyal
3019,Dubai,20,100,12864.97,3,4,5,345,Loyal
3650,Dubai,20,100,12864.43,3,4,5,345,Loyal
2300,Dubai,5,97,12862.28,4,3,5,435,Loyal
3844,Dubai,20,106,12860.92,3,5,5,355,Loyal
1955,Dubai,18,105,12856.28,3,5,5,355,Loyal
3235,Dubai,0,97,12852.78,5,3,5,535,Loyal
1411,Dubai,0,96,12849.44,5,3,5,535,Loyal
472,Abu Dhabi,22,100,12846.43,3,4,5,345,Loyal
3042,Dubai,15,106,12843.52,3,5,5,355,Loyal
805,Dubai,18,97,12843.34,3,3,5,335,Loyal
2099,Sharjah,13,99,12834.98,3,4,5,345,Loyal
2269,Abu Dhabi,1,95,12815.60,5,3,5,535,Loyal
2983,Dubai,18,96,12804.88,3,3,5,335,Loyal
4265,Abu Dhabi,20,109,12797.29,3,5,5,355,Loyal
3715,Dubai,21,99,12780.64,3,4,5,345,Loyal
2341,Sharjah,12,106,12779.64,3,5,5,355,Loyal
3995,Sharjah,0,96,12778.46,5,3,5,535,Loyal
4504,Sharjah,17,116,12772.43,3,5,5,355,Loyal
3563,Abu Dhabi,13,96,12767.18,3,3,5,335,Loyal
4649,Dubai,11,107,12762.90,3,5,5,355,Loyal
458,Dubai,5,98,12756.49,4,3,5,435,Loyal
4376,Abu Dhabi,13,101,12752.62,3,4,5,345,Loyal
2248,Abu Dhabi,13,97,12750.53,3,3,5,335,Loyal
2652,Abu Dhabi,18,128,12749.75,3,5,5,355,Loyal
1890,Dubai,18,109,12737.60,3,5,5,355,Loyal
4521,Dubai,19,96,12730.85,3,3,5,335,Loyal
822,Dubai,14,94,12729.04,3,3,5,335,Loyal
4098,Dubai,14,105,12724.75,3,5,5,355,Loyal
143,Abu Dhabi,12,106,12713.07,3,5,5,355,Loyal
4270,Dubai,13,96,12712.15,3,3,5,335,Loyal
1475,Abu Dhabi,20,104,12711.20,3,4,5,345,Loyal
926,Dubai,22,98,12686.54,3,3,5,335,Loyal
615,Sharjah,22,107,12671.06,3,5,5,355,Loyal
3809,Dubai,21,104,12656.81,3,4,5,345,Loyal
694,Abu Dhabi,15,103,12654.88,3,4,5,345,Loyal
1300,Sharjah,11,94,12650.29,4,3,5,435,Loyal
3257,Dubai,20,106,12645.16,3,5,5,355,Loyal
4013,Abu Dhabi,15,101,12640.78,3,4,5,345,Loyal
474,Sharjah,19,98,12629.19,3,3,5,335,Loyal
965,Sharjah,8,99,12610.82,4,3,5,435,Loyal
2628,Abu Dhabi,13,101,12607.38,3,4,5,345,Loyal
2667,Abu Dhabi,21,117,12604.51,3,5,5,355,Loyal
1761,Dubai,3,94,12600.96,5,3,5,535,Loyal
3442,Dubai,14,98,12593.20,3,3,5,335,Loyal
4640,Dubai,0,97,12586.81,5,3,5,535,Loyal
310,Dubai,15,108,12580.09,3,5,5,355,Loyal
1134,Dubai,10,97,12576.61,4,3,5,435,Loyal
454,Sharjah,15,112,12559.65,3,5,5,355,Loyal
1275,Sharjah,7,98,12557.82,4,3,5,435,Loyal
515,Dubai,2,98,12530.16,5,3,5,535,Loyal
4660,Dubai,12,94,12529.72,3,3,5,335,Loyal
3662,Abu Dhabi,20,98,12528.17,3,3,5,335,Loyal
2238,Dubai,21,99,12521.13,3,4,5,345,Loyal
1132,Sharjah,2,96,12520.38,5,3,5,535,Loyal
1540,Abu Dhabi,12,104,12518.60,3,4,5,345,Loyal
3341,Abu Dhabi,8,96,12510.39,4,3,5,435,Loyal
4179,Sharjah,20,97,12506.79,3,3,5,335,Loyal
370,Abu Dhabi,15,100,12500.50,3,4,5,345,Loyal
4106,Dubai,2,97,12495.13,5,3,4,534,Loyal
3491,Dubai,5,98,12487.60,4,3,4,434,Loyal
1329,Dubai,4,94,12475.99,5,3,4,534,Loyal
3871,Abu Dhabi,16,111,12467.77,3,5,4,354,Loyal
2042,Dubai,0,98,12465.59,5,3,4,534,Loyal
55,Dubai,15,98,12461.10,3,3,4,334,Loyal
4231,Dubai,20,110,12457.08,3,5,4,354,Loyal
4988,Abu Dhabi,20,97,12456.73,3,3,4,334,Loyal
2781,Dubai,15,108,12456.02,3,5,4,354,Loyal
3905,Dubai,15,106,12452.16,3,5,4,354,Loyal
3926,Sharjah,13,108,12438.51,3,5,4,354,Loyal
3514,Abu Dhabi,12,97,12432.12,3,3,4,334,Loyal
2664,Dubai,21,95,12430.63,3,3,4,334,Loyal
3200,Dubai,20,94,12428.85,3,3,4,334,Loyal
4341,Dubai,1,97,12423.91,5,3,4,534,Loyal
2552,Abu Dhabi,0,96,12419.78,5,3,4,534,Loyal
1643,Dubai,13,108,12416.83,3,5,4,354,Loyal
201,Sharjah,18,103,12413.66,3,4,4,344,Loyal
486,Dubai,6,97,12395.38,4,3,4,434,Loyal
3836,Abu Dhabi,19,101,12394.86,3,4,4,344,Loyal
1696,Abu Dhabi,4,94,12381.96,5,3,4,534,Loyal
1403,Abu Dhabi,21,99,12380.68,3,4,4,344,Loyal
4801,Dubai,4,98,12380.24,4,3,4,434,Loyal
1734,Dubai,15,111,12378.17,3,5,4,354,Loyal
1406,Abu Dhabi,13,97,12370.25,3,3,4,334,Loyal
4858,Sharjah,11,99,12362.33,3,4,4,344,Loyal
3849,Abu Dhabi,13,96,12349.72,3,3,4,334,Loyal
2755,Dubai,13,103,12349.41,3,4,4,344,Loyal
3411,Dubai,17,106,12345.61,3,5,4,354,Loyal
156,Abu Dhabi,13,110,12341.82,3,5,4,354,Loyal
4629,Dubai,14,94,12340.77,3,3,4,334,Loyal
2028,Abu Dhabi,14,99,12320.41,3,4,4,344,Loyal
4030,Sharjah,17,100,12317.90,3,4,4,344,Loyal
199,Dubai,16,107,12317.38,3,5,4,354,Loyal
2825,Dubai,22,94,12316.37,3,3,4,334,Loyal
4188,Abu Dhabi,20,102,12314.52,3,4,4,344,Loyal
47,Sharjah,0,97,12312.03,5,3,4,534,Loyal
2592,Dubai,19,101,12306.06,3,4,4,344,Loyal
1434,Abu Dhabi,20,103,12298.74,3,4,4,344,Loyal
3340,Sharjah,14,118,12297.03,3,5,4,354,Loyal
166,Dubai,5,96,12292.93,4,3,4,434,Loyal
4191,Dubai,14,110,12290.15,3,5,4,354,Loyal
1251,Dubai,8,98,12287.75,4,3,4,434,Loyal
621,Dubai,19,99,12287.03,3,3,4,334,Loyal
939,Dubai,8,98,12285.32,4,3,4,434,Loyal
152,Dubai,12,110,12282.77,3,5,4,354,Loyal
1214,Dubai,2,99,12280.98,5,3,4,534,Loyal
786,Abu Dhabi,12,97,12279.78,3,3,4,334,Loyal
3989,Abu Dhabi,15,117,12272.73,3,5,4,354,Loyal
353,Dubai,17,98,12270.23,3,3,4,334,Loyal
4283,Dubai,21,97,12269.76,3,3,4,334,Loyal
87,Dubai,13,107,12261.54,3,5,4,354,Loyal
74,Abu Dhabi,8,99,12259.60,4,3,4,434,Loyal
1866,Sharjah,19,118,12259.28,3,5,4,354,Loyal
2127,Dubai,22,95,12248.57,3,3,4,334,Loyal
1986,Abu Dhabi,19,104,12220.79,3,4,4,344,Loyal
841,Abu Dhabi,13,100,12217.19,3,4,4,344,Loyal
3318,Dubai,14,103,12212.21,3,4,4,344,Loyal
169,Dubai,15,99,12206.33,3,3,4,334,Loyal
2673,Sharjah,20,102,12204.61,3,4,4,344,Loyal
2487,Abu Dhabi,19,107,12203.70,3,5,4,354,Loyal
2477,Dubai,20,96,12191.98,3,3,4,334,Loyal
4539,Dubai,9,96,12183.74,4,3,4,434,Loyal
2194,Sharjah,19,99,12178.67,3,4,4,344,Loyal
3391,Sharjah,12,106,12174.50,3,5,4,354,Loyal
2363,Sharjah,20,100,12169.05,3,4,4,344,Loyal
342,Dubai,13,99,12158.51,3,3,4,334,Loyal
3081,Abu Dhabi,22,102,12158.16,3,4,4,344,Loyal
2575,Dubai,15,102,12157.93,3,4,4,344,Loyal
1066,Abu Dhabi,21,94,12157.44,3,3,4,334,Loyal
3498,Dubai,14,102,12155.64,3,4,4,344,Loyal
4247,Dubai,19,97,12154.77,3,3,4,334,Loyal
4886,Abu Dhabi,20,94,12153.76,3,3,4,334,Loyal
1753,Dubai,16,102,12152.86,3,4,4,344,Loyal
83,Dubai,1,96,12149.71,5,3,4,534,Loyal
1581,Dubai,3,95,12145.08,5,3,4,534,Loyal
599,Sharjah,12,99,12142.19,3,3,4,334,Loyal
4462,Dubai,12,96,12141.40,3,3,4,334,Loyal
1352,Abu Dhabi,21,98,12140.47,3,3,4,334,Loyal
1247,Sharjah,14,107,12133.73,3,5,4,354,Loyal
2465,Sharjah,6,98,12131.10,4,3,4,434,Loyal
92,Abu Dhabi,22,104,12119.83,3,4,4,344,Loyal
4895,Dubai,0,98,12116.24,5,3,4,534,Loyal
4594,Dubai,2,96,12103.45,5,3,4,534,Loyal
3420,Abu Dhabi,18,100,12102.88,3,4,4,344,Loyal
2079,Sharjah,17,119,12097.77,3,5,4,354,Loyal
4827,Abu Dhabi,6,94,12082.86,4,3,4,434,Loyal
4392,Dubai,12,113,12078.58,3,5,4,354,Loyal
3118,Abu Dhabi,15,115,12077.76,3,5,4,354,Loyal
2805,Sharjah,6,96,12077.29,4,3,4,434,Loyal
1809,Sharjah,5,97,12075.94,4,3,4,434,Loyal
4415,Abu Dhabi,0,94,12072.17,5,3,4,534,Loyal
3711,Abu Dhabi,20,97,12071.60,3,3,4,334,Loyal
4791,Dubai,19,108,12069.84,3,5,4,354,Loyal
4375,Dubai,1,97,12066.74,5,3,4,534,Loyal
271,Abu Dhabi,10,96,12061.97,4,3,4,434,Loyal
3557,Abu Dhabi,20,108,12031.46,3,5,4,354,Loyal
1639,Abu Dhabi,3,97,12023.33,5,3,4,534,Loyal
4547,Dubai,4,95,12019.80,4,3,4,434,Loyal
758,Dubai,19,105,11993.86,3,5,4,354,Loyal
2582,Dubai,19,100,11986.16,3,4,4,344,Loyal
127,Dubai,10,98,11983.27,4,3,4,434,Loyal
2852,Dubai,17,107,11982.47,3,5,4,354,Loyal
3210,Abu Dhabi,14,100,11982.21,3,4,4,344,Loyal
835,Dubai,7,98,11981.32,4,3,4,434,Loyal
4913,Dubai,13,107,11973.43,3,5,4,354,Loyal
17,Sharjah,13,97,11971.82,3,3,4,334,Loyal
4805,Dubai,10,97,11970.51,4,3,4,434,Loyal
2043,Abu Dhabi,13,102,11970.17,3,4,4,344,Loyal
4329,Dubai,2,97,11959.69,5,3,4,534,Loyal
4168,Dubai,7,94,11959.00,4,3,4,434,Loyal
4703,Abu Dhabi,17,102,11958.52,3,4,4,344,Loyal
2208,Sharjah,17,99,11957.45,3,4,4,344,Loyal
507,Abu Dhabi,13,105,11953.49,3,5,4,354,Loyal
4786,Abu Dhabi,13,98,11953.49,3,3,4,334,Loyal
3303,Abu Dhabi,3,95,11946.87,5,3,4,534,Loyal
1729,Abu Dhabi,14,97,11945.86,3,3,4,334,Loyal
1365,Abu Dhabi,12,113,11945.77,3,5,4,354,Loyal
2176,Dubai,22,97,11945.40,3,3,4,334,Loyal
1850,Dubai,7,95,11945.02,4,3,4,434,Loyal
3390,Sharjah,11,94,11943.33,4,3,4,434,Loyal
527,Dubai,12,99,11942.71,3,3,4,334,Loyal
3488,Dubai,0,94,11939.14,5,3,4,534,Loyal
3839,Abu Dhabi,3,96,11935.39,5,3,4,534,Loyal
4373,Dubai,17,102,11935.26,3,4,4,344,Loyal
3140,Dubai,15,106,11935.17,3,5,4,354,Loyal
4193,Dubai,17,108,11932.08,3,5,4,354,Loyal
136,Dubai,14,105,11929.84,3,5,4,354,Loyal
2407,Dubai,19,96,11927.15,3,3,4,334,Loyal
712,Sharjah,9,95,11918.60,4,3,4,434,Loyal
2824,Dubai,3,96,11912.04,5,3,4,534,Loyal
1208,Abu Dhabi,5,98,11909.23,4,3,4,434,Loyal
1507,Dubai,19,110,11896.46,3,5,4,354,Loyal
2469,Abu Dhabi,0,95,11891.23,5,3,4,534,Loyal
4648,Dubai,11,106,11885.02,3,5,4,354,Loyal
147,Dubai,14,115,11877.51,3,5,4,354,Loyal
214,Dubai,21,99,11866.20,3,3,4,334,Loyal
4110,Sharjah,0,98,11857.35,5,3,4,534,Loyal
1197,Sharjah,10,95,11854.79,4,3,4,434,Loyal
4043,Sharjah,21,117,11847.87,3,5,4,354,Loyal
1003,Sharjah,4,99,11836.86,5,3,4,534,Loyal
3874,Dubai,13,117,11835.05,3,5,4,354,Loyal
802,Dubai,13,96,11834.84,3,3,4,334,Loyal
2595,Dubai,12,118,11834.32,3,5,4,354,Loyal
2918,Sharjah,21,107,11832.83,3,5,4,354,Loyal
276,Dubai,17,112,11827.54,3,5,4,354,Loyal
1298,Dubai,12,106,11827.17,3,5,4,354,Loyal
3921,Abu Dhabi,5,98,11823.54,4,3,4,434,Loyal
4879,Dubai,6,96,11818.39,4,3,4,434,Loyal
3704,Abu Dhabi,3,95,11812.85,5,3,4,534,Loyal
1813,Dubai,13,102,11804.51,3,4,4,344,Loyal
3371,Sharjah,3,97,11804.07,5,3,4,534,Loyal
2830,Dubai,20,116,11803.99,3,5,4,354,Loyal
2336,Dubai,3,98,11803.48,5,3,4,534,Loyal
4456,Dubai,6,95,11800.94,4,3,4,434,Loyal
3968,Dubai,8,96,11800.90,4,3,4,434,Loyal
3624,Dubai,16,104,11800.68,3,4,4,344,Loyal
1716,Dubai,18,104,11792.91,3,4,4,344,Loyal
2141,Sharjah,16,107,11790.14,3,5,4,354,Loyal
1285,Dubai,13,97,11787.91,3,3,4,334,Loyal
4638,Abu Dhabi,21,98,11786.75,3,3,4,334,Loyal
1695,Abu Dhabi,3,96,11782.70,5,3,4,534,Loyal
2684,Dubai,17,106,11782.29,3,5,4,354,Loyal
350,Sharjah,5,95,11780.97,4,3,4,434,Loyal
338,Abu Dhabi,6,98,11773.74,4,3,4,434,Loyal
535,Sharjah,13,102,11765.52,3,4,4,344,Loyal
1498,Dubai,20,98,11763.69,3,3,4,334,Loyal
4448,Abu Dhabi,2,97,11761.57,5,3,4,534,Loyal
4757,Dubai,2,98,11759.37,5,3,4,534,Loyal
1453,Abu Dhabi,20,103,11754.66,3,4,4,344,Loyal
3726,Dubai,15,96,11754.43,3,3,4,334,Loyal
1012,Sharjah,19,94,11751.25,3,3,4,334,Loyal
508,Dubai,12,110,11750.29,3,5,4,354,Loyal
4318,Dubai,20,101,11743.40,3,4,4,344,Loyal
4273,Dubai,15,96,11741.71,3,3,4,334,Loyal
3936,Abu Dhabi,13,97,11741.23,3,3,4,334,Loyal
4612,Abu Dhabi,0,97,11737.81,5,3,4,534,Loyal
354,Sharjah,14,98,11731.40,3,3,4,334,Loyal
1628,Dubai,0,95,11731.14,5,3,4,534,Loyal
4924,Abu Dhabi,17,96,11722.01,3,3,4,334,Loyal
70,Dubai,20,111,11718.64,3,5,4,354,Loyal
1542,Abu Dhabi,1,97,11711.49,5,3,4,534,Loyal
104,Sharjah,3,97,11708.36,5,3,4,534,Loyal
4240,Dubai,3,98,11708.25,5,3,4,534,Loyal
626,Dubai,21,103,11705.01,3,4,4,344,Loyal
447,Dubai,8,98,11700.25,4,3,4,434,Loyal
2479,Dubai,19,106,11699.59,3,5,4,354,Loyal
2630,Dubai,20,97,11699.38,3,3,4,334,Loyal
4944,Sharjah,14,114,11695.98,3,5,4,354,Loyal
1787,Dubai,4,96,11692.04,5,3,4,534,Loyal
2874,Dubai,19,101,11691.06,3,4,4,344,Loyal
3911,Dubai,1,94,11684.51,5,3,4,534,Loyal
1912,Sharjah,13,102,11681.70,3,4,4,344,Loyal
2413,Dubai,1,95,11673.95,5,3,4,534,Loyal
972,Dubai,4,94,11672.17,5,3,4,534,Loyal
4782,Abu Dhabi,6,95,11668.70,4,3,4,434,Loyal
4493,Dubai,16,104,11653.43,3,4,4,344,Loyal
940,Dubai,19,105,11651.18,3,5,4,354,Loyal
1328,Abu Dhabi,3,99,11645.03,5,3,4,534,Loyal
195,Abu Dhabi,20,114,11642.71,3,5,4,354,Loyal
5000,Dubai,17,107,11637.86,3,5,4,354,Loyal
3943,Dubai,12,103,11631.77,3,4,4,344,Loyal
3631,Dubai,4,95,11627.46,5,3,4,534,Loyal
2877,Abu Dhabi,19,100,11625.26,3,4,4,344,Loyal
4395,Dubai,14,96,11625.17,3,3,4,334,Loyal
3247,Sharjah,12,103,11621.16,3,4,4,344,Loyal
669,Abu Dhabi,21,98,11617.43,3,3,4,334,Loyal
1751,Dubai,22,113,11616.19,3,5,4,354,Loyal
2429,Sharjah,13,108,11615.70,3,5,4,354,Loyal
3724,Dubai,9,98,11613.83,4,3,4,434,Loyal
1423,Abu Dhabi,10,96,11608.43,4,3,4,434,Loyal
1518,Abu Dhabi,1,96,11598.67,5,3,4,534,Loyal
3314,Dubai,13,98,11598.02,3,3,4,334,Loyal
2608,Dubai,19,101,11595.68,3,4,4,344,Loyal
3973,Dubai,20,97,11592.00,3,3,4,334,Loyal
4413,Dubai,13,100,11583.40,3,4,4,344,Loyal
1400,Dubai,15,98,11582.86,3,3,4,334,Loyal
1558,Abu Dhabi,14,99,11582.29,3,4,4,344,Loyal
4217,Sharjah,21,96,11574.77,3,3,4,334,Loyal
4834,Dubai,14,103,11573.13,3,4,4,344,Loyal
531,Dubai,21,96,11564.55,3,3,4,334,Loyal
1386,Abu Dhabi,18,98,11563.53,3,3,4,334,Loyal
4427,Dubai,0,97,11558.26,5,3,4,534,Loyal
3199,Dubai,13,94,11557.95,3,3,4,334,Loyal
3565,Abu Dhabi,20,99,11547.06,3,4,4,344,Loyal
941,Abu Dhabi,11,97,11536.35,4,3,4,434,Loyal
4454,Dubai,12,105,11535.94,3,5,4,354,Loyal
3666,Abu Dhabi,17,95,11522.08,3,3,4,334,Loyal
1533,Abu Dhabi,4,96,11514.32,5,3,4,534,Loyal
3767,Dubai,2,98,11513.81,5,3,4,534,Loyal
4297,Abu Dhabi,19,107,11507.96,3,5,4,354,Loyal
3578,Sharjah,6,94,11507.19,4,3,4,434,Loyal
4726,Dubai,0,97,11507.10,5,3,4,534,Loyal
27,Sharjah,22,103,11505.40,3,4,4,344,Loyal
4831,Dubai,11,99,11502.75,3,4,4,344,Loyal
1574,Dubai,20,98,11490.37,3,3,4,334,Loyal
4399,Sharjah,20,99,11485.97,3,4,4,344,Loyal
2850,Dubai,0,97,11485.45,5,3,4,534,Loyal
1020,Abu Dhabi,6,97,11475.12,4,3,4,434,Loyal
541,Sharjah,6,99,11472.63,4,3,4,434,Loyal
1106,Dubai,1,95,11457.71,5,3,4,534,Loyal
657,Dubai,6,97,11457.62,4,3,4,434,Loyal
3226,Sharjah,3,95,11454.01,5,3,4,534,Loyal
3736,Dubai,13,96,11452.61,3,3,4,334,Loyal
3550,Dubai,16,95,11444.30,3,3,4,334,Loyal
4939,Dubai,5,96,11444.26,4,3,4,434,Loyal
1593,Sharjah,9,97,11443.39,4,3,4,434,Loyal
4390,Abu Dhabi,16,103,11443.16,3,4,4,344,Loyal
1539,Dubai,4,95,11440.22,5,3,4,534,Loyal
836,Sharjah,4,98,11439.56,5,3,4,534,Loyal
3452,Dubai,21,104,11436.87,3,4,4,344,Loyal
749,Sharjah,11,98,11434.76,4,3,4,434,Loyal
2884,Sharjah,19,99,11427.64,3,4,4,344,Loyal
11,Abu Dhabi,12,107,11427.49,3,5,4,354,Loyal
1190,Abu Dhabi,15,109,11423.60,3,5,4,354,Loyal
3441,Abu Dhabi,6,98,11421.43,4,3,4,434,Loyal
4142,Dubai,17,106,11419.13,3,5,4,354,Loyal
4438,Abu Dhabi,12,105,11415.66,3,5,4,354,Loyal
2914,Dubai,17,96,11414.79,3,3,4,334,Loyal
3326,Dubai,19,103,11410.53,3,4,4,344,Loyal
2765,Dubai,5,94,11409.27,4,3,4,434,Loyal
4468,Dubai,6,95,11409.20,4,3,4,434,Loyal
417,Dubai,19,101,11405.88,3,4,4,344,Loyal
2458,Dubai,1,94,11391.14,5,3,4,534,Loyal
2355,Sharjah,13,102,11389.53,3,4,4,344,Loyal
1750,Dubai,11,96,11384.07,4,3,4,434,Loyal
4422,Dubai,3,94,11379.62,5,3,3,533,Loyal
1041,Dubai,10,97,11379.01,4,3,3,433,Loyal
2831,Dubai,12,94,11374.44,3,3,3,333,Loyal
2436,Sharjah,9,103,11372.39,4,4,3,443,Loyal
2985,Dubai,10,102,11371.15,4,4,3,443,Loyal
1192,Abu Dhabi,4,94,11370.59,5,3,3,533,Loyal
133,Dubai,2,99,11368.45,5,3,3,533,Loyal
3319,Abu Dhabi,10,109,11362.89,4,5,3,453,Loyal
2366,Dubai,0,97,11361.17,5,3,3,533,Loyal
4172,Dubai,19,104,11360.96,3,4,3,343,Loyal
4962,Dubai,4,106,11360.54,4,5,3,453,Loyal
4579,Dubai,8,99,11359.95,4,4,3,443,Loyal
2284,Sharjah,22,100,11357.65,3,4,3,343,Loyal
551,Abu Dhabi,10,117,11356.93,4,5,3,453,Loyal
1119,Sharjah,13,94,11355.02,3,3,3,333,Loyal
3277,Dubai,4,104,11354.99,5,4,3,543,Loyal
4526,Sharjah,12,119,11348.09,3,5,3,353,Loyal
4976,Dubai,1,101,11346.90,5,4,3,543,Loyal
963,Abu Dhabi,9,102,11345.73,4,4,3,443,Loyal
1458,Sharjah,18,104,11344.58,3,4,3,343,Loyal
1342,Abu Dhabi,17,100,11343.52,3,4,3,343,Loyal
411,Dubai,20,97,11343.15,3,3,3,333,Loyal
3569,Dubai,11,100,11342.38,4,4,3,443,Loyal
2440,Sharjah,10,103,11341.63,4,4,3,443,Loyal
3245,Sharjah,5,102,11338.15,4,4,3,443,Loyal
2643,Abu Dhabi,1,100,11334.75,5,4,3,543,Loyal
4149,Abu Dhabi,5,96,11333.25,4,3,3,433,Loyal
953,Abu Dhabi,6,109,11327.81,4,5,3,453,Loyal
3720,Dubai,7,104,11325.67,4,4,3,443,Loyal
2618,Dubai,17,108,11325.48,3,5,3,353,Loyal
4509,Abu Dhabi,16,101,11322.91,3,4,3,343,Loyal
3237,Dubai,3,95,11322.90,5,3,3,533,Loyal
1373,Dubai,0,99,11315.13,5,3,3,533,Loyal
1140,Dubai,15,103,11307.79,3,4,3,343,Loyal
2620,Abu Dhabi,16,108,11303.83,3,5,3,353,Loyal
4849,Dubai,6,99,11302.86,4,4,3,443,Loyal
2189,Abu Dhabi,1,106,11299.98,5,5,3,553,Loyal
3305,Dubai,17,96,11298.22,3,3,3,333,Loyal
1495,Sharjah,9,101,11297.60,4,4,3,443,Loyal
13,Abu Dhabi,20,109,11294.83,3,5,3,353,Loyal
2713,Sharjah,3,107,11292.56,5,5,3,553,Loyal
3264,Dubai,17,109,11292.31,3,5,3,353,Loyal
331,Dubai,11,97,11289.59,4,3,3,433,Loyal
2211,Abu Dhabi,10,95,11287.22,4,3,3,433,Loyal
1355,Abu Dhabi,11,98,11286.23,4,3,3,433,Loyal
2358,Abu Dhabi,22,99,11282.85,3,4,3,343,Loyal
1963,Dubai,3,105,11281.82,5,5,3,553,Loyal
3297,Dubai,0,94,11276.29,5,3,3,533,Loyal
4600,Dubai,0,102,11275.25,5,4,3,543,Loyal
182,Sharjah,2,98,11274.72,5,3,3,533,Loyal
4754,Dubai,2,110,11270.23,5,5,3,553,Loyal
3938,Dubai,4,102,11270.00,5,4,3,543,Loyal
910,Abu Dhabi,7,100,11262.26,4,4,3,443,Loyal
1644,Abu Dhabi,6,94,11261.71,4,3,3,433,Loyal
662,Sharjah,1,96,11261.19,5,3,3,533,Loyal
2428,Abu Dhabi,0,107,11259.63,5,5,3,553,Loyal
1268,Dubai,3,94,11256.25,5,3,3,533,Loyal
546,Dubai,9,106,11254.69,4,5,3,453,Loyal
1562,Abu Dhabi,1,105,11254.35,5,5,3,553,Loyal
4633,Sharjah,8,107,11251.51,4,5,3,453,Loyal
2475,Dubai,2,98,11249.49,5,3,3,533,Loyal
2976,Abu Dhabi,9,103,11247.19,4,4,3,443,Loyal
1058,Abu Dhabi,18,105,11245.31,3,5,3,353,Loyal
4262,Dubai,6,102,11235.82,4,4,3,443,Loyal
1637,Dubai,19,97,11227.80,3,3,3,333,Loyal
2782,Abu Dhabi,19,96,11227.27,3,3,3,333,Loyal
3505,Abu Dhabi,13,103,11223.79,3,4,3,343,Loyal
4533,Abu Dhabi,9,108,11219.32,4,5,3,453,Loyal
3708,Abu Dhabi,7,100,11219.06,4,4,3,443,Loyal
1270,Dubai,10,96,11218.79,4,3,3,433,Loyal
2311,Abu Dhabi,1,100,11217.86,5,4,3,543,Loyal
1294,Dubai,0,100,11215.91,5,4,3,543,Loyal
4230,Dubai,3,99,11215.74,5,4,3,543,Loyal
985,Dubai,22,103,11215.44,3,4,3,343,Loyal
4428,Abu Dhabi,17,97,11215.39,3,3,3,333,Loyal
719,Dubai,1,103,11212.50,5,4,3,543,Loyal
3895,Abu Dhabi,9,102,11206.29,4,4,3,443,Loyal
4613,Abu Dhabi,2,112,11205.36,5,5,3,553,Loyal
1187,Abu Dhabi,3,105,11204.90,5,5,3,553,Loyal
2294,Dubai,1,96,11204.43,5,3,3,533,Loyal
16,Abu Dhabi,1,100,11201.61,5,4,3,543,Loyal
514,Dubai,1,106,11196.21,5,5,3,553,Loyal
1987,Dubai,18,104,11194.01,3,4,3,343,Loyal
4279,Dubai,1,108,11192.69,5,5,3,553,Loyal
2102,Dubai,8,102,11191.12,4,4,3,443,Loyal
4570,Dubai,7,102,11190.30,4,4,3,443,Loyal
3258,Sharjah,12,96,11187.61,3,3,3,333,Loyal
3129,Abu Dhabi,1,102,11182.68,5,4,3,543,Loyal
2635,Dubai,3,112,11174.72,5,5,3,553,Loyal
981,Dubai,5,103,11174.28,4,4,3,443,Loyal
3754,Sharjah,4,96,11174.24,5,3,3,533,Loyal
3897,Dubai,14,100,11173.08,3,4,3,343,Loyal
1390,Dubai,13,96,11173.01,3,3,3,333,Loyal
3586,Dubai,14,98,11168.37,3,3,3,333,Loyal
851,Sharjah,21,95,11168.07,3,3,3,333,Loyal
3753,Dubai,6,96,11164.33,4,3,3,433,Loyal
3551,Abu Dhabi,0,98,11160.12,5,3,3,533,Loyal
2848,Dubai,22,102,11158.64,3,4,3,343,Loyal
3773,Dubai,4,104,11156.92,5,4,3,543,Loyal
532,Sharjah,14,109,11155.49,3,5,3,353,Loyal
947,Dubai,4,112,11152.53,5,5,3,553,Loyal
1283,Abu Dhabi,7,103,11151.52,4,4,3,443,Loyal
2482,Abu Dhabi,0,97,11146.84,5,3,3,533,Loyal
3529,Dubai,10,104,11143.77,4,4,3,443,Loyal
2629,Dubai,6,94,11142.87,4,3,3,433,Loyal
3146,Abu Dhabi,10,100,11141.79,4,4,3,443,Loyal
4348,Dubai,11,113,11139.12,3,5,3,353,Loyal
2276,Dubai,7,104,11131.53,4,4,3,443,Loyal
3020,Dubai,8,100,11130.69,4,4,3,443,Loyal
3952,Dubai,0,102,11127.09,5,4,3,543,Loyal
1232,Dubai,3,99,11124.77,5,3,3,533,Loyal
3977,Dubai,12,102,11121.86,3,4,3,343,Loyal
2882,Dubai,6,100,11114.59,4,4,3,443,Loyal
2644,Abu Dhabi,13,101,11108.88,3,4,3,343,Loyal
2126,Dubai,20,96,11106.51,3,3,3,333,Loyal
1332,Dubai,20,105,11102.41,3,5,3,353,Loyal
3384,Dubai,1,108,11101.75,5,5,3,553,Loyal
1989,Dubai,9,95,11101.70,4,3,3,433,Loyal
1792,Sharjah,1,103,11101.58,5,4,3,543,Loyal
2995,Dubai,4,107,11099.46,5,5,3,553,Loyal
1527,Abu Dhabi,17,104,11099.23,3,4,3,343,Loyal
2544,Dubai,1,109,11099.12,5,5,3,553,Loyal
4449,Dubai,0,100,11099.11,5,4,3,543,Loyal
2974,Abu Dhabi,18,98,11095.64,3,3,3,333,Loyal
106,Sharjah,2,95,11093.94,5,3,3,533,Loyal
1666,Abu Dhabi,1,96,11093.61,5,3,3,533,Loyal
2833,Dubai,1,115,11092.37,5,5,3,553,Loyal
4113,Abu Dhabi,9,104,11092.33,4,4,3,443,Loyal
476,Dubai,3,102,11082.39,5,4,3,543,Loyal
3647,Abu Dhabi,9,94,11078.88,4,3,3,433,Loyal
215,Dubai,9,97,11078.10,4,3,3,433,Loyal
31,Dubai,3,96,11076.46,5,3,3,533,Loyal
3983,Abu Dhabi,19,103,11075.34,3,4,3,343,Loyal
275,Dubai,2,102,11075.26,5,4,3,543,Loyal
4748,Abu Dhabi,8,96,11073.19,4,3,3,433,Loyal
1428,Dubai,0,96,11072.42,5,3,3,533,Loyal
2954,Sharjah,11,100,11072.06,4,4,3,443,Loyal
2555,Dubai,7,94,11069.29,4,3,3,433,Loyal
1504,Sharjah,1,110,11065.76,5,5,3,553,Loyal
879,Sharjah,1,103,11061.09,5,4,3,543,Loyal
189,Abu Dhabi,22,97,11056.77,3,3,3,333,Loyal
2253,Abu Dhabi,16,98,11055.58,3,3,3,333,Loyal
4436,Sharjah,11,107,11055.37,3,5,3,353,Loyal
2362,Sharjah,10,95,11054.72,4,3,3,433,Loyal
3239,Sharjah,8,102,11049.54,4,4,3,443,Loyal
3386,Abu Dhabi,14,101,11047.44,3,4,3,343,Loyal
329,Sharjah,5,97,11045.82,4,3,3,433,Loyal
4125,Abu Dhabi,11,100,11038.98,4,4,3,443,Loyal
1918,Dubai,13,100,11037.10,3,4,3,343,Loyal
2633,Sharjah,20,102,11031.39,3,4,3,343,Loyal
3014,Sharjah,16,101,11021.41,3,4,3,343,Loyal
3153,Dubai,6,97,11020.61,4,3,3,433,Loyal
1345,Abu Dhabi,3,103,11019.82,5,4,3,543,Loyal
3713,Dubai,8,103,11010.99,4,4,3,443,Loyal
3128,Dubai,1,95,11010.55,5,3,3,533,Loyal
4137,Sharjah,1,99,11009.50,5,4,3,543,Loyal
4303,Abu Dhabi,1,99,11009.17,5,4,3,543,Loyal
1740,Dubai,3,98,11005.25,5,3,3,533,Loyal
1326,Sharjah,8,102,11005.03,4,4,3,443,Loyal
3300,Abu Dhabi,2,94,11002.74,5,3,3,533,Loyal
2460,Sharjah,18,113,11002.53,3,5,3,353,Loyal
2,Abu Dhabi,9,108,11002.53,4,5,3,453,Loyal
3826,Dubai,8,100,10999.69,4,4,3,443,Loyal
4084,Dubai,8,103,10992.18,4,4,3,443,Loyal
1082,Abu Dhabi,2,105,10989.63,5,5,3,553,Loyal
3847,Dubai,4,106,10988.90,5,5,3,553,Loyal
3240,Sharjah,21,95,10984.04,3,3,3,333,Loyal
1799,Dubai,8,94,10978.29,4,3,3,433,Loyal
980,Sharjah,18,98,10976.35,3,3,3,333,Loyal
4457,Sharjah,7,103,10975.95,4,4,3,443,Loyal
1259,Abu Dhabi,3,104,10974.79,5,4,3,543,Loyal
752,Dubai,10,104,10969.31,4,4,3,443,Loyal
4947,Abu Dhabi,3,105,10965.29,5,5,3,553,Loyal
1097,Dubai,0,105,10960.30,5,5,3,553,Loyal
2984,Dubai,3,108,10959.19,5,5,3,553,Loyal
2754,Dubai,2,96,10957.15,5,3,3,533,Loyal
4659,Abu Dhabi,11,96,10949.22,3,3,3,333,Loyal
2560,Dubai,5,102,10948.08,4,4,3,443,Loyal
714,Abu Dhabi,5,104,10946.62,4,4,3,443,Loyal
1047,Sharjah,12,104,10944.65,3,4,3,343,Loyal
4753,Dubai,12,97,10942.40,3,3,3,333,Loyal
488,Abu Dhabi,21,110,10940.67,3,5,3,353,Loyal
2162,Dubai,15,104,10938.13,3,4,3,343,Loyal
3605,Dubai,14,100,10937.05,3,4,3,343,Loyal
3078,Sharjah,13,105,10936.48,3,5,3,353,Loyal
4729,Sharjah,11,96,10935.13,3,3,3,333,Loyal
3628,Sharjah,3,98,10930.94,5,3,3,533,Loyal
3955,Abu Dhabi,17,101,10928.91,3,4,3,343,Loyal
3548,Dubai,13,104,10923.12,3,4,3,343,Loyal
4087,Dubai,9,110,10922.17,4,5,3,453,Loyal
3440,Dubai,11,103,10920.65,4,4,3,443,Loyal
2741,Sharjah,20,94,10919.78,3,3,3,333,Loyal
3759,Dubai,3,99,10918.08,5,4,3,543,Loyal
742,Abu Dhabi,8,99,10916.61,4,3,3,433,Loyal
4829,Dubai,3,97,10912.49,5,3,3,533,Loyal
906,Sharjah,15,109,10912.31,3,5,3,353,Loyal
3765,Abu Dhabi,10,98,10907.51,4,3,3,433,Loyal
3087,Sharjah,0,103,10902.55,5,4,3,543,Loyal
1019,Dubai,9,106,10899.73,4,5,3,453,Loyal
2801,Sharjah,8,102,10895.42,4,4,3,443,Loyal
1529,Dubai,12,109,10882.85,3,5,3,353,Loyal
177,Sharjah,4,98,10881.64,5,3,3,533,Loyal
384,Dubai,5,100,10879.14,4,4,3,443,Loyal
3894,Sharjah,9,101,10877.70,4,4,3,443,Loyal
1587,Abu Dhabi,9,94,10873.61,4,3,3,433,Loyal
3117,Dubai,0,103,10871.83,5,4,3,543,Loyal
3141,Dubai,8,99,10871.11,4,4,3,443,Loyal
1771,Abu Dhabi,1,103,10870.46,5,4,3,543,Loyal
865,Sharjah,1,111,10856.24,5,5,3,553,Loyal
2543,Sharjah,8,100,10854.76,4,4,3,443,Loyal
1346,Dubai,22,98,10851.87,3,3,3,333,Loyal
4776,Dubai,8,95,10847.54,4,3,3,433,Loyal
1433,Dubai,20,98,10843.55,3,3,3,333,Loyal
367,Abu Dhabi,12,98,10843.14,3,3,3,333,Loyal
2549,Dubai,20,99,10839.87,3,4,3,343,Loyal
3301,Sharjah,6,107,10838.26,4,5,3,453,Loyal
1238,Dubai,0,95,10831.15,5,3,3,533,Loyal
1685,Abu Dhabi,18,101,10830.84,3,4,3,343,Loyal
4477,Abu Dhabi,17,115,10827.05,3,5,3,353,Loyal
1838,Dubai,3,100,10826.69,5,4,3,543,Loyal
4628,Abu Dhabi,20,105,10824.94,3,5,3,353,Loyal
2751,Sharjah,19,114,10824.36,3,5,3,353,Loyal
164,Abu Dhabi,4,108,10821.63,5,5,3,553,Loyal
803,Dubai,10,105,10820.08,4,5,3,453,Loyal
2077,Dubai,6,101,10816.89,4,4,3,443,Loyal
2802,Abu Dhabi,16,107,10812.25,3,5,3,353,Loyal
173,Dubai,1,104,10811.66,5,4,3,543,Loyal
3359,Dubai,6,95,10808.80,4,3,3,433,Loyal
934,Dubai,14,120,10806.91,3,5,3,353,Loyal
3271,Sharjah,5,97,10804.91,4,3,3,433,Loyal
2698,Dubai,15,118,10804.12,3,5,3,353,Loyal
1085,Abu Dhabi,6,106,10803.50,4,5,3,453,Loyal
4147,Abu Dhabi,6,100,10803.44,4,4,3,443,Loyal
2480,Dubai,8,97,10801.50,4,3,3,433,Loyal
2550,Abu Dhabi,0,108,10798.80,5,5,3,553,Loyal
1657,Dubai,8,109,10798.35,4,5,3,453,Loyal
4623,Sharjah,1,96,10796.42,5,3,3,533,Loyal
316,Abu Dhabi,15,104,10795.54,3,4,3,343,Loyal
2025,Abu Dhabi,12,101,10792.21,3,4,3,343,Loyal
4272,Abu Dhabi,0,106,10789.53,5,5,3,553,Loyal
2105,Dubai,6,101,10788.88,4,4,3,443,Loyal
3429,Dubai,3,94,10788.36,5,3,3,533,Loyal
82,Dubai,8,102,10787.39,4,4,3,443,Loyal
3064,Sharjah,19,94,10784.92,3,3,3,333,Loyal
4123,Dubai,9,94,10783.74,4,3,3,433,Loyal
3901,Abu Dhabi,10,94,10781.03,4,3,3,433,Loyal
2243,Sharjah,0,100,10778.47,5,4,3,543,Loyal
438,Dubai,15,97,10774.97,3,3,3,333,Loyal
3730,Sharjah,16,108,10773.71,3,5,3,353,Loyal
3463,Abu Dhabi,0,95,10771.86,5,3,3,533,Loyal
26,Dubai,12,98,10767.67,3,3,3,333,Loyal
2631,Dubai,0,112,10764.27,5,5,3,553,Loyal
4163,Dubai,0,102,10764.23,5,4,3,543,Loyal
1487,Dubai,0,99,10762.05,5,4,3,543,Loyal
1219,Abu Dhabi,4,94,10759.77,5,3,3,533,Loyal
637,Abu Dhabi,1,104,10756.42,5,4,3,543,Loyal
1519,Abu Dhabi,9,99,10750.67,4,4,3,443,Loyal
4841,Sharjah,2,100,10750.60,5,4,3,543,Loyal
4200,Dubai,12,95,10749.09,3,3,3,333,Loyal
3325,Dubai,14,94,10743.40,3,3,3,333,Loyal
4447,Abu Dhabi,16,99,10739.74,3,4,3,343,Loyal
2828,Dubai,12,99,10736.05,3,4,3,343,Loyal
4407,Sharjah,5,96,10735.50,4,3,3,433,Loyal
620,Abu Dhabi,0,97,10730.57,5,3,3,533,Loyal
4455,Abu Dhabi,0,97,10728.60,5,3,3,533,Loyal
950,Sharjah,1,109,10727.50,5,5,3,553,Loyal
2131,Dubai,7,111,10726.37,4,5,3,453,Loyal
1625,Abu Dhabi,2,107,10723.68,5,5,3,553,Loyal
4389,Sharjah,7,103,10722.38,4,4,3,443,Loyal
4234,Sharjah,15,98,10720.86,3,3,3,333,Loyal
3373,Sharjah,5,101,10720.62,4,4,3,443,Loyal
4064,Dubai,6,94,10719.44,4,3,3,433,Loyal
1646,Abu Dhabi,5,98,10719.20,4,3,3,433,Loyal
4595,Abu Dhabi,11,104,10715.92,3,4,3,343,Loyal
1804,Dubai,0,102,10715.37,5,4,3,543,Loyal
659,Sharjah,2,107,10713.93,5,5,3,553,Loyal
2154,Abu Dhabi,7,105,10711.72,4,5,3,453,Loyal
3985,Dubai,4,94,10702.87,5,3,3,533,Loyal
1731,Sharjah,1,94,10701.16,5,3,3,533,Loyal
1217,Sharjah,1,99,10699.11,5,3,3,533,Loyal
4435,Abu Dhabi,15,95,10698.43,3,3,3,333,Loyal
4195,Sharjah,20,100,10689.53,3,4,3,343,Loyal
1807,Abu Dhabi,12,106,10684.39,3,5,3,353,Loyal
2756,Dubai,13,107,10681.47,3,5,3,353,Loyal
3734,Sharjah,7,94,10675.99,4,3,3,433,Loyal
2116,Abu Dhabi,0,103,10672.05,5,4,3,543,Loyal
3804,Abu Dhabi,4,98,10671.17,5,3,3,533,Loyal
272,Dubai,3,99,10668.05,5,3,3,533,Loyal
4898,Abu Dhabi,14,94,10667.51,3,3,3,333,Loyal
2944,Sharjah,19,99,10664.06,3,4,3,343,Loyal
3193,Dubai,3,100,10650.82,5,4,3,543,Loyal
270,Sharjah,15,106,10644.85,3,5,3,353,Loyal
3903,Dubai,20,97,10644.50,3,3,3,333,Loyal
3229,Abu Dhabi,13,107,10642.23,3,5,3,353,Loyal
3001,Sharjah,1,96,10642.13,5,3,3,533,Loyal
3889,Dubai,21,94,10637.13,3,3,3,333,Loyal
450,Sharjah,10,102,10633.53,4,4,3,443,Loyal
3822,Dubai,8,94,10631.78,4,3,3,433,Loyal
1025,Dubai,17,115,10626.85,3,5,3,353,Loyal
2382,Sharjah,14,110,10623.80,3,5,3,353,Loyal
4108,Abu Dhabi,21,106,10622.15,3,5,3,353,Loyal
3620,Sharjah,16,102,10616.18,3,4,3,343,Loyal
1742,Abu Dhabi,19,105,10614.28,3,5,3,353,Loyal
2443,Sharjah,19,108,10608.00,3,5,3,353,Loyal
796,Dubai,13,96,10607.28,3,3,3,333,Loyal
1895,Abu Dhabi,3,103,10605.36,5,4,3,543,Loyal
1303,Dubai,10,101,10602.77,4,4,3,443,Loyal
4957,Dubai,15,107,10602.63,3,5,3,353,Loyal
2427,Sharjah,9,105,10600.95,4,5,3,453,Loyal
4256,Abu Dhabi,10,99,10595.91,4,4,3,443,Loyal
873,Abu Dhabi,14,99,10591.00,3,3,3,333,Loyal
1797,Abu Dhabi,2,96,10586.54,5,3,3,533,Loyal
1267,Abu Dhabi,20,97,10586.37,3,3,3,333,Loyal
2945,Dubai,0,101,10585.21,5,4,3,543,Loyal
2417,Dubai,3,103,10584.82,5,4,3,543,Loyal
4300,Abu Dhabi,17,94,10581.34,3,3,3,333,Loyal
741,Abu Dhabi,13,101,10579.09,3,4,3,343,Loyal
565,Dubai,10,98,10574.04,4,3,3,433,Loyal
2728,Dubai,18,96,10572.98,3,3,3,333,Loyal
1174,Dubai,0,99,10572.24,5,3,3,533,Loyal
2857,Sharjah,19,106,10570.58,3,5,3,353,Loyal
1892,Dubai,0,105,10566.87,5,5,3,553,Loyal
2012,Sharjah,3,98,10566.33,5,3,3,533,Loyal
663,Dubai,1,111,10565.28,5,5,3,553,Loyal
1674,Dubai,0,101,10560.53,5,4,3,543,Loyal
725,Dubai,0,100,10559.91,5,4,3,543,Loyal
3627,Dubai,2,102,10558.64,5,4,3,543,Loyal
4732,Abu Dhabi,0,109,10556.11,5,5,3,553,Loyal
1001,Sharjah,13,103,10553.99,3,4,3,343,Loyal
131,Sharjah,8,102,10549.55,4,4,3,443,Loyal
29,Dubai,0,96,10543.28,5,3,3,533,Loyal
2590,Dubai,0,95,10537.18,5,3,3,533,Loyal
760,Abu Dhabi,16,100,10536.41,3,4,3,343,Loyal
4582,Abu Dhabi,0,109,10535.93,5,5,3,553,Loyal
2572,Dubai,9,98,10529.62,4,3,3,433,Loyal
3797,Abu Dhabi,6,112,10527.45,4,5,3,453,Loyal
4773,Abu Dhabi,7,110,10525.71,4,5,3,453,Loyal
759,Dubai,0,102,10518.93,5,4,3,543,Loyal
585,Dubai,3,109,10518.48,5,5,3,553,Loyal
358,Abu Dhabi,0,105,10516.67,5,5,3,553,Loyal
1476,Abu Dhabi,14,104,10516.05,3,4,3,343,Loyal
3401,Sharjah,3,99,10513.75,5,4,3,543,Loyal
3105,Abu Dhabi,18,97,10502.96,3,3,3,333,Loyal
2826,Dubai,5,96,10502.42,4,3,3,433,Loyal
4199,Dubai,4,111,10500.92,4,5,3,453,Loyal
1689,Abu Dhabi,2,100,10500.27,5,4,3,543,Loyal
1571,Abu Dhabi,4,101,10500.10,5,4,3,543,Loyal
1506,Dubai,4,102,10498.78,5,4,3,543,Loyal
1491,Dubai,3,99,10498.12,5,4,3,543,Loyal
2313,Sharjah,3,98,10495.88,5,3,3,533,Loyal
1157,Dubai,8,109,10489.23,4,5,3,453,Loyal
4550,Abu Dhabi,11,95,10486.99,3,3,3,333,Loyal
654,Sharjah,13,98,10479.57,3,3,3,333,Loyal
2255,Abu Dhabi,16,96,10475.59,3,3,3,333,Loyal
3241,Sharjah,2,96,10474.38,5,3,3,533,Loyal
789,Abu Dhabi,8,96,10473.83,4,3,3,433,Loyal
2611,Dubai,4,95,10470.45,5,3,3,533,Loyal
3637,Dubai,9,100,10469.47,4,4,3,443,Loyal
374,Sharjah,11,95,10469.29,4,3,3,433,Loyal
1949,Dubai,17,94,10464.90,3,3,3,333,Loyal
3789,Dubai,0,100,10464.86,5,4,3,543,Loyal
1205,Dubai,5,98,10461.62,4,3,3,433,Loyal
4800,Dubai,5,103,10455.92,4,4,3,443,Loyal
1855,Dubai,20,98,10454.26,3,3,3,333,Loyal
1048,Dubai,21,101,10448.73,3,4,3,343,Loyal
635,Sharjah,19,103,10448.11,3,4,3,343,Loyal
2495,Sharjah,18,109,10442.47,3,5,3,353,Loyal
4157,Sharjah,6,100,10441.55,4,4,3,443,Loyal
2894,Abu Dhabi,19,97,10441.32,3,3,3,333,Loyal
4165,Dubai,1,100,10439.55,5,4,3,543,Loyal
2870,Abu Dhabi,0,102,10437.69,5,4,3,543,Loyal
2049,Dubai,13,101,10435.68,3,4,3,343,Loyal
2033,Dubai,18,97,10431.52,3,3,3,333,Loyal
4498,Dubai,8,103,10428.23,4,4,3,443,Loyal
2735,Dubai,13,99,10424.06,3,4,3,343,Loyal
4441,Abu Dhabi,15,104,10422.97,3,4,3,343,Loyal
4963,Abu Dhabi,11,97,10422.09,3,3,3,333,Loyal
2008,Dubai,3,102,10421.20,5,4,3,543,Loyal
4205,Abu Dhabi,15,95,10415.19,3,3,3,333,Loyal
4807,Abu Dhabi,6,111,10412.46,4,5,3,453,Loyal
563,Dubai,17,100,10412.26,3,4,3,343,Loyal
4674,Dubai,19,104,10410.88,3,4,2,342,Loyal
1606,Dubai,1,102,10405.28,5,4,2,542,Loyal
81,Dubai,2,110,10395.12,5,5,2,552,Loyal
2258,Dubai,6,100,10388.53,4,4,2,442,Loyal
2710,Dubai,16,104,10387.25,3,4,2,342,Loyal
630,Dubai,9,100,10381.53,4,4,2,442,Loyal
1744,Abu Dhabi,16,96,10381.44,3,3,2,332,Loyal
1234,Dubai,11,108,10377.00,4,5,2,452,Loyal
4714,Abu Dhabi,2,109,10376.66,5,5,2,552,Loyal
3916,Abu Dhabi,21,96,10372.21,3,3,2,332,Loyal
1460,Dubai,2,115,10370.76,5,5,2,552,Loyal
4126,Dubai,20,110,10369.65,3,5,2,352,Loyal
2459,Dubai,1,103,10363.16,5,4,2,542,Loyal
4522,Dubai,1,97,10362.27,5,3,2,532,Loyal
1698,Sharjah,2,100,10359.69,5,4,2,542,Loyal
45,Abu Dhabi,9,101,10358.65,4,4,2,442,Loyal
4590,Dubai,4,102,10351.77,4,4,2,442,Loyal
3021,Sharjah,19,95,10347.87,3,3,2,332,Loyal
3219,Dubai,0,103,10347.15,5,4,2,542,Loyal
4859,Dubai,1,103,10346.88,5,4,2,542,Loyal
2709,Dubai,20,117,10345.54,3,5,2,352,Loyal
3530,Dubai,15,101,10343.10,3,4,2,342,Loyal
33,Sharjah,1,103,10339.84,5,4,2,542,Loyal
4073,Dubai,5,109,10335.85,4,5,2,452,Loyal
1435,Sharjah,9,117,10328.82,4,5,2,452,Loyal
555,Dubai,3,106,10326.66,5,5,2,552,Loyal
2695,Dubai,8,107,10319.48,4,5,2,452,Loyal
3423,Sharjah,2,95,10317.20,5,3,2,532,Loyal
3962,Sharjah,4,101,10312.67,5,4,2,542,Loyal
2907,Abu Dhabi,12,95,10312.13,3,3,2,332,Loyal
1994,Dubai,2,97,10311.82,5,3,2,532,Loyal
2500,Dubai,6,103,10311.02,4,4,2,442,Loyal
1650,Dubai,17,100,10304.20,3,4,2,342,Loyal
259,Dubai,2,100,10303.10,5,4,2,542,Loyal
2593,Dubai,12,117,10302.16,3,5,2,352,Loyal
1634,Abu Dhabi,4,97,10297.30,5,3,2,532,Loyal
1911,Abu Dhabi,13,95,10294.96,3,3,2,332,Loyal
2285,Abu Dhabi,6,103,10291.74,4,4,2,442,Loyal
4040,Sharjah,1,95,10288.19,5,3,2,532,Loyal
4912,Dubai,17,98,10284.48,3,3,2,332,Loyal
761,Sharjah,6,94,10282.55,4,3,2,432,Loyal
1821,Abu Dhabi,2,102,10278.08,5,4,2,542,Loyal
1656,Dubai,13,97,10277.79,3,3,2,332,Loyal
2045,Dubai,1,105,10277.62,5,5,2,552,Loyal
4711,Dubai,4,99,10274.85,4,4,2,442,Loyal
3755,Dubai,10,105,10267.33,4,5,2,452,Loyal
1318,Dubai,2,94,10265.27,5,3,2,532,Loyal
1860,Dubai,20,98,10262.52,3,3,2,332,Loyal
536,Dubai,14,112,10260.63,3,5,2,352,Loyal
4821,Abu Dhabi,12,99,10259.71,3,4,2,342,Loyal
3374,Abu Dhabi,5,107,10256.91,4,5,2,452,Loyal
2784,Abu Dhabi,10,107,10255.82,4,5,2,452,Loyal
3884,Dubai,15,106,10251.70,3,5,2,352,Loyal
4987,Sharjah,18,96,10251.60,3,3,2,332,Loyal
756,Sharjah,3,104,10248.20,5,4,2,542,Loyal
4362,Sharjah,4,100,10246.66,4,4,2,442,Loyal
4189,Dubai,0,94,10246.57,5,3,2,532,Loyal
4264,Abu Dhabi,3,98,10245.36,5,3,2,532,Loyal
1925,Sharjah,9,107,10238.38,4,5,2,452,Loyal
2766,Dubai,8,106,10236.43,4,5,2,452,Loyal
4697,Abu Dhabi,6,101,10233.53,4,4,2,442,Loyal
902,Sharjah,16,103,10231.30,3,4,2,342,Loyal
1162,Dubai,8,100,10229.08,4,4,2,442,Loyal
2095,Dubai,16,97,10225.26,3,3,2,332,Loyal
4715,Dubai,5,100,10223.79,4,4,2,442,Loyal
1556,Dubai,6,96,10222.29,4,3,2,432,Loyal
1176,Sharjah,0,99,10216.78,5,3,2,532,Loyal
18,Dubai,12,103,10215.82,3,4,2,342,Loyal
699,Dubai,9,100,10212.80,4,4,2,442,Loyal
1467,Sharjah,4,105,10211.60,5,5,2,552,Loyal
1819,Dubai,17,101,10210.51,3,4,2,342,Loyal
2282,Abu Dhabi,1,111,10200.38,5,5,2,552,Loyal
2716,Dubai,3,105,10195.27,5,5,2,552,Loyal
3757,Abu Dhabi,5,105,10194.60,4,5,2,452,Loyal
328,Dubai,4,96,10194.43,5,3,2,532,Loyal
3290,Abu Dhabi,3,99,10181.23,5,4,2,542,Loyal
2685,Sharjah,21,94,10179.95,3,3,2,332,Loyal
2140,Sharjah,7,108,10177.08,4,5,2,452,Loyal
771,Dubai,17,102,10176.08,3,4,2,342,Loyal
3227,Dubai,10,104,10175.79,4,4,2,442,Loyal
4596,Abu Dhabi,20,95,10174.80,3,3,2,332,Loyal
4141,Dubai,8,94,10174.18,4,3,2,432,Loyal
3354,Dubai,10,98,10173.89,4,3,2,432,Loyal
4951,Dubai,14,96,10172.27,3,3,2,332,Loyal
1128,Sharjah,3,107,10171.13,5,5,2,552,Loyal
2645,Abu Dhabi,1,106,10170.65,5,5,2,552,Loyal
4012,Abu Dhabi,9,108,10170.41,4,5,2,452,Loyal
1841,Sharjah,5,94,10169.30,4,3,2,432,Loyal
4516,Abu Dhabi,6,97,10160.81,4,3,2,432,Loyal
469,Abu Dhabi,1,100,10152.52,5,4,2,542,Loyal
4552,Dubai,20,103,10150.48,3,4,2,342,Loyal
826,Abu Dhabi,8,95,10148.88,4,3,2,432,Loyal
3357,Dubai,2,99,10141.72,5,4,2,542,Loyal
4066,Dubai,10,102,10141.30,4,4,2,442,Loyal
4314,Dubai,19,98,10140.60,3,3,2,332,Loyal
8,Dubai,5,98,10133.17,4,3,2,432,Loyal
3776,Sharjah,12,107,10124.98,3,5,2,352,Loyal
4598,Abu Dhabi,20,99,10123.09,3,4,2,342,Loyal
1471,Dubai,0,99,10115.26,5,4,2,542,Loyal
1499,Dubai,7,107,10113.11,4,5,2,452,Loyal
4034,Dubai,18,96,10111.40,3,3,2,332,Loyal
4453,Dubai,3,101,10110.11,5,4,2,542,Loyal
2803,Sharjah,21,97,10101.59,3,3,2,332,Loyal
178,Abu Dhabi,19,103,10098.40,3,4,2,342,Loyal
658,Dubai,12,101,10095.75,3,4,2,342,Loyal
4138,Dubai,19,107,10089.05,3,5,2,352,Loyal
346,Dubai,4,105,10086.65,5,5,2,552,Loyal
2379,Dubai,0,95,10085.51,5,3,2,532,Loyal
2988,Dubai,7,100,10078.57,4,4,2,442,Loyal
744,Dubai,12,95,10074.10,3,3,2,332,Loyal
4961,Abu Dhabi,3,94,10071.20,5,3,2,532,Loyal
2947,Dubai,0,97,10066.55,5,3,2,532,Loyal
4226,Sharjah,8,109,10065.37,4,5,2,452,Loyal
2422,Sharjah,2,97,10059.08,5,3,2,532,Loyal
1510,Sharjah,22,102,10058.01,3,4,2,342,Loyal
4464,Abu Dhabi,6,101,10057.04,4,4,2,442,Loyal
1904,Dubai,0,104,10054.98,5,4,2,542,Loyal
2940,Dubai,17,96,10053.54,3,3,2,332,Loyal
1613,Sharjah,4,102,10052.17,5,4,2,542,Loyal
2287,Abu Dhabi,11,97,10051.74,4,3,2,432,Loyal
587,Sharjah,6,106,10047.04,4,5,2,452,Loyal
4737,Sharjah,17,104,10039.44,3,5,2,352,Loyal
3282,Dubai,8,100,10038.19,4,4,2,442,Loyal
3661,Abu Dhabi,15,100,10036.65,3,4,2,342,Loyal
1932,Abu Dhabi,1,102,10033.67,5,4,2,542,Loyal
1680,Abu Dhabi,3,104,10031.94,5,4,2,542,Loyal
3652,Abu Dhabi,9,94,10030.25,4,3,2,432,Loyal
680,Dubai,0,94,10028.80,5,3,2,532,Loyal
1887,Abu Dhabi,10,95,10026.72,4,3,2,432,Loyal
72,Dubai,2,107,10022.70,5,5,2,552,Loyal
2794,Abu Dhabi,11,102,10020.55,4,4,2,442,Loyal
2777,Abu Dhabi,7,100,10020.29,4,4,2,442,Loyal
1879,Sharjah,15,94,10020.03,3,3,2,332,Loyal
4419,Abu Dhabi,16,102,10016.07,3,4,2,342,Loyal
339,Dubai,0,100,10011.17,5,4,2,542,Loyal
3482,Sharjah,21,97,10009.35,3,3,2,332,Loyal
3334,Dubai,9,100,10005.83,4,4,2,442,Loyal
3549,Dubai,13,112,10001.33,3,5,2,352,Loyal
1022,Sharjah,5,94,9990.00,4,3,2,432,Loyal
4964,Dubai,10,106,9985.43,4,5,2,452,Loyal
4666,Dubai,7,95,9975.24,4,3,2,432,Loyal
50,Abu Dhabi,5,102,9973.63,4,4,2,442,Loyal
2381,Sharjah,2,104,9973.21,5,4,2,542,Loyal
1755,Dubai,16,103,9972.79,3,4,2,342,Loyal
1929,Dubai,5,107,9971.23,4,5,2,452,Loyal
2738,Abu Dhabi,2,100,9969.08,5,4,2,542,Loyal
3369,Dubai,15,103,9968.33,3,4,2,342,Loyal
2041,Abu Dhabi,2,101,9965.56,5,4,2,542,Loyal
41,Abu Dhabi,17,95,9964.67,3,3,2,332,Loyal
1116,Abu Dhabi,6,94,9963.51,4,3,2,432,Loyal
1901,Dubai,1,105,9957.31,5,5,2,552,Loyal
1909,Sharjah,0,95,9957.23,5,3,2,532,Loyal
3947,Dubai,20,99,9956.53,3,4,2,342,Loyal
484,Sharjah,17,103,9948.47,3,4,2,342,Loyal
2372,Sharjah,11,97,9941.94,4,3,2,432,Loyal
3842,Abu Dhabi,2,96,9935.74,5,3,2,532,Loyal
2736,Dubai,0,98,9934.71,5,3,2,532,Loyal
1886,Sharjah,7,106,9930.99,4,5,2,452,Loyal
1151,Dubai,0,95,9926.01,5,3,2,532,Loyal
4129,Dubai,15,96,9925.26,3,3,2,332,Loyal
3974,Abu Dhabi,21,98,9921.79,3,3,2,332,Loyal
1374,Sharjah,10,110,9920.90,4,5,2,452,Loyal
430,Dubai,7,104,9911.57,4,4,2,442,Loyal
2155,Dubai,6,96,9904.75,4,3,2,432,Loyal
4935,Dubai,11,96,9903.10,3,3,2,332,Loyal
228,Sharjah,16,114,9893.12,3,5,2,352,Loyal
2876,Dubai,3,99,9890.89,5,4,2,542,Loyal
1868,Dubai,20,106,9890.43,3,5,2,352,Loyal
1224,Dubai,0,106,9889.77,5,5,2,552,Loyal
1816,Abu Dhabi,0,104,9877.76,5,4,2,542,Loyal
2481,Dubai,6,101,9875.69,4,4,2,442,Loyal
645,Sharjah,21,95,9869.26,3,3,2,332,Loyal
4397,Dubai,1,112,9868.81,5,5,2,552,Loyal
544,Abu Dhabi,3,99,9866.82,5,3,2,532,Loyal
2023,Dubai,16,102,9864.78,3,4,2,342,Loyal
1767,Dubai,8,95,9863.93,4,3,2,432,Loyal
1296,Dubai,3,100,9862.72,5,4,2,542,Loyal
95,Sharjah,8,97,9862.42,4,3,2,432,Loyal
3196,Dubai,6,94,9847.84,4,3,2,432,Loyal
4255,Dubai,4,98,9836.51,4,3,2,432,Loyal
3743,Sharjah,9,94,9834.81,4,3,2,432,Loyal
3251,Dubai,11,96,9834.27,4,3,2,432,Loyal
4830,Dubai,14,99,9831.83,3,4,2,342,Loyal
2861,Dubai,15,95,9822.79,3,3,2,332,Loyal
4051,Dubai,10,106,9816.56,4,5,2,452,Loyal
2722,Abu Dhabi,1,103,9816.18,5,4,2,542,Loyal
4312,Sharjah,17,95,9801.07,3,3,2,332,Loyal
845,Dubai,9,112,9800.34,4,5,2,452,Loyal
2332,Dubai,19,103,9796.69,3,4,2,342,Loyal
770,Abu Dhabi,2,98,9791.49,5,3,2,532,Loyal
3533,Sharjah,22,101,9780.92,3,4,2,342,Loyal
2062,Dubai,1,109,9770.80,5,5,2,552,Loyal
287,Sharjah,3,100,9761.80,5,4,2,542,Loyal
3098,Sharjah,0,97,9759.15,5,3,2,532,Loyal
4772,Abu Dhabi,19,96,9758.90,3,3,2,332,Loyal
198,Abu Dhabi,17,97,9758.32,3,3,2,332,Loyal
2184,Dubai,10,97,9751.72,4,3,2,432,Loyal
1736,Dubai,5,104,9744.22,4,4,2,442,Loyal
3846,Dubai,9,94,9740.23,4,3,2,432,Loyal
3574,Dubai,19,108,9735.88,3,5,2,352,Loyal
1152,Dubai,1,94,9732.10,5,3,2,532,Loyal
853,Dubai,1,101,9729.83,5,4,2,542,Loyal
4665,Dubai,0,100,9722.99,5,4,2,542,Loyal
849,Sharjah,14,103,9712.47,3,4,2,342,Loyal
2816,Dubai,13,97,9706.95,3,3,2,332,Loyal
2665,Abu Dhabi,6,103,9706.62,4,4,2,442,Loyal
717,Abu Dhabi,3,110,9691.38,5,5,2,552,Loyal
4767,Abu Dhabi,1,94,9690.89,5,3,2,532,Loyal
1754,Dubai,1,102,9684.09,5,4,2,542,Loyal
1168,Dubai,15,100,9679.25,3,4,2,342,Loyal
539,Dubai,5,98,9678.95,4,3,2,432,Loyal
1526,Sharjah,8,94,9677.59,4,3,2,432,Loyal
4322,Dubai,19,98,9665.99,3,3,2,332,Loyal
569,Sharjah,0,103,9663.52,5,4,2,542,Loyal
2305,Abu Dhabi,12,100,9659.66,3,4,2,342,Loyal
1281,Abu Dhabi,22,94,9659.46,3,3,2,332,Loyal
1084,Abu Dhabi,10,95,9656.26,4,3,2,432,Loyal
2142,Dubai,18,97,9642.20,3,3,2,332,Loyal
4292,Sharjah,12,101,9641.16,3,4,2,342,Loyal
3466,Abu Dhabi,7,102,9634.64,4,4,2,442,Loyal
4096,Abu Dhabi,10,103,9627.46,4,4,2,442,Loyal
4275,Dubai,2,94,9622.62,5,3,2,532,Loyal
2699,Abu Dhabi,7,101,9616.83,4,4,2,442,Loyal
2655,Dubai,4,104,9600.39,5,4,2,542,Loyal
4672,Dubai,18,97,9599.04,3,3,2,332,Loyal
1907,Dubai,20,104,9587.09,3,4,2,342,Loyal
3308,Dubai,19,100,9587.08,3,4,2,342,Loyal
4777,Dubai,20,96,9586.57,3,3,2,332,Loyal
505,Dubai,4,97,9582.66,5,3,2,532,Loyal
2145,Sharjah,22,94,9582.63,3,3,2,332,Loyal
1684,Dubai,4,96,9581.13,5,3,2,532,Loyal
2369,Dubai,10,98,9577.38,4,3,2,432,Loyal
3570,Dubai,2,101,9566.13,5,4,2,542,Loyal
2788,Dubai,3,98,9563.57,5,3,2,532,Loyal
3230,Abu Dhabi,6,94,9549.31,4,3,2,432,Loyal
1015,Sharjah,11,100,9548.06,4,4,2,442,Loyal
2364,Dubai,5,96,9535.17,4,3,2,432,Loyal
2733,Dubai,0,100,9533.79,5,4,2,542,Loyal
1455,Sharjah,0,100,9530.85,5,4,2,542,Loyal
3556,Dubai,0,96,9524.81,5,3,2,532,Loyal
1222,Abu Dhabi,12,101,9519.62,3,4,2,342,Loyal
3177,Abu Dhabi,17,99,9519.37,3,4,2,342,Loyal
2274,Sharjah,19,106,9519.28,3,5,2,352,Loyal
1717,Abu Dhabi,1,98,9515.21,5,3,2,532,Loyal
4696,Abu Dhabi,3,98,9510.56,5,3,2,532,Loyal
1240,Sharjah,4,94,9510.49,5,3,2,532,Loyal
2466,Dubai,6,102,9509.35,4,4,2,442,Loyal
2401,Abu Dhabi,21,96,9501.20,3,3,2,332,Loyal
4716,Sharjah,8,111,9488.58,4,5,2,452,Loyal
4708,Dubai,12,100,9485.14,3,4,2,342,Loyal
1040,Abu Dhabi,6,105,9483.83,4,5,2,452,Loyal
2873,Abu Dhabi,3,103,9469.35,5,4,2,542,Loyal
1872,Dubai,22,95,9468.87,3,3,2,332,Loyal
277,Abu Dhabi,20,96,9466.69,3,3,2,332,Loyal
1917,Sharjah,22,97,9461.87,3,3,2,332,Loyal
2091,Dubai,5,100,9452.72,4,4,2,442,Loyal
321,Abu Dhabi,10,100,9438.41,4,4,2,442,Loyal
4543,Abu Dhabi,5,98,9438.36,4,3,2,432,Loyal
4661,Dubai,0,117,9437.90,5,5,2,552,Loyal
3576,Sharjah,11,98,9434.64,4,3,2,432,Loyal
1204,Abu Dhabi,9,103,9433.04,4,4,2,442,Loyal
4005,Dubai,0,94,9430.06,5,3,2,532,Loyal
1272,Dubai,2,102,9429.18,5,4,2,542,Loyal
62,Sharjah,3,99,9419.86,5,3,2,532,Loyal
3166,Dubai,20,97,9405.13,3,3,2,332,Loyal
1306,Abu Dhabi,16,97,9400.49,3,3,2,332,Loyal
3106,Abu Dhabi,6,105,9398.48,4,5,2,452,Loyal
3213,Sharjah,3,94,9398.25,5,3,2,532,Loyal
479,Abu Dhabi,20,102,9397.16,3,4,2,342,Loyal
4109,Sharjah,1,101,9388.06,5,4,2,542,Loyal
1528,Dubai,9,94,9372.34,4,3,2,432,Loyal
3218,Sharjah,0,94,9363.06,5,3,2,532,Loyal
1567,Abu Dhabi,9,103,9362.89,4,4,1,441,Loyal
700,Dubai,1,97,9360.32,5,3,1,531,Loyal
956,Dubai,9,97,9356.07,4,3,1,431,Loyal
141,Dubai,2,100,9353.70,5,4,1,541,Loyal
2872,Dubai,18,96,9351.33,3,3,1,331,Loyal
3862,Abu Dhabi,10,109,9349.58,4,5,1,451,Loyal
3039,Abu Dhabi,11,97,9342.80,4,3,1,431,Loyal
4162,Abu Dhabi,1,94,9339.29,5,3,1,531,Loyal
2148,Dubai,7,99,9335.15,4,4,1,441,Loyal
1620,Abu Dhabi,8,103,9329.14,4,4,1,441,Loyal
3622,Dubai,10,96,9325.17,4,3,1,431,Loyal
3702,Dubai,1,95,9321.45,5,3,1,531,Loyal
3892,Dubai,3,99,9313.74,5,4,1,541,Loyal
3751,Dubai,8,95,9307.60,4,3,1,431,Loyal
4837,Dubai,7,98,9300.74,4,3,1,431,Loyal
3422,Abu Dhabi,10,109,9298.74,4,5,1,451,Loyal
1768,Abu Dhabi,6,103,9295.22,4,4,1,441,Loyal
2865,Dubai,5,108,9293.57,4,5,1,451,Loyal
382,Dubai,15,95,9290.57,3,3,1,331,Loyal
1229,Abu Dhabi,20,96,9289.59,3,3,1,331,Loyal
4634,Dubai,4,97,9285.76,4,3,1,431,Loyal
2725,Dubai,15,94,9277.81,3,3,1,331,Loyal
4880,Sharjah,2,102,9270.41,5,4,1,541,Loyal
2179,Dubai,4,103,9256.37,5,4,1,541,Loyal
2559,Sharjah,6,94,9227.08,4,3,1,431,Loyal
429,Sharjah,0,96,9223.32,5,3,1,531,Loyal
2471,Abu Dhabi,3,96,9220.15,5,3,1,531,Loyal
2496,Dubai,1,95,9213.79,5,3,1,531,Loyal
3503,Dubai,20,94,9213.38,3,3,1,331,Loyal
3927,Sharjah,15,94,9205.22,3,3,1,331,Loyal
2607,Dubai,8,97,9199.13,4,3,1,431,Loyal
3309,Dubai,17,94,9195.72,3,3,1,331,Loyal
1043,Abu Dhabi,9,97,9195.25,4,3,1,431,Loyal
2494,Dubai,12,102,9184.22,3,4,1,341,Loyal
3629,Dubai,2,101,9182.58,5,4,1,541,Loyal
925,Sharjah,12,100,9177.96,3,4,1,341,Loyal
4532,Abu Dhabi,3,94,9174.58,5,3,1,531,Loyal
2398,Sharjah,18,102,9159.14,3,4,1,341,Loyal
855,Dubai,7,97,9158.43,4,3,1,431,Loyal
4591,Dubai,12,100,9155.90,3,4,1,341,Loyal
918,Sharjah,9,98,9149.68,4,3,1,431,Loyal
1670,Dubai,15,99,9146.77,3,4,1,341,Loyal
1055,Dubai,5,94,9145.78,4,3,1,431,Loyal
2658,Abu Dhabi,17,102,9128.05,3,4,1,341,Loyal
793,Dubai,8,94,9118.63,4,3,1,431,Loyal
1029,Dubai,9,106,9112.53,4,5,1,451,Loyal
3866,Abu Dhabi,9,98,9108.01,4,3,1,431,Loyal
3449,Dubai,3,100,9097.67,5,4,1,541,Loyal
4002,Dubai,1,99,9091.56,5,4,1,541,Loyal
1802,Dubai,1,95,9084.74,5,3,1,531,Loyal
427,Sharjah,21,99,9081.47,3,3,1,331,Loyal
3382,Abu Dhabi,4,95,9066.63,5,3,1,531,Loyal
821,Abu Dhabi,10,96,9054.14,4,3,1,431,Loyal
4603,Abu Dhabi,6,97,9048.20,4,3,1,431,Loyal
3580,Dubai,4,97,9047.78,5,3,1,531,Loyal
517,Sharjah,0,95,9043.94,5,3,1,531,Loyal
3747,Sharjah,11,101,9028.48,4,4,1,441,Loyal
1693,Abu Dhabi,5,102,9019.17,4,4,1,441,Loyal
4548,Abu Dhabi,0,100,9013.86,5,4,1,541,Loyal
2402,Dubai,16,101,8980.59,3,4,1,341,Loyal
2909,Abu Dhabi,18,98,8977.67,3,3,1,331,Loyal
600,Abu Dhabi,10,104,8975.89,4,4,1,441,Loyal
452,Dubai,9,108,8963.21,4,5,1,451,Loyal
2090,Dubai,5,112,8951.85,4,5,1,451,Loyal
1221,Dubai,0,95,8947.90,5,3,1,531,Loyal
1262,Abu Dhabi,12,96,8937.60,3,3,1,331,Loyal
4730,Dubai,17,97,8937.40,3,3,1,331,Loyal
1732,Sharjah,3,99,8927.99,5,4,1,541,Loyal
3833,Abu Dhabi,6,97,8926.21,4,3,1,431,Loyal
595,Dubai,12,96,8913.67,3,3,1,331,Loyal
4765,Dubai,17,100,8899.07,3,4,1,341,Loyal
1135,Abu Dhabi,0,97,8893.79,5,3,1,531,Loyal
674,Dubai,6,99,8893.22,4,3,1,431,Loyal
1597,Dubai,20,95,8892.44,3,3,1,331,Loyal
1427,Dubai,12,96,8890.79,3,3,1,331,Loyal
936,Abu Dhabi,0,97,8887.57,5,3,1,531,Loyal
56,Dubai,15,102,8882.22,3,4,1,341,Loyal
1920,Dubai,14,96,8874.48,3,3,1,331,Loyal
2931,Dubai,0,97,8861.73,5,3,1,531,Loyal
2299,Dubai,3,94,8851.01,5,3,1,531,Loyal
2435,Dubai,1,97,8837.79,5,3,1,531,Loyal
497,Dubai,5,95,8834.77,4,3,1,431,Loyal
150,Abu Dhabi,14,113,8832.54,3,5,1,351,Loyal
3404,Dubai,1,94,8831.22,5,3,1,531,Loyal
335,Sharjah,9,109,8817.19,4,5,1,451,Loyal
3389,Sharjah,2,111,8797.18,5,5,1,551,Loyal
676,Dubai,19,104,8789.95,3,4,1,341,Loyal
285,Dubai,3,98,8781.51,5,3,1,531,Loyal
3497,Dubai,2,105,8771.56,5,5,1,551,Loyal
924,Sharjah,5,94,8760.94,4,3,1,431,Loyal
1249,Dubai,19,98,8743.17,3,3,1,331,Loyal
471,Dubai,4,98,8735.78,5,3,1,531,Loyal
1659,Dubai,21,102,8699.04,3,4,1,341,Loyal
860,Dubai,14,102,8651.88,3,4,1,341,Loyal
4018,Dubai,5,96,8650.68,4,3,1,431,Loyal
762,Sharjah,4,94,8638.52,5,3,1,531,Loyal
3158,Dubai,10,95,8615.32,4,3,1,431,Loyal
2270,Sharjah,22,97,8581.64,3,3,1,331,Loyal
3450,Dubai,2,96,8578.67,5,3,1,531,Loyal
3970,Abu Dhabi,3,106,8565.24,5,5,1,551,Loyal
3312,Dubai,14,96,8561.22,3,3,1,331,Loyal
3185,Dubai,10,96,8561.21,4,3,1,431,Loyal
1603,Abu Dhabi,14,96,8549.76,3,3,1,331,Loyal
4140,Dubai,19,94,8525.36,3,3,1,331,Loyal
2619,Dubai,11,103,8507.05,4,4,1,441,Loyal
3356,Dubai,21,100,8503.84,3,4,1,341,Loyal
2889,Dubai,1,98,8499.30,5,3,1,531,Loyal
4484,Dubai,4,97,8492.08,4,3,1,431,Loyal
4738,Dubai,0,96,8483.46,5,3,1,531,Loyal
1231,Dubai,14,107,8478.58,3,5,1,351,Loyal
102,Sharjah,8,105,8465.83,4,5,1,451,Loyal
477,Sharjah,1,98,8455.23,5,3,1,531,Loyal
1069,Sharjah,22,101,8409.75,3,4,1,341,Loyal
3332,Dubai,8,101,8330.27,4,4,1,441,Loyal
1418,Sharjah,8,101,8300.72,4,4,1,441,Loyal
3192,Sharjah,4,96,8293.28,5,3,1,531,Loyal
3766,Sharjah,16,102,8279.31,3,4,1,341,Loyal
2721,Abu Dhabi,11,96,8271.17,4,3,1,431,Loyal
1439,Dubai,6,97,8266.05,4,3,1,431,Loyal
4764,Dubai,1,97,8226.58,5,3,1,531,Loyal
3075,Abu Dhabi,20,94,8213.39,3,3,1,331,Loyal
4391,Dubai,9,96,8178.91,4,3,1,431,Loyal
3203,Abu Dhabi,14,95,8173.75,3,3,1,331,Loyal
2017,Abu Dhabi,3,101,8164.83,5,4,1,541,Loyal
1407,Dubai,8,97,8130.43,4,3,1,431,Loyal
1884,Dubai,17,97,8115.92,3,3,1,331,Loyal
901,Dubai,1,100,8106.28,5,4,1,541,Loyal
2588,Abu Dhabi,4,94,8104.72,5,3,1,531,Loyal
1959,Dubai,14,98,8101.12,3,3,1,331,Loyal
2890,Sharjah,2,97,8096.20,5,3,1,531,Loyal
434,Dubai,1,97,8089.50,5,3,1,531,Loyal
3023,Sharjah,8,100,8073.05,4,4,1,441,Loyal
2795,Dubai,4,98,7980.41,5,3,1,531,Loyal
3103,Abu Dhabi,16,97,7979.47,3,3,1,331,Loyal
2750,Dubai,15,95,7956.21,3,3,1,331,Loyal
4008,Dubai,11,96,7946.70,4,3,1,431,Loyal
3399,Abu Dhabi,20,95,7941.25,3,3,1,331,Loyal
390,Dubai,5,97,7896.40,4,3,1,431,Loyal
3490,Dubai,13,97,7887.00,3,3,1,331,Loyal
2370,Abu Dhabi,2,96,7856.30,5,3,1,531,Loyal
4311,Abu Dhabi,19,97,7825.40,3,3,1,331,Loyal
1707,Abu Dhabi,4,94,7768.75,5,3,1,531,Loyal
135,Abu Dhabi,20,98,7727.42,3,3,1,331,Loyal
3438,Sharjah,3,94,7713.16,5,3,1,531,Loyal
4578,Dubai,20,94,7676.37,3,3,1,331,Loyal
4203,Dubai,0,95,7544.49,5,3,1,531,Loyal
4812,Sharjah,4,100,7505.47,4,4,1,441,Loyal
1360,Dubai,2,98,7360.91,5,3,1,531,Loyal
810,Dubai,0,95,7311.38,5,3,1,531,Loyal
4309,Abu Dhabi,2,97,7260.04,5,3,1,531,Loyal
4606,Sharjah,6,106,7217.72,4,5,1,451,Loyal
739,Dubai,10,97,7160.56,4,3,1,431,Loyal
685,Dubai,19,94,6758.82,3,3,1,331,Loyal
3507,Dubai,14,94,6396.07,3,3,1,331,Loyal
