sku_id,sku_name,sales_month,monthly_revenue,prev_month_revenue,revenue_change,pct_change_revenue,monthly_units,prev_month_units
1133,Electronics_Mobile Accessories_1133,2025-09-01,1353.9999618530273,6739.980018615723,-5385.980056762695,-79.91,40,208
1146,Snacks_Chocolates_1146,2021-03-01,1034.7900390625,4517.100006103516,-3482.3099670410156,-77.09,51,246
1022,Household_Cleaning Supplies_1022,2025-09-01,2466.900032043457,10635.320129394531,-8168.420097351074,-76.80,45,206
1172,Electronics_Chargers_1172,2025-09-01,4991.799896240234,21101.09976196289,-16109.299865722656,-76.34,44,198
1031,Snacks_Chips_1031,2021-09-01,809.3100242614746,3412.5000076293945,-2603.18998336792,-76.28,53,235
1086,Grocery_Rice_1086,2021-03-01,1024.080020904541,4280.620094299316,-3256.5400733947754,-76.08,68,312
1080,Snacks_Chips_1080,2021-09-01,1001.25,4114.83006477356,-3113.5800647735596,-75.67,45,201
1108,Dairy_Butter_1108,2021-03-01,2555.799980163574,10409.659965515137,-7853.8599853515625,-75.45,65,288
1038,Electronics_Cables_1038,2025-09-01,4666.159942626953,18952.329635620117,-14286.169692993164,-75.38,47,202
1032,Snacks_Chocolates_1032,2021-09-01,667.0399932861328,2629.9199838638306,-1962.8799905776978,-74.64,44,182
1021,Grocery_Canned Goods_1021,2023-09-01,1239.689992904663,4860.349945068359,-3620.6599521636963,-74.49,43,188
1107,Electronics_Mobile Accessories_1107,2022-03-01,7716.960144042969,30184.950271606445,-22467.990127563477,-74.43,48,226
1012,Beverages_Juices_1012,2021-03-01,930.6000080108643,3636.1599407196045,-2705.5599327087402,-74.41,66,286
1199,Electronics_Cables_1199,2024-09-01,11954.279922485352,46644.559646606445,-34690.279724121094,-74.37,52,215
1025,Household_Detergent_1025,2025-04-01,412.9799876213074,1591.399990081787,-1178.4200024604797,-74.05,49,229
1121,Grocery_Rice_1121,2022-03-01,1849.0399589538574,7077.3600215911865,-5228.320062637329,-73.87,58,263
1155,Electronics_Mobile Accessories_1155,2025-04-01,1107.3999671936035,4231.0200119018555,-3123.620044708252,-73.83,49,223
1056,Snacks_Nuts_1056,2025-09-01,334.88000440597534,1269.8399906158447,-934.9599862098694,-73.63,56,228
1145,Household_Trash Bags_1145,2022-09-01,584.4600048065186,2207.730031967163,-1623.2700271606445,-73.53,51,208
1046,Household_Paper Products_1046,2022-03-01,2909.4999656677246,10939.470111846924,-8029.970146179199,-73.40,50,213
1166,Grocery_Spices_1166,2021-03-01,3057.840019226074,11409.880065917969,-8352.040046691895,-73.20,62,254
1039,Beverages_Soft Drinks_1039,2025-04-01,1316.2400016784668,4874.099967956543,-3557.859966278076,-73.00,52,231
1052,Snacks_Crackers_1052,2023-09-01,867.3600158691406,3178.700023651123,-2311.3400077819824,-72.71,52,216
1059,Electronics_Cables_1059,2024-09-01,1316.2599716186523,4813.210041046143,-3496.9500694274902,-72.65,62,239
1052,Snacks_Crackers_1052,2022-03-01,1100.8800201416016,3986.5200157165527,-2885.639995574951,-72.38,66,282
1149,Electronics_Chargers_1149,2022-09-01,4039.6200256347656,14418.180084228516,-10378.56005859375,-71.98,39,147
1112,Household_Paper Products_1112,2025-04-01,633.2199997901917,2254.0699787139893,-1620.8499789237976,-71.91,64,260
1119,Grocery_Pasta_1119,2025-04-01,1623.1499862670898,5764.099990844727,-4140.950004577637,-71.84,45,194
1146,Snacks_Chocolates_1146,2021-09-01,1115.9500198364258,3921.9599781036377,-2806.009958267212,-71.55,55,203
1073,Electronics_Chargers_1073,2021-03-01,7704.319892883301,26862.440223693848,-19158.120330810547,-71.32,64,241
1150,Electronics_Batteries_1150,2025-04-01,7429.219985961914,25842.780151367188,-18413.560165405273,-71.25,57,240
1163,Household_Paper Products_1163,2021-09-01,2430.3499603271484,8431.28995513916,-6000.939994812012,-71.17,65,241
1097,Snacks_Crackers_1097,2022-03-01,151.37999534606934,524.9500024318695,-373.57000708580017,-71.16,58,235
1150,Electronics_Batteries_1150,2022-03-01,7455.840026855469,25828.43985748291,-18372.59983062744,-71.13,56,230
1114,Electronics_Batteries_1114,2022-09-01,8535.519973754883,29554.459869384766,-21018.939895629883,-71.12,56,205
1198,Dairy_Cheese_1198,2025-09-01,1114.130012512207,3847.7299880981445,-2733.5999755859375,-71.04,43,158
1134,Household_Paper Products_1134,2025-04-01,793.840009689331,2731.3000659942627,-1937.4600563049316,-70.94,58,235
1190,Dairy_Milk_1190,2023-09-01,1418.200002670288,4862.68999671936,-3444.4899940490723,-70.84,70,269
1191,Dairy_Butter_1191,2025-04-01,480.1499938964844,1638.4500126838684,-1158.300018787384,-70.69,50,203
1149,Electronics_Chargers_1149,2025-09-01,7768.499984741211,26495.420211791992,-18726.92022705078,-70.68,75,273
1147,Snacks_Crackers_1147,2023-09-01,1099.2200012207031,3745.4399795532227,-2646.2199783325195,-70.65,53,201
1126,Beverages_Soft Drinks_1126,2024-09-01,1824.700038909912,6216.829957962036,-4392.129919052124,-70.65,71,256
1072,Electronics_Chargers_1072,2022-09-01,10959.959976196289,37192.03009033203,-26232.070114135742,-70.53,46,165
1098,Electronics_Mobile Accessories_1098,2023-09-01,6418.859924316406,21761.410133361816,-15342.55020904541,-70.50,62,240
1159,Electronics_Batteries_1159,2025-09-01,10684.800064086914,36167.75,-25482.949935913086,-70.46,60,218
1009,Electronics_Batteries_1009,2025-09-01,4911.299896240234,16608.0899810791,-11696.790084838867,-70.43,54,195
1015,Dairy_Cream_1015,2021-03-01,1926.2299537658691,6490.789890289307,-4564.5599365234375,-70.32,71,258
1046,Household_Paper Products_1046,2021-03-01,3665.969982147217,12321.530158996582,-8655.560176849365,-70.25,63,232
1021,Grocery_Canned Goods_1021,2021-09-01,1470.3299942016602,4938.959962844849,-3468.6299686431885,-70.23,51,184
1156,Personal Care_Soap_1156,2021-09-01,1969.1000175476074,6610.630014419556,-4641.529996871948,-70.21,58,206
1067,Grocery_Cereals_1067,2025-04-01,2528.070037841797,8436.940113067627,-5908.87007522583,-70.04,51,208
1128,Grocery_Spices_1128,2025-09-01,1275.839988708496,4249.979953765869,-2974.139965057373,-69.98,48,168
1102,Snacks_Biscuits_1102,2021-09-01,1270.8600540161133,4233.069984436035,-2962.209930419922,-69.98,59,208
1029,Grocery_Canned Goods_1029,2025-04-01,2039.4899654388428,6788.069978713989,-4748.5800132751465,-69.95,74,294
1010,Grocery_Rice_1010,2021-09-01,903.650016784668,2998.78999710083,-2095.139980316162,-69.87,55,193
1092,Household_Detergent_1092,2023-09-01,1522.2600173950195,5051.390020370483,-3529.130002975464,-69.86,54,205
1191,Dairy_Butter_1191,2024-09-01,603.8999881744385,2000.7899761199951,-1396.8899879455566,-69.82,61,212
1188,Grocery_Spices_1188,2021-03-01,1304.319959640503,4316.0999393463135,-3011.7799797058105,-69.78,64,231
1058,Personal Care_Soap_1058,2022-09-01,2478.850028991699,8188.790145874023,-5709.940116882324,-69.73,55,196
1193,Beverages_Tea_1193,2025-04-01,787.8199977874756,2597.999979019165,-1810.1799812316895,-69.68,58,232
1115,Household_Paper Products_1115,2021-03-01,2962.7400817871094,9744.330039978027,-6781.589958190918,-69.60,67,243
1117,Snacks_Crackers_1117,2025-09-01,636.1599779129028,2088.8699855804443,-1452.7100076675415,-69.55,64,222
1158,Snacks_Crackers_1158,2021-03-01,370.76999616622925,1213.7899990081787,-843.0200028419495,-69.45,51,186
1081,Snacks_Nuts_1081,2024-09-01,684.080020904541,2235.7500162124634,-1551.6699953079224,-69.40,68,237
1101,Snacks_Crackers_1101,2025-04-01,1450.3200092315674,4731.800046920776,-3281.480037689209,-69.35,60,228
1104,Grocery_Pasta_1104,2021-03-01,1816.3200569152832,5923.860052108765,-4107.539995193481,-69.34,86,303
1015,Dairy_Cream_1015,2021-09-01,1383.6299648284912,4503.8199462890625,-3120.1899814605713,-69.28,51,174
1175,Household_Trash Bags_1175,2024-09-01,3710.080032348633,12076.320030212402,-8366.23999786377,-69.28,62,217
1022,Household_Cleaning Supplies_1022,2025-04-01,2910.930046081543,9472.28007888794,-6561.3500328063965,-69.27,54,219
1010,Grocery_Rice_1010,2024-09-01,1035.0900192260742,3366.810007095337,-2331.7199878692627,-69.26,63,215
1033,Household_Paper Products_1033,2025-09-01,1978.8399353027344,6423.5999755859375,-4444.760040283203,-69.19,61,210
1102,Snacks_Biscuits_1102,2022-03-01,1206.2400512695312,3915.560047149658,-2709.319995880127,-69.19,56,215
1082,Household_Detergent_1082,2021-03-01,3036.8799743652344,9849.619903564453,-6812.739929199219,-69.17,68,242
1122,Dairy_Yogurt_1122,2024-09-01,1738.0000247955322,5631.1200313568115,-3893.1200065612793,-69.14,55,190
1160,Snacks_Nuts_1160,2025-04-01,344.86000061035156,1117.2899928092957,-772.4299921989441,-69.13,57,223
1018,Personal Care_Deodorant_1018,2025-04-01,3331.639976501465,10750.409957885742,-7418.769981384277,-69.01,64,236
1165,Personal Care_Skincare_1165,2025-04-01,1209.2699756622314,3897.689987182617,-2688.4200115203857,-68.97,72,273
1115,Household_Paper Products_1115,2022-03-01,3006.9600830078125,9650.12020111084,-6643.160118103027,-68.84,68,263
1178,Beverages_Soft Drinks_1178,2021-09-01,1340.6400165557861,4295.260013580322,-2954.619997024536,-68.79,56,190
1055,Dairy_Butter_1055,2021-03-01,846.6400003433228,2702.719982147217,-1856.079981803894,-68.67,76,266
1146,Snacks_Chocolates_1146,2024-09-01,1257.9800186157227,4011.190008163452,-2753.2099895477295,-68.64,62,212
1164,Electronics_Cables_1164,2022-03-01,12951.840042114258,41161.339782714844,-28209.499740600586,-68.53,66,251
1040,Electronics_Mobile Accessories_1040,2023-09-01,4657.399993896484,14801.599884033203,-10144.199890136719,-68.53,55,198
1193,Beverages_Tea_1193,2025-09-01,762.8499965667725,2424.1699542999268,-1661.3199577331543,-68.53,55,185
1067,Grocery_Cereals_1067,2021-03-01,3370.7600326538086,10704.070098876953,-7333.3100662231445,-68.51,68,235
1026,Snacks_Biscuits_1026,2025-04-01,305.5199942588806,967.8600041866302,-662.3400099277496,-68.43,56,213
1181,Personal Care_Soap_1181,2021-03-01,3050.1900482177734,9648.8701171875,-6598.680068969727,-68.39,79,273
1016,Grocery_Rice_1016,2025-04-01,1329.7000255584717,4201.310046195984,-2871.610020637512,-68.35,69,265
1149,Electronics_Chargers_1149,2021-03-01,6525.539993286133,20617.26008605957,-14091.720092773438,-68.35,63,216
1159,Electronics_Batteries_1159,2025-04-01,10025.940063476562,31663.120162963867,-21637.180099487305,-68.34,59,215
1071,Grocery_Canned Goods_1071,2025-04-01,361.7699866294861,1140.3599979877472,-778.5900113582611,-68.28,68,254
1132,Dairy_Butter_1132,2025-04-01,1773.819953918457,5589.709995269775,-3815.8900413513184,-68.27,54,203
1062,Personal Care_Deodorant_1062,2021-03-01,2509.480026245117,7901.499977111816,-5392.019950866699,-68.24,86,293
1027,Snacks_Chips_1027,2025-04-01,385.9700050354004,1207.9699931144714,-821.999988079071,-68.05,65,249
1171,Personal Care_Toothpaste_1171,2022-09-01,2708.549903869629,8454.509979248047,-5745.960075378418,-67.96,65,214
1037,Electronics_Cables_1037,2025-09-01,10178.490417480469,31553.070724487305,-21374.580307006836,-67.74,57,185
1067,Grocery_Cereals_1067,2024-09-01,3172.4800186157227,9834.310165405273,-6661.830146789551,-67.74,64,211
1107,Electronics_Mobile Accessories_1107,2021-03-01,12861.600173950195,39749.63980102539,-26888.039627075195,-67.64,80,272
1173,Electronics_Batteries_1173,2021-03-01,14231.459991455078,43871.759674072266,-29640.299682617188,-67.56,87,288
1200,Beverages_Juices_1200,2023-09-01,411.949987411499,1270.0699844360352,-858.1199970245361,-67.56,55,193
1044,Snacks_Biscuits_1044,2022-03-01,1198.450050354004,3693.0800132751465,-2494.6299629211426,-67.55,55,202
1074,Personal Care_Skincare_1074,2025-04-01,3916.8798866271973,12064.099838256836,-8147.219951629639,-67.53,64,230
1025,Household_Detergent_1025,2021-03-01,627.5199813842773,1932.4499731063843,-1304.929991722107,-67.53,74,249
1131,Snacks_Crackers_1131,2022-09-01,1431.6699810028076,4402.630048751831,-2970.9600677490234,-67.48,61,199
1164,Electronics_Cables_1164,2021-03-01,13344.320098876953,41023.51989746094,-27679.199798583984,-67.47,68,226
1144,Household_Detergent_1144,2025-09-01,780.840009689331,2399.8800163269043,-1619.0400066375732,-67.46,54,178
1115,Household_Paper Products_1115,2021-09-01,3272.2800903320312,10051.520107269287,-6779.240016937256,-67.44,74,243
1030,Dairy_Cream_1030,2025-09-01,1564.8400650024414,4800.920040130615,-3236.079975128174,-67.41,71,233
1003,Household_Cleaning Supplies_1003,2021-09-01,852,2613.6000328063965,-1761.6000328063965,-67.40,71,231
1164,Electronics_Cables_1164,2024-09-01,12951.839904785156,39680.199295043945,-26728.35939025879,-67.36,66,214
1025,Household_Detergent_1025,2024-09-01,652.959981918335,1997.6200017929077,-1344.6600198745728,-67.31,77,249
1036,Electronics_Mobile Accessories_1036,2022-03-01,6353.080192565918,19372.420043945312,-13019.339851379395,-67.21,71,254
1170,Dairy_Yogurt_1170,2022-03-01,1320.5999641418457,4026.279972076416,-2705.6800079345703,-67.20,62,218
1192,Dairy_Milk_1192,2021-03-01,1647.7499599456787,5001.929990768433,-3354.180030822754,-67.06,75,249
1150,Electronics_Batteries_1150,2021-09-01,8387.820083618164,25456.76039123535,-17068.940307617188,-67.05,63,201
1194,Dairy_Butter_1194,2022-09-01,712.6199989318848,2162.3699989318848,-1449.75,-67.04,74,239
1146,Snacks_Chocolates_1146,2022-09-01,1176.8200302124023,3564.840030670166,-2388.0200004577637,-66.99,58,187
1042,Grocery_Canned Goods_1042,2024-09-01,2514.4000244140625,7606.060089111328,-5091.660064697266,-66.94,56,180
1176,Snacks_Chocolates_1176,2024-09-01,437.1199951171875,1321.920021057129,-884.8000259399414,-66.93,64,204
1091,Dairy_Butter_1091,2022-03-01,559.3599853515625,1689.7999868392944,-1130.440001487732,-66.90,64,233
1019,Electronics_Cables_1019,2022-03-01,16101.360153198242,48622.74034118652,-32521.38018798828,-66.89,76,273
1034,Household_Cleaning Supplies_1034,2024-09-01,3741.4000091552734,11292.759769439697,-7551.359760284424,-66.87,65,209
1125,Personal Care_Toothpaste_1125,2021-03-01,1995.7799663543701,6019.020095825195,-4023.240129470825,-66.84,74,246
1146,Snacks_Chocolates_1146,2025-09-01,1460.8800354003906,4404.840013504028,-2943.9599781036377,-66.83,72,229
1154,Household_Cleaning Supplies_1154,2025-04-01,921.620005607605,2777.199975967407,-1855.5799703598022,-66.81,58,212
1197,Electronics_Mobile Accessories_1197,2022-03-01,1002.0600051879883,3014.5200576782227,-2012.4600524902344,-66.76,57,194
1136,Personal Care_Shampoo_1136,2025-09-01,3436.5300064086914,10321.51989364624,-6884.989887237549,-66.71,57,184
1192,Dairy_Milk_1192,2022-09-01,1471.9899883270264,4417.810056686401,-2945.820068359375,-66.68,67,213
1133,Electronics_Mobile Accessories_1133,2021-03-01,2504.8999633789062,7514.400009155273,-5009.500045776367,-66.67,74,240
1054,Snacks_Chips_1054,2024-09-01,552.159984588623,1656.039981842041,-1103.879997253418,-66.66,56,179
1077,Household_Cleaning Supplies_1077,2021-03-01,3712.799903869629,11126.499969482422,-7413.700065612793,-66.63,78,257
1065,Electronics_Chargers_1065,2021-09-01,10669.800064086914,31974.140106201172,-21304.340042114258,-66.63,60,190
1117,Snacks_Crackers_1117,2024-09-01,636.1599769592285,1903.9299850463867,-1267.7700080871582,-66.59,64,202
1099,Personal Care_Toothpaste_1099,2025-04-01,2890.720043182373,8652.49995803833,-5761.779914855957,-66.59,58,215
1127,Grocery_Rice_1127,2021-09-01,1491.390022277832,4462.3199462890625,-2970.9299240112305,-66.58,73,232
1032,Snacks_Chocolates_1032,2022-09-01,788.3199920654297,2358.3999528884888,-1570.079960823059,-66.57,52,168
1016,Grocery_Rice_1016,2021-03-01,1710.720027923584,5113.0000648498535,-3402.2800369262695,-66.54,88,289
1165,Personal Care_Skincare_1165,2021-09-01,882.2999954223633,2629.5999755859375,-1747.2999801635742,-66.45,51,161
1096,Electronics_Mobile Accessories_1096,2021-03-01,8270.169998168945,24578.850036621094,-16308.680038452148,-66.35,73,242
1029,Grocery_Canned Goods_1029,2024-09-01,1980.899959564209,5886.900037765503,-3906.000078201294,-66.35,71,225
1118,Dairy_Milk_1118,2021-03-01,1848.6000289916992,5488.1399269104,-3639.539897918701,-66.32,78,255
1125,Personal Care_Toothpaste_1125,2025-09-01,1860.9299812316895,5498.699966430664,-3637.7699851989746,-66.16,69,220
1001,Electronics_Chargers_1001,2022-09-01,10367.279846191406,30607.679779052734,-20240.399932861328,-66.13,63,198
1068,Electronics_Chargers_1068,2021-03-01,7797.379699707031,23017.069869995117,-15219.690170288086,-66.12,82,265
1164,Electronics_Cables_1164,2025-04-01,14502.15007019043,42800.22889709473,-28298.078826904297,-66.12,76,261
1119,Grocery_Pasta_1119,2021-09-01,1875.6399841308594,5532.819931030273,-3657.179946899414,-66.10,52,164
1143,Dairy_Cheese_1143,2022-03-01,1170.2799530029297,3446.680004119873,-2276.4000511169434,-66.05,68,238
1092,Household_Detergent_1092,2021-09-01,1494.0700187683105,4389.100023269653,-2895.030004501343,-65.96,53,164
1198,Dairy_Cheese_1198,2021-03-01,2046.8900260925293,6010.560031890869,-3963.67000579834,-65.95,79,256
1193,Beverages_Tea_1193,2022-09-01,776.7199964523315,2279.8199529647827,-1503.0999565124512,-65.93,56,178
1183,Electronics_Batteries_1183,2023-09-01,8696.349655151367,25473.389938354492,-16777.040283203125,-65.86,65,213
1006,Beverages_Coffee_1006,2021-03-01,959.1199970245361,2808.3999404907227,-1849.2799434661865,-65.85,76,245
1009,Electronics_Batteries_1009,2021-03-01,7275.9998779296875,21291.75961303711,-14015.759735107422,-65.83,80,256
1013,Grocery_Cereals_1013,2022-03-01,2494.1000595092773,7294.930097579956,-4800.830038070679,-65.81,70,236
1097,Snacks_Crackers_1097,2025-04-01,206.45999443531036,602.9399911165237,-396.4799966812134,-65.76,80,286
1139,Dairy_Cream_1139,2025-09-01,1203.6299514770508,3506.5099697113037,-2302.880018234253,-65.67,53,163
1082,Household_Detergent_1082,2022-03-01,3170.8599548339844,9232.690021514893,-6061.830066680908,-65.66,71,245
1028,Household_Paper Products_1028,2024-09-01,2673.919921875,7779.219886779785,-5105.299964904785,-65.63,64,197
1028,Household_Paper Products_1028,2025-09-01,2673.919921875,7779.199890136719,-5105.279968261719,-65.63,64,198
1012,Beverages_Juices_1012,2023-03-01,924.9600105285645,2688.3599586486816,-1763.3999481201172,-65.59,69,206
1010,Grocery_Rice_1010,2022-03-01,1215.8200225830078,3519.72998046875,-2303.909957885742,-65.46,74,254
1024,Grocery_Canned Goods_1024,2021-09-01,501.03000259399414,1448.4899997711182,-947.459997177124,-65.41,57,175
1185,Personal Care_Toothpaste_1185,2022-09-01,5959.02995300293,17219.15007019043,-11260.1201171875,-65.39,77,235
1199,Electronics_Cables_1199,2021-03-01,18391.199829101562,53116.54916381836,-34725.3493347168,-65.38,80,251
1079,Beverages_Juices_1079,2023-09-01,270.3999948501587,781.0399913787842,-510.6399965286255,-65.38,52,165
1069,Grocery_Spices_1069,2022-09-01,2106.499973297119,6078.210094451904,-3971.710121154785,-65.34,55,167
1059,Electronics_Cables_1059,2022-09-01,1295.029972076416,3736.840057373047,-2441.810085296631,-65.34,61,188
1059,Electronics_Cables_1059,2023-09-01,1252.5699729919434,3608.599941253662,-2356.0299682617188,-65.29,59,195
1068,Electronics_Chargers_1068,2025-09-01,6275.939758300781,18047.94972229004,-11772.009963989258,-65.23,66,203
1118,Dairy_Milk_1118,2023-09-01,1303.5000228881836,3749.3400115966797,-2445.839988708496,-65.23,55,176
1183,Electronics_Batteries_1183,2021-03-01,11104.569549560547,31875.249572753906,-20770.68002319336,-65.16,83,260
1200,Beverages_Juices_1200,2022-09-01,531.7899837493896,1525.5899753570557,-993.799991607666,-65.14,71,216
1153,Electronics_Batteries_1153,2021-03-01,14625.520111083984,41891.32948303223,-27265.809371948242,-65.09,91,286
1122,Dairy_Yogurt_1122,2021-03-01,3002.000047683716,8596.780151367188,-5594.780103683472,-65.08,95,295
1102,Snacks_Biscuits_1102,2021-03-01,1529.3400650024414,4379.220037460327,-2849.8799724578857,-65.08,71,224
1020,Beverages_Juices_1020,2021-03-01,687.2399988174438,1965.109992980957,-1277.8699941635132,-65.03,69,216
1003,Household_Cleaning Supplies_1003,2021-03-01,1020,2913.599997520447,-1893.5999975204468,-64.99,85,271
1157,Household_Cleaning Supplies_1157,2021-03-01,994.8400039672852,2840.4299640655518,-1845.5899600982666,-64.98,68,219
1009,Electronics_Batteries_1009,2022-03-01,6548.39990234375,18689.859909057617,-12141.460006713867,-64.96,72,242
1081,Snacks_Nuts_1081,2021-03-01,814.8600244522095,2323.6800146102905,-1508.819990158081,-64.93,81,258
1040,Electronics_Mobile Accessories_1040,2021-09-01,4826.759971618652,13760.329933166504,-8933.569961547852,-64.92,57,171
1105,Beverages_Water_1105,2023-09-01,971.2800445556641,2767.100022315979,-1795.819977760315,-64.90,57,182
1154,Household_Cleaning Supplies_1154,2021-03-01,1271.1999988555908,3609.199996948242,-2337.9999980926514,-64.78,80,252
1166,Grocery_Spices_1166,2021-09-01,3600.360023498535,10214.430015563965,-6614.06999206543,-64.75,73,220
1068,Electronics_Chargers_1068,2021-09-01,5515.219787597656,15632.709762573242,-10117.489974975586,-64.72,58,173
1168,Snacks_Chips_1168,2024-09-01,1070.7200393676758,3034.5699920654297,-1963.849952697754,-64.72,56,170
1140,Personal Care_Shampoo_1140,2022-09-01,2401.9499435424805,6796.589931488037,-4394.639987945557,-64.66,67,201
1127,Grocery_Rice_1127,2022-03-01,1368.8100204467773,3871.1399841308594,-2502.329963684082,-64.64,67,224
1163,Household_Paper Products_1163,2022-09-01,2430.3499603271484,6872.1799392700195,-4441.829978942871,-64.63,65,194
1166,Grocery_Spices_1166,2025-04-01,3408.0000343322754,9636.560115814209,-6228.560081481934,-64.63,70,238
1090,Dairy_Cheese_1090,2022-03-01,2338.56005859375,6604.039979934692,-4265.479921340942,-64.59,64,209
1142,Electronics_Mobile Accessories_1142,2023-09-01,922.7600145339966,2605.429983139038,-1682.6699686050415,-64.58,59,186
1187,Personal Care_Skincare_1187,2025-09-01,4566.399963378906,12893.560134887695,-8327.160171508789,-64.58,64,193
1049,Electronics_Batteries_1049,2023-09-01,7325.920227050781,20678.250061035156,-13352.329833984375,-64.57,62,200
1111,Snacks_Nuts_1111,2025-04-01,1080.140027999878,3048.0100469589233,-1967.8700189590454,-64.56,89,288
1089,Electronics_Mobile Accessories_1089,2021-09-01,4418.649932861328,12465.04997253418,-8046.400039672852,-64.55,67,199
1060,Household_Detergent_1060,2022-09-01,2231.379981994629,6289.64005279541,-4058.2600708007812,-64.52,59,175
1020,Beverages_Juices_1020,2022-03-01,707.1599979400635,1989.509964466095,-1282.3499665260315,-64.46,71,236
1153,Electronics_Batteries_1153,2025-09-01,10768.24008178711,30295.989959716797,-19527.749877929688,-64.46,67,202
1098,Electronics_Mobile Accessories_1098,2021-03-01,8696.519897460938,24427.820037841797,-15731.30014038086,-64.40,84,261
1032,Snacks_Chocolates_1032,2021-03-01,1015.7199897766113,2852.1799716949463,-1836.459981918335,-64.39,67,210
1121,Grocery_Rice_1121,2021-06-01,2741.679943084717,7694.149976730347,-4952.47003364563,-64.37,86,280
1128,Grocery_Spices_1128,2021-03-01,2152.979974746704,6042.509880065918,-3889.529905319214,-64.37,81,250
1191,Dairy_Butter_1191,2023-09-01,554.3999881744385,1554.299997329712,-999.9000091552734,-64.33,56,176
1129,Electronics_Chargers_1129,2023-03-01,14122.379653930664,39539.06008911133,-25416.680435180664,-64.28,96,283
1130,Snacks_Nuts_1130,2024-09-01,1163.3400421142578,3256.880023956299,-2093.539981842041,-64.28,69,205
1017,Household_Paper Products_1017,2023-03-01,3311.330020904541,9266.93996810913,-5955.60994720459,-64.27,81,234
1067,Grocery_Cereals_1067,2021-09-01,3370.7600326538086,9432.73014831543,-6061.970115661621,-64.27,68,205
1017,Household_Paper Products_1017,2023-09-01,2766.720001220703,7737.829967498779,-4971.109966278076,-64.24,64,196
1026,Snacks_Biscuits_1026,2022-09-01,387.5999946594238,1083.5700149536133,-695.9700202941895,-64.23,68,203
1150,Electronics_Batteries_1150,2022-09-01,9186.660095214844,25683.190200805664,-16496.53010559082,-64.23,69,205
1039,Beverages_Soft Drinks_1039,2021-03-01,2098.710018157959,5862.880023956299,-3764.17000579834,-64.20,81,250
1103,Dairy_Milk_1103,2021-03-01,2917.6399536132812,8132.709957122803,-5215.0700035095215,-64.12,76,233
1160,Snacks_Nuts_1160,2022-09-01,364.62000131607056,1015.7799916267395,-651.159990310669,-64.10,59,175
1048,Snacks_Biscuits_1048,2023-09-01,915.4199953079224,2549.8300037384033,-1634.410008430481,-64.10,66,210
1184,Snacks_Chocolates_1184,2025-04-01,1382.7000207901,3850.409993171692,-2467.709972381592,-64.09,62,209
1018,Personal Care_Deodorant_1018,2024-09-01,3695.719970703125,10286.879806518555,-6591.15983581543,-64.07,67,198
1022,Household_Cleaning Supplies_1022,2022-03-01,3727.7600173950195,10375.3401222229,-6647.580104827881,-64.07,68,222
1118,Dairy_Milk_1118,2021-09-01,2156.7000427246094,6003.210067749023,-3846.510025024414,-64.07,91,271
1118,Dairy_Milk_1118,2025-09-01,1422.0000267028809,3955.530040740967,-2533.530014038086,-64.05,60,178
1121,Grocery_Rice_1121,2022-09-01,2104.0799598693848,5846.51996421814,-3742.440004348755,-64.01,66,197
1168,Snacks_Chips_1168,2021-09-01,1147.2000408172607,3187.5300102233887,-2040.329969406128,-64.01,60,178
1039,Beverages_Soft Drinks_1039,2022-09-01,1865.5200119018555,5176.959987640381,-3311.4399757385254,-63.96,72,214
1161,Electronics_Batteries_1161,2022-09-01,4711.6201171875,13068.189987182617,-8356.569869995117,-63.95,57,167
1087,Snacks_Crackers_1087,2025-04-01,541.6300048828125,1502.110013961792,-960.4800090789795,-63.94,59,188
1071,Grocery_Canned Goods_1071,2022-03-01,439.1999816894531,1217.8099718093872,-778.6099901199341,-63.94,80,262
1059,Electronics_Cables_1059,2022-03-01,1401.1799697875977,3884.7299365997314,-2483.549966812134,-63.93,66,219
1005,Household_Paper Products_1005,2021-09-01,1504.5000495910645,4168.350051879883,-2663.8500022888184,-63.91,85,249
1129,Electronics_Chargers_1129,2021-03-01,12227.19970703125,33876.31021118164,-21649.11050415039,-63.91,80,247
1075,Snacks_Crackers_1075,2024-09-01,962.6399984359741,2665.5999870300293,-1702.9599885940552,-63.89,72,212
1015,Dairy_Cream_1015,2025-09-01,1682.0599536895752,4655.850002288818,-2973.790048599243,-63.87,62,183
1015,Dairy_Cream_1015,2023-09-01,1437.8899631500244,3976.789960861206,-2538.8999977111816,-63.84,53,170
1093,Snacks_Chips_1093,2022-09-01,462.8400044441223,1279.7400279045105,-816.9000234603882,-63.83,58,173
1012,Beverages_Juices_1012,2022-09-01,860.1000118255615,2377.259991645813,-1517.1599798202515,-63.82,61,180
1174,Electronics_Mobile Accessories_1174,2022-09-01,15173.550170898438,41907.20095825195,-26733.650787353516,-63.79,63,188
1052,Snacks_Crackers_1052,2022-09-01,1251.0000228881836,3454.170030593872,-2203.1700077056885,-63.78,75,220
1017,Household_Paper Products_1017,2021-09-01,2637.030002593994,7275.930080413818,-4638.900077819824,-63.76,61,179
1189,Electronics_Batteries_1189,2025-04-01,4889.969898223877,13491.82020187378,-8601.850303649902,-63.76,63,218
1076,Snacks_Chocolates_1076,2025-04-01,1266.7100200653076,3492.539970397949,-2225.8299503326416,-63.73,58,193
1166,Grocery_Spices_1166,2022-03-01,3501.7200241088867,9654.39022064209,-6152.670196533203,-63.73,71,229
1075,Snacks_Crackers_1075,2023-03-01,1104.4699878692627,3041.0000171661377,-1936.530029296875,-63.68,88,250
1175,Household_Trash Bags_1175,2021-03-01,4308.480041503906,11862.700187683105,-7554.220146179199,-63.68,72,220
1079,Beverages_Juices_1079,2025-09-01,306.79999828338623,844.479989528656,-537.6799912452698,-63.67,59,171
1066,Household_Cleaning Supplies_1066,2024-09-01,3534.379913330078,9726.699737548828,-6192.31982421875,-63.66,71,211
1077,Household_Cleaning Supplies_1077,2022-03-01,2570.3999404907227,7044.800010681152,-4474.40007019043,-63.51,54,171
1022,Household_Cleaning Supplies_1022,2022-09-01,4056.680015563965,11112.300090789795,-7055.62007522583,-63.49,74,217
1036,Electronics_Mobile Accessories_1036,2025-04-01,6496.280174255371,17789.200149536133,-11292.919975280762,-63.48,75,242
1195,Snacks_Chocolates_1195,2022-03-01,1213.3599967956543,3321.0499477386475,-2107.689950942993,-63.46,58,182
1140,Personal Care_Shampoo_1140,2024-09-01,2437.7999267578125,6667.449928283691,-4229.650001525879,-63.44,68,199
1185,Personal Care_Toothpaste_1185,2024-09-01,5417.299957275391,14812.320053100586,-9395.020095825195,-63.43,70,204
1174,Electronics_Mobile Accessories_1174,2022-03-01,14210.150085449219,38837.33981323242,-24627.189727783203,-63.41,59,189
1161,Electronics_Batteries_1161,2025-04-01,6885.540115356445,18813.079971313477,-11927.539855957031,-63.40,89,278
1044,Snacks_Biscuits_1044,2024-09-01,1743.2000732421875,4763.190116882324,-3019.9900436401367,-63.40,80,229
1107,Electronics_Mobile Accessories_1107,2023-09-01,9485.430160522461,25884.429428100586,-16398.999267578125,-63.35,59,184
1122,Dairy_Yogurt_1122,2023-09-01,1990.8000354766846,5428.880023956299,-3438.0799884796143,-63.33,63,193
1081,Snacks_Nuts_1081,2022-09-01,583.480016708374,1591.0600147247314,-1007.5799980163574,-63.33,58,169
1116,Personal Care_Skincare_1116,2023-09-01,5077.80012512207,13843.380088806152,-8765.579963684082,-63.32,65,203
1025,Household_Detergent_1025,2022-09-01,635.9999771118164,1732.1300029754639,-1096.1300258636475,-63.28,75,221
1109,Electronics_Batteries_1109,2021-06-01,3165.929946899414,8618.649978637695,-5452.720031738281,-63.27,87,269
1106,Snacks_Chocolates_1106,2024-09-01,767.0399885177612,2085.470001220703,-1318.430012702942,-63.22,68,195
1143,Dairy_Cheese_1143,2021-03-01,1273.539951324463,3461.1500244140625,-2187.6100730895996,-63.20,74,223
1051,Electronics_Cables_1051,2025-04-01,4095.479949951172,11129.999980926514,-7034.520030975342,-63.20,58,192
1040,Electronics_Mobile Accessories_1040,2025-09-01,5842.919960021973,15868.759887695312,-10025.83992767334,-63.18,69,201
1049,Electronics_Batteries_1049,2025-04-01,8637.490264892578,23454.49008178711,-14816.999816894531,-63.17,74,239
1062,Personal Care_Deodorant_1062,2025-04-01,2036.7800216674805,5530.110038757324,-3493.3300170898438,-63.17,71,227
1014,Dairy_Butter_1014,2021-03-01,720.359992980957,1955.4299793243408,-1235.0699863433838,-63.16,92,272
1047,Household_Detergent_1047,2021-09-01,2311.0400390625,6268.800048828125,-3957.760009765625,-63.13,64,184
1156,Personal Care_Soap_1156,2021-03-01,3055.5000534057617,8279.110103607178,-5223.610050201416,-63.09,90,268
1180,Grocery_Spices_1180,2025-09-01,436.79999351501465,1183.5599994659424,-746.7600059509277,-63.09,52,150
1043,Electronics_Batteries_1043,2022-09-01,1547.7000198364258,4192.300031661987,-2644.6000118255615,-63.08,66,190
1051,Electronics_Cables_1051,2022-03-01,4923.149971008301,13324.319839477539,-8401.169868469238,-63.05,69,216
1083,Dairy_Cheese_1083,2023-09-01,999.3599977493286,2703.400004386902,-1704.0400066375732,-63.03,72,216
1190,Dairy_Milk_1190,2025-04-01,1154.8200054168701,3123.9200439453125,-1969.1000385284424,-63.03,57,180
1090,Dairy_Cheese_1090,2021-03-01,3252.0600814819336,8793.520055770874,-5541.45997428894,-63.02,89,266
1151,Electronics_Cables_1151,2025-09-01,10419.289810180664,28161.04039001465,-17741.750579833984,-63.00,73,211
1085,Personal Care_Skincare_1085,2022-03-01,2077.139944076538,5611.999889373779,-3534.859945297241,-62.99,78,238
1093,Snacks_Chips_1093,2021-09-01,502.74000215530396,1357.2000241279602,-854.4600219726562,-62.96,63,180
1190,Dairy_Milk_1190,2025-09-01,1276.3800029754639,3445.709949493408,-2169.3299465179443,-62.96,63,183
1094,Grocery_Rice_1094,2021-03-01,1692,4566.769966125488,-2874.7699661254883,-62.95,72,208
1176,Snacks_Chocolates_1176,2021-09-01,512.2499942779541,1381.410017490387,-869.1600232124329,-62.92,75,215
1173,Electronics_Batteries_1173,2022-03-01,10796.280059814453,29116.660469055176,-18320.380409240723,-62.92,66,207
1109,Electronics_Batteries_1109,2022-09-01,2365.3499603271484,6375.429946899414,-4010.0799865722656,-62.90,65,185
1108,Dairy_Butter_1108,2022-09-01,2359.199981689453,6354.33992767334,-3995.1399459838867,-62.87,60,173
1170,Dairy_Yogurt_1170,2021-03-01,1746.5999565124512,4702.399978637695,-2955.800022125244,-62.86,82,240
1080,Snacks_Chips_1080,2022-09-01,1735.5,4666.590055465698,-2931.0900554656982,-62.81,78,225
1197,Electronics_Mobile Accessories_1197,2023-09-01,1265.760009765625,3399.420072555542,-2133.660062789917,-62.77,72,221
1061,Personal Care_Skincare_1061,2021-03-01,5112.900054931641,13721.850158691406,-8608.950103759766,-62.74,95,277
1184,Snacks_Chocolates_1184,2025-09-01,1434.2400245666504,3847.890022277832,-2413.6499977111816,-62.73,64,181
1060,Household_Detergent_1060,2024-09-01,2798.679977416992,7503.720054626465,-4705.040077209473,-62.70,74,210
1152,Personal Care_Toothpaste_1152,2021-03-01,4045.4999771118164,10839.390048980713,-6793.8900718688965,-62.68,75,223
1141,Beverages_Coffee_1141,2021-09-01,515.4499959945679,1379.4499859809875,-863.9999899864197,-62.63,61,172
1126,Beverages_Soft Drinks_1126,2023-09-01,1464.9000244140625,3911.540014266968,-2446.6399898529053,-62.55,57,168
1141,Beverages_Coffee_1141,2023-09-01,583.0499925613403,1553.1100177764893,-970.0600252151489,-62.46,69,211
1032,Snacks_Chocolates_1032,2025-09-01,1243.119987487793,3308.879964828491,-2065.7599773406982,-62.43,82,232
1111,Snacks_Nuts_1111,2023-03-01,959.6800146102905,2550.760046005249,-1591.0800313949585,-62.38,86,220
1185,Personal Care_Toothpaste_1185,2021-09-01,5494.689956665039,14595.620063781738,-9100.9301071167,-62.35,71,202
1125,Personal Care_Toothpaste_1125,2024-09-01,1753.0499782562256,4654.710014343262,-2901.660036087036,-62.34,65,183
1053,Snacks_Crackers_1053,2021-03-01,978.599983215332,2598.099992752075,-1619.5000095367432,-62.33,84,249
1199,Electronics_Cables_1199,2022-09-01,16322.189880371094,43334.15936279297,-27011.969482421875,-62.33,71,199
1184,Snacks_Chocolates_1184,2021-03-01,1927.2600021362305,5108.550067901611,-3181.290065765381,-62.27,86,247
1138,Household_Cleaning Supplies_1138,2023-09-01,3285.879913330078,8709.299980163574,-5423.420066833496,-62.27,71,218
1128,Grocery_Spices_1128,2025-04-01,1844.6599826812744,4886.020053863525,-3041.360071182251,-62.25,70,230
1192,Dairy_Milk_1192,2023-09-01,1274.2599773406982,3375.020030975342,-2100.7600536346436,-62.24,58,175
1020,Beverages_Juices_1020,2021-09-01,846.5999917984009,2240.479968070984,-1393.879976272583,-62.21,85,238
1050,Snacks_Chips_1050,2024-09-01,1320.160011291504,3488.1799850463867,-2168.019973754883,-62.15,74,207
1052,Snacks_Crackers_1052,2025-04-01,1054.2000198364258,2784.400062561035,-1730.2000427246094,-62.14,65,205
1135,Household_Trash Bags_1135,2025-04-01,3483.780075073242,9198.80997467041,-5715.029899597168,-62.13,72,229
1024,Grocery_Canned Goods_1024,2022-03-01,580.1400032043457,1531.3300304412842,-951.1900272369385,-62.12,66,207
1090,Dairy_Cheese_1090,2023-09-01,2228.940055847168,5882.720050811768,-3653.7799949645996,-62.11,61,183
1002,Dairy_Cream_1002,2022-03-01,1098.3999633789062,2897.3799743652344,-1798.9800109863281,-62.09,80,246
1049,Electronics_Batteries_1049,2021-03-01,9925.440307617188,26173.040588378906,-16247.600280761719,-62.08,84,244
1177,Snacks_Chips_1177,2025-04-01,190.2799985408783,501.799996137619,-311.5199975967407,-62.08,67,215
1183,Electronics_Batteries_1183,2022-03-01,12308.679611206055,32443.66929626465,-20134.989685058594,-62.06,92,283
1018,Personal Care_Deodorant_1018,2023-09-01,3530.239948272705,9300.149887084961,-5769.909938812256,-62.04,64,186
1075,Snacks_Crackers_1075,2022-03-01,935.899998664856,2463.7999897003174,-1527.8999910354614,-62.01,70,222
1064,Snacks_Biscuits_1064,2021-03-01,1449.760025024414,3814.7300300598145,-2364.9700050354004,-62.00,82,236
1030,Dairy_Cream_1030,2023-09-01,1102.0000457763672,2900.2600135803223,-1798.259967803955,-62.00,50,152
1138,Household_Cleaning Supplies_1138,2021-03-01,3100.7599182128906,8159.439861297607,-5058.679943084717,-62.00,67,197
1183,Electronics_Batteries_1183,2025-09-01,9365.299667358398,24643.990112304688,-15278.690444946289,-62.00,70,197
1017,Household_Paper Products_1017,2021-03-01,4063.619987487793,10691.490005493164,-6627.870018005371,-61.99,94,271
1037,Electronics_Cables_1037,2022-03-01,12321.330505371094,32410.810180664062,-20089.47967529297,-61.98,69,217
1017,Household_Paper Products_1017,2022-09-01,2853.180000305176,7492.170074462891,-4638.990074157715,-61.92,66,187
1005,Household_Paper Products_1005,2022-03-01,1185.9000434875488,3114.6200561523438,-1928.720012664795,-61.92,67,205
1047,Household_Detergent_1047,2021-03-01,2599.9200439453125,6827.89003944397,-4227.969995498657,-61.92,72,211
1143,Dairy_Cheese_1143,2022-09-01,1118.6499633789062,2937.8300132751465,-1819.1800498962402,-61.92,65,179
1120,Grocery_Cereals_1120,2022-09-01,2693.519989013672,7073.160049438477,-4379.640060424805,-61.92,58,161
1002,Dairy_Cream_1002,2021-03-01,1290.6199569702148,3387.1199226379395,-2096.4999656677246,-61.90,94,268
1072,Electronics_Chargers_1072,2022-03-01,19537.319915771484,51226.779556274414,-31689.45964050293,-61.86,82,259
1071,Grocery_Canned Goods_1071,2023-03-01,449.00998878479004,1176.7399997711182,-727.7300109863281,-61.84,89,236
1071,Grocery_Canned Goods_1071,2022-09-01,395.2799835205078,1034.2199864387512,-638.9400029182434,-61.78,72,198
1002,Dairy_Cream_1002,2025-09-01,878.719970703125,2297.4399967193604,-1418.7200260162354,-61.75,64,181
1079,Beverages_Juices_1079,2022-09-01,431.5999917984009,1127.8799815177917,-696.2799897193909,-61.73,83,230
1001,Electronics_Chargers_1001,2024-09-01,10531.83984375,27513.920043945312,-16982.080200195312,-61.72,64,180
1057,Beverages_Tea_1057,2025-04-01,2052.84002494812,5361.400108337402,-3308.560083389282,-61.71,78,250
1136,Personal Care_Shampoo_1136,2021-03-01,4823.199989318848,12598.110023498535,-7774.9100341796875,-61.71,80,231
1170,Dairy_Yogurt_1170,2021-09-01,1490.9999732971191,3893.6399669647217,-2402.6399936676025,-61.71,70,195
1103,Dairy_Milk_1103,2025-04-01,2840.8599548339844,7416.570045471191,-4575.710090637207,-61.70,74,231
1124,Dairy_Cheese_1124,2021-03-01,2220.2800636291504,5793.240060806274,-3572.959997177124,-61.67,94,267
1184,Snacks_Chocolates_1184,2022-09-01,1591.110019683838,4150.460023880005,-2559.350004196167,-61.66,71,198
1196,Grocery_Pasta_1196,2025-09-01,1826.3400192260742,4763.970024108887,-2937.6300048828125,-61.66,61,172
1012,Beverages_Juices_1012,2022-03-01,1142.1000213623047,2975.640007019043,-1833.5399856567383,-61.62,81,238
1104,Grocery_Pasta_1104,2022-03-01,1562.880054473877,4065.5999965667725,-2502.7199420928955,-61.56,74,222
1142,Electronics_Mobile Accessories_1142,2022-03-01,969.6799955368042,2521.9499225616455,-1552.2699270248413,-61.55,62,191
1193,Beverages_Tea_1193,2023-09-01,929.289999961853,2416.6499948501587,-1487.3599948883057,-61.55,67,199
1078,Electronics_Cables_1078,2024-09-01,12760.829818725586,33178.4998626709,-20417.670043945312,-61.54,71,196
1076,Snacks_Chocolates_1076,2025-09-01,1502.1400184631348,3903.5400428771973,-2401.4000244140625,-61.52,67,185
1090,Dairy_Cheese_1090,2024-09-01,2119.320053100586,5506.989959716797,-3387.669906616211,-61.52,58,161
1169,Beverages_Soft Drinks_1169,2022-03-01,529.8300132751465,1373.6000332832336,-843.7700200080872,-61.43,87,256
1097,Snacks_Crackers_1097,2021-03-01,227.06999254226685,588.4799959659576,-361.4100034236908,-61.41,87,244
1055,Dairy_Butter_1055,2025-09-01,790.9400186538696,2049.1299867630005,-1258.1899681091309,-61.40,71,196
1151,Electronics_Cables_1151,2025-04-01,8278.339904785156,21423.680068969727,-13145.34016418457,-61.36,58,178
1117,Snacks_Crackers_1117,2021-09-01,844.8999719619751,2184.3099822998047,-1339.4100103378296,-61.32,85,232
1188,Grocery_Spices_1188,2023-09-01,1263.5599575042725,3264.4399452209473,-2000.8799877166748,-61.29,62,182
1148,Household_Cleaning Supplies_1148,2021-03-01,5253.780059814453,13563.6001663208,-8309.820106506348,-61.27,98,280
1038,Electronics_Cables_1038,2022-03-01,7942.39990234375,20501.31982421875,-12558.919921875,-61.26,80,236
1177,Snacks_Chips_1177,2021-03-01,221.51999974250793,571.0500073432922,-349.5300076007843,-61.21,78,220
1106,Snacks_Chocolates_1106,2021-09-01,688.0799913406372,1773.0199928283691,-1084.940001487732,-61.19,61,167
1043,Electronics_Batteries_1043,2025-09-01,1266.3000259399414,3261.500015258789,-1995.1999893188477,-61.17,54,147
1144,Household_Detergent_1144,2025-04-01,1164.0200128555298,2995.860029220581,-1831.8400163650513,-61.15,82,245
1143,Dairy_Cheese_1143,2021-09-01,1135.8599548339844,2922.3699913024902,-1786.5100364685059,-61.13,66,181
1167,Grocery_Rice_1167,2021-09-01,2869.7500534057617,7382.320053100586,-4512.569999694824,-61.13,65,176
1056,Snacks_Nuts_1056,2023-03-01,506.9800043106079,1302.6399912834167,-795.6599869728088,-61.08,91,238
1009,Electronics_Batteries_1009,2024-09-01,6457.449859619141,16589.859939575195,-10132.410079956055,-61.08,71,194
1039,Beverages_Soft Drinks_1039,2024-09-01,1813.7000007629395,4658.700019836426,-2845.0000190734863,-61.07,70,188
1052,Snacks_Crackers_1052,2021-03-01,1434.4800262451172,3681.560073852539,-2247.080047607422,-61.04,86,242
1063,Snacks_Chocolates_1063,2022-03-01,1005.6399784088135,2578.219961166382,-1572.5799827575684,-60.99,62,197
1103,Dairy_Milk_1103,2024-09-01,2533.739959716797,6495.499923706055,-3961.759963989258,-60.99,66,178
1014,Dairy_Butter_1014,2023-03-01,704.5800037384033,1805.5799732208252,-1100.9999694824219,-60.98,96,256
1174,Electronics_Mobile Accessories_1174,2025-09-01,18063.750244140625,46170.230895996094,-28106.48065185547,-60.88,75,206
1003,Household_Cleaning Supplies_1003,2025-04-01,816,2081.9999923706055,-1265.9999923706055,-60.81,68,220
1017,Household_Paper Products_1017,2022-03-01,3328.7100105285645,8483.50002670288,-5154.790016174316,-60.76,77,235
1162,Dairy_Yogurt_1162,2024-09-01,1742.3999671936035,4440.479965209961,-2698.0799980163574,-60.76,66,179
1115,Household_Paper Products_1115,2025-09-01,3139.620086669922,7999.600109100342,-4859.98002243042,-60.75,71,191
1192,Dairy_Milk_1192,2025-04-01,1849.8799982070923,4712.700003623962,-2862.82000541687,-60.75,86,255
1196,Grocery_Pasta_1196,2022-03-01,2245.500030517578,5719.179912567139,-3473.6798820495605,-60.74,75,223
1149,Electronics_Chargers_1149,2023-09-01,7354.180023193359,18726.919967651367,-11372.739944458008,-60.73,71,198
1090,Dairy_Cheese_1090,2021-09-01,2411.6400604248047,6139.159973144531,-3727.5199127197266,-60.72,66,179
1072,Electronics_Chargers_1072,2025-04-01,16630.5399017334,42290.90040588379,-25660.36050415039,-60.68,71,215
1121,Grocery_Rice_1121,2021-03-01,2550.399953842163,6484.720026016235,-3934.3200721740723,-60.67,80,228
1173,Electronics_Batteries_1173,2022-09-01,12432.080047607422,31603.39991760254,-19171.319869995117,-60.66,76,206
1089,Electronics_Mobile Accessories_1089,2025-04-01,4484.599899291992,11395.439876556396,-6910.839977264404,-60.65,68,216
1021,Grocery_Canned Goods_1021,2022-03-01,2018.0999794006348,5124.249988555908,-3106.1500091552734,-60.62,70,206
1067,Grocery_Cereals_1067,2022-03-01,4163.880043029785,10571.180061340332,-6407.300018310547,-60.61,84,251
1160,Snacks_Nuts_1160,2025-09-01,457.3199973106384,1159.7599968910217,-702.4399995803833,-60.57,74,199
1130,Snacks_Nuts_1130,2022-03-01,1213.9200439453125,3072.2000455856323,-1858.2800016403198,-60.49,72,209
1120,Grocery_Cereals_1120,2025-09-01,3157.9199752807617,7992.7200050354,-4834.800029754639,-60.49,68,182
1191,Dairy_Butter_1191,2021-09-01,653.3999919891357,1653.2999897003174,-999.8999977111816,-60.48,66,174
1072,Electronics_Chargers_1072,2021-03-01,18107.759811401367,45769.62031555176,-27661.86050415039,-60.44,76,211
1111,Snacks_Nuts_1111,2021-09-01,741.0400199890137,1872.300030708313,-1131.2600107192993,-60.42,59,159
1143,Dairy_Cheese_1143,2023-09-01,1032.5999755859375,2609.200019836426,-1576.6000442504883,-60.42,60,168
1043,Electronics_Batteries_1043,2024-09-01,1618.0500297546387,4084.4000034332275,-2466.349973678589,-60.38,69,186
1035,Electronics_Batteries_1035,2022-09-01,22574.96044921875,56903.34045410156,-34328.38000488281,-60.33,92,246
1127,Grocery_Rice_1127,2021-03-01,1940.8500289916992,4892.670066833496,-2951.820037841797,-60.33,95,263
1146,Snacks_Chocolates_1146,2023-09-01,1339.1400299072266,3375.9999809265137,-2036.859951019287,-60.33,66,192
1133,Electronics_Mobile Accessories_1133,2021-09-01,2369.4999389648438,5968.3900508880615,-3598.890111923218,-60.30,70,189
1083,Dairy_Cheese_1083,2025-09-01,1054.8799982070923,2655.0100135803223,-1600.13001537323,-60.27,76,203
1195,Snacks_Chocolates_1195,2022-09-01,1464.3999996185303,3684.2900161743164,-2219.890016555786,-60.25,70,190
1195,Snacks_Chocolates_1195,2025-09-01,1527.1599941253662,3841.1400146484375,-2313.9800205230713,-60.24,73,195
1050,Snacks_Chips_1050,2022-09-01,1266.6400108337402,3184.939998626709,-1918.2999877929688,-60.23,71,191
1036,Electronics_Mobile Accessories_1036,2021-03-01,7516.320205688477,18889.519760131836,-11373.19955444336,-60.21,84,233
1160,Snacks_Nuts_1160,2024-11-01,354.119993686676,889.9199924468994,-535.7999987602234,-60.21,58,144
1057,Beverages_Tea_1057,2023-09-01,1481.7000141143799,3722.8700008392334,-2241.1699867248535,-60.20,55,162
1117,Snacks_Crackers_1117,2023-09-01,606.3399791717529,1522.6399841308594,-916.3000049591064,-60.18,61,170
1086,Grocery_Rice_1086,2021-09-01,1204.8000259399414,3024.9900608062744,-1820.190034866333,-60.17,80,215
1098,Electronics_Mobile Accessories_1098,2025-04-01,7599.099914550781,19080.420166015625,-11481.320251464844,-60.17,74,232
1149,Electronics_Chargers_1149,2022-03-01,7250.599990844727,18203.699935913086,-10953.09994506836,-60.17,70,200
1054,Snacks_Chips_1054,2025-09-01,650.7599849700928,1633.3899869918823,-982.6300020217896,-60.16,66,176
1036,Electronics_Mobile Accessories_1036,2021-09-01,5637.240158081055,14137.639976501465,-8500.39981842041,-60.13,63,168
1161,Electronics_Batteries_1161,2024-09-01,6116.840148925781,15341.2001953125,-9224.360046386719,-60.13,74,198
1018,Personal Care_Deodorant_1018,2022-03-01,3750.87996673584,9404.779865264893,-5653.899898529053,-60.12,68,195
1178,Beverages_Soft Drinks_1178,2022-09-01,1987.0200233459473,4982.389987945557,-2995.3699645996094,-60.12,83,220
1070,Grocery_Canned Goods_1070,2023-09-01,2995.4899253845215,7509.6099281311035,-4514.120002746582,-60.11,71,199
1003,Household_Cleaning Supplies_1003,2022-03-01,828,2073,-1245,-60.06,69,196
1034,Household_Cleaning Supplies_1034,2022-03-01,3798.959976196289,9511.789806365967,-5712.829830169678,-60.06,66,198
1084,Household_Paper Products_1084,2021-09-01,4597.43994140625,11507.809928894043,-6910.369987487793,-60.05,96,256
1152,Personal Care_Toothpaste_1152,2025-09-01,3452.160015106201,8636.189949035645,-5184.029933929443,-60.03,64,170
1066,Household_Cleaning Supplies_1066,2022-09-01,3285.4799194335938,8218.479797363281,-4932.9998779296875,-60.02,66,175
1003,Household_Cleaning Supplies_1003,2025-09-01,864,2161.200026512146,-1297.200026512146,-60.02,72,192
1180,Grocery_Spices_1180,2025-04-01,592.199987411499,1480.9199953079224,-888.7200078964233,-60.01,72,209
1068,Electronics_Chargers_1068,2022-03-01,6941.569732666016,17354.349975585938,-10412.780242919922,-60.00,73,225
1054,Snacks_Chips_1054,2021-09-01,621.1799821853638,1552.4899921417236,-931.3100099563599,-59.99,63,169
1127,Grocery_Rice_1127,2025-04-01,1542.4600238800049,3852.980065345764,-2310.5200414657593,-59.97,77,224
1013,Grocery_Cereals_1013,2025-09-01,2351.5800590515137,5865.010028839111,-3513.4299697875977,-59.90,66,175
1084,Household_Paper Products_1084,2021-03-01,4214.3199462890625,10507.569847106934,-6293.249900817871,-59.89,88,241
1116,Personal Care_Skincare_1116,2025-04-01,6171.48014831543,15381.199974060059,-9209.719825744629,-59.88,79,244
1048,Snacks_Biscuits_1048,2021-09-01,943.1599969863892,2349.259962081909,-1406.09996509552,-59.85,68,180
1153,Electronics_Batteries_1153,2025-04-01,10607.480072021484,26405.820037841797,-15798.339965820312,-59.83,69,200
1132,Dairy_Butter_1132,2021-09-01,2052.0199279785156,5105.479942321777,-3053.4600143432617,-59.81,59,158
1042,Grocery_Canned Goods_1042,2022-09-01,2559.300048828125,6366.820053100586,-3807.520004272461,-59.80,57,150
1168,Snacks_Chips_1168,2022-03-01,1338.4000549316406,3326.8800163269043,-1988.4799613952637,-59.77,70,203
1169,Beverages_Soft Drinks_1169,2024-09-01,377.5800094604492,938.3800158500671,-560.8000063896179,-59.76,62,163
1083,Dairy_Cheese_1083,2022-09-01,1096.5200023651123,2724.35001373291,-1627.8300113677979,-59.75,79,211
1035,Electronics_Batteries_1035,2024-09-01,18403.500366210938,45713.99996948242,-27310.499603271484,-59.74,75,201
1047,Household_Detergent_1047,2023-03-01,2896.060028076172,7190.820062637329,-4294.760034561157,-59.73,84,220
1177,Snacks_Chips_1177,2022-03-01,156.20000100135803,387.6600034236908,-231.46000242233276,-59.71,55,157
1070,Grocery_Canned Goods_1070,2021-03-01,3543.9599113464355,8787.970016479492,-5244.010105133057,-59.67,84,229
1066,Household_Cleaning Supplies_1066,2021-03-01,4131.739898681641,10226.889995574951,-6095.150096893311,-59.60,83,226
1056,Snacks_Nuts_1056,2022-03-01,388.7000026702881,961.9100050926208,-573.2100024223328,-59.59,65,192
1078,Electronics_Cables_1078,2021-03-01,16355.4296875,40457.149826049805,-24101.720138549805,-59.57,91,247
1101,Snacks_Crackers_1101,2025-09-01,1769.3200149536133,4373.690044403076,-2604.370029449463,-59.55,71,187
1104,Grocery_Pasta_1104,2022-09-01,1626.2400550842285,4019.450019836426,-2393.2099647521973,-59.54,77,206
1095,Snacks_Chocolates_1095,2022-09-01,1401.6399879455566,3464.560007095337,-2062.9200191497803,-59.54,67,176
1156,Personal Care_Soap_1156,2022-03-01,3123.4000396728516,7714.7399253845215,-4591.33988571167,-59.51,92,267
1185,Personal Care_Toothpaste_1185,2022-03-01,6887.709945678711,17006.130088806152,-10118.420143127441,-59.50,89,252
1007,Personal Care_Shampoo_1007,2022-09-01,5313.540092468262,13115.259895324707,-7801.719802856445,-59.49,79,206
1101,Snacks_Crackers_1101,2021-03-01,2541.8400268554688,6270.8600730896,-3729.020046234131,-59.47,102,271
1086,Grocery_Rice_1086,2025-09-01,888.5400190353394,2192.3600368499756,-1303.8200178146362,-59.47,59,155
1168,Snacks_Chips_1168,2021-03-01,1720.8000583648682,4245.290019989014,-2524.4899616241455,-59.47,90,245
1124,Dairy_Cheese_1124,2021-09-01,2102.1800537109375,5182.520038604736,-3080.339984893799,-59.44,89,234
1151,Electronics_Cables_1151,2021-03-01,10276.559753417969,25334.51983642578,-15057.960083007812,-59.44,72,194
1122,Dairy_Yogurt_1122,2021-09-01,1990.8000354766846,4907.480031967163,-2916.6799964904785,-59.43,63,166
1056,Snacks_Nuts_1056,2024-09-01,484.3800058364868,1192.819995880127,-708.4399900436401,-59.39,81,209
1060,Household_Detergent_1060,2022-03-01,2533.9399795532227,6239.780067443848,-3705.840087890625,-59.39,67,191
1042,Grocery_Canned Goods_1042,2021-03-01,3996.100067138672,9836.76008605957,-5840.660018920898,-59.38,89,244
1030,Dairy_Cream_1030,2024-09-01,1542.800064086914,3797.9600563049316,-2255.1599922180176,-59.38,70,184
1007,Personal Care_Shampoo_1007,2023-03-01,5986.200057983398,14729.7998046875,-8743.599746704102,-59.36,95,240
1169,Beverages_Soft Drinks_1169,2021-03-01,657.7200164794922,1618.1200022697449,-960.3999857902527,-59.35,108,292
1064,Snacks_Biscuits_1064,2024-03-01,1631.070013999939,4011.8600330352783,-2380.7900190353394,-59.34,99,247
1084,Household_Paper Products_1084,2025-09-01,3783.3099517822266,9300.119972229004,-5516.810020446777,-59.32,79,206
1188,Grocery_Spices_1188,2021-09-01,1446.9799575805664,3554.039966583252,-2107.0600090026855,-59.29,71,186
1190,Dairy_Milk_1190,2021-03-01,1722.099998474121,4228.119951248169,-2506.019952774048,-59.27,85,230
1027,Snacks_Chips_1027,2024-09-01,417.45000743865967,1024.8499994277954,-607.3999919891357,-59.27,69,182
1014,Dairy_Butter_1014,2022-09-01,571.589994430542,1401.930004119873,-830.340009689331,-59.23,73,191
1126,Beverages_Soft Drinks_1126,2025-04-01,1572.8400077819824,3857.5700149536133,-2284.730007171631,-59.23,63,184
1089,Electronics_Mobile Accessories_1089,2021-03-01,6594.999862670898,16161.429821014404,-9566.429958343506,-59.19,100,268
1092,Household_Detergent_1092,2024-09-01,2170.6300258636475,5310.870058059692,-3140.240032196045,-59.13,77,201
1167,Grocery_Rice_1167,2023-09-01,2516.5500564575195,6154.510040283203,-3637.9599838256836,-59.11,57,154
1152,Personal Care_Toothpaste_1152,2023-09-01,4045.4999771118164,9892.300109863281,-5846.800132751465,-59.10,75,213
1122,Dairy_Yogurt_1122,2022-03-01,2559.6000442504883,6256.800029754639,-3697.1999855041504,-59.09,81,245
1164,Electronics_Cables_1164,2022-09-01,12951.839950561523,31653.859420776367,-18702.019470214844,-59.08,66,170
1199,Electronics_Cables_1199,2021-09-01,18391.199829101562,44943.3994140625,-26552.199584960938,-59.08,80,205
1053,Snacks_Crackers_1053,2025-04-01,884.1999816894531,2160.29998588562,-1276.100004196167,-59.07,78,232
1141,Beverages_Coffee_1141,2024-09-01,583.0499906539917,1424.0499787330627,-840.999988079071,-59.06,69,181
1103,Dairy_Milk_1103,2023-05-01,3071.199951171875,7501.209854125977,-4430.009902954102,-59.06,80,215
1157,Household_Cleaning Supplies_1157,2022-09-01,1214.28999710083,2964.4099798202515,-1750.1199827194214,-59.04,83,215
1094,Grocery_Rice_1094,2025-04-01,1598,3898.6499938964844,-2300.6499938964844,-59.01,71,201
1197,Electronics_Mobile Accessories_1197,2024-09-01,1318.5000133514404,3216.919990539551,-1898.4199771881104,-59.01,75,194
1180,Grocery_Spices_1180,2022-03-01,663.5999813079834,1619.0999956130981,-955.5000143051147,-59.01,79,223
1096,Electronics_Mobile Accessories_1096,2022-09-01,9629.650001525879,23484.880043029785,-13855.230041503906,-59.00,85,221
1183,Electronics_Batteries_1183,2021-09-01,8027.399673461914,19573.390014648438,-11545.990341186523,-58.99,60,155
1096,Electronics_Mobile Accessories_1096,2024-09-01,10082.810020446777,24561.160049438477,-14478.3500289917,-58.95,89,228
1103,Dairy_Milk_1103,2021-09-01,2725.689956665039,6637.529930114746,-3911.839973449707,-58.94,71,183
1140,Personal Care_Shampoo_1140,2025-09-01,2832.149948120117,6896.909896850586,-4064.7599487304688,-58.94,79,205
1130,Snacks_Nuts_1130,2021-03-01,1483.6800537109375,3612.9400959014893,-2129.2600421905518,-58.93,88,238
1062,Personal Care_Deodorant_1062,2022-03-01,2130.140022277832,5185.999956130981,-3055.8599338531494,-58.93,73,215
1046,Household_Paper Products_1046,2024-09-01,3956.9199981689453,9630.340034484863,-5673.420036315918,-58.91,68,176
1179,Household_Cleaning Supplies_1179,2021-09-01,2018.7999725341797,4911.9598960876465,-2893.159923553467,-58.90,70,183
1033,Household_Paper Products_1033,2023-09-01,2043.7199401855469,4969.599960327148,-2925.8800201416016,-58.88,63,174
1074,Personal Care_Skincare_1074,2021-09-01,4198.889877319336,10208.729927062988,-6009.840049743652,-58.87,67,170
1195,Snacks_Chocolates_1195,2025-04-01,1414.1599864959717,3438.6799421310425,-2024.5199556350708,-58.87,70,207
1086,Grocery_Rice_1086,2022-09-01,1159.6200246810913,2818.8000621795654,-1659.1800374984741,-58.86,77,198
1133,Electronics_Mobile Accessories_1133,2025-04-01,2335.6999473571777,5670.600009918213,-3334.900062561035,-58.81,72,211
1105,Beverages_Water_1105,2023-03-01,1594.8800430297852,3869.999969482422,-2275.1199264526367,-58.79,100,251
1172,Electronics_Chargers_1172,2023-09-01,7941.499908447266,19263.809982299805,-11322.310073852539,-58.78,70,193
1189,Electronics_Batteries_1189,2022-03-01,6005.229888916016,14564.290172576904,-8559.060283660889,-58.77,77,221
1074,Personal Care_Skincare_1074,2021-03-01,5765.639831542969,13984.879913330078,-8219.24008178711,-58.77,92,244
1011,Personal Care_Shampoo_1011,2021-09-01,1446.2700500488281,3505.260066986084,-2058.990016937256,-58.74,71,186
1145,Household_Trash Bags_1145,2022-03-01,916.8000144958496,2221.0000143051147,-1304.1999998092651,-58.72,80,225
1139,Dairy_Cream_1139,2024-09-01,1816.7999267578125,4394.509967803955,-2577.7100410461426,-58.66,80,206
1163,Household_Paper Products_1163,2022-03-01,2991.199951171875,7234.629997253418,-4243.430046081543,-58.65,80,227
1012,Beverages_Juices_1012,2021-06-01,1240.800012588501,3000.2000017166138,-1759.3999891281128,-58.64,88,238
1048,Snacks_Biscuits_1048,2025-04-01,994.4800004959106,2403.809971809387,-1409.3299713134766,-58.63,72,215
1097,Snacks_Crackers_1097,2022-09-01,211.4099931716919,510.64999628067017,-299.24000310897827,-58.60,81,209
1161,Electronics_Batteries_1161,2025-09-01,7191.420166015625,17358.120010375977,-10166.699844360352,-58.57,87,222
1122,Dairy_Yogurt_1122,2023-03-01,3292.7200508117676,7945.820156097412,-4653.1001052856445,-58.56,110,272
1172,Electronics_Chargers_1172,2021-03-01,10323.94985961914,24913.28009033203,-14589.33023071289,-58.56,91,240
1198,Dairy_Cheese_1198,2021-09-01,1891.4300117492676,4560.289989471436,-2668.859977722168,-58.52,73,189
1048,Snacks_Biscuits_1048,2021-03-01,1192.8200006484985,2873.249976158142,-1680.4299755096436,-58.49,86,231
1058,Personal Care_Soap_1058,2024-09-01,3560.5300064086914,8576.470161437988,-5015.940155029297,-58.48,79,202
1109,Electronics_Batteries_1109,2025-09-01,2583.689956665039,6222.5799560546875,-3638.8899993896484,-58.48,71,182
1172,Electronics_Chargers_1172,2024-09-01,9189.449890136719,22133.349639892578,-12943.89974975586,-58.48,81,210
1063,Snacks_Chocolates_1063,2021-09-01,1102.9599704742432,2653.799982070923,-1550.8400115966797,-58.44,68,174
1050,Snacks_Chips_1050,2025-04-01,1138.200008392334,2738.6699981689453,-1600.4699897766113,-58.44,65,188
1005,Household_Paper Products_1005,2023-09-01,1203.6000137329102,2895.720016479492,-1692.120002746582,-58.44,68,187
1152,Personal Care_Toothpaste_1152,2021-09-01,4207.319984436035,10119.599975585938,-5912.279991149902,-58.42,78,199
1144,Household_Detergent_1144,2023-09-01,1041.1200151443481,2501.8299856185913,-1460.7099704742432,-58.39,72,198
1120,Grocery_Cereals_1120,2023-09-01,2647.079933166504,6362.120014190674,-3715.04008102417,-58.39,57,153
1101,Snacks_Crackers_1101,2024-09-01,1819.1600074768066,4371.2400550842285,-2552.080047607422,-58.38,73,189
1161,Electronics_Batteries_1161,2023-09-01,5951.520202636719,14300.439796447754,-8348.919593811035,-58.38,72,199
1131,Snacks_Crackers_1131,2025-04-01,1748.5199756622314,4198.9000816345215,-2450.38010597229,-58.36,76,214
1137,Snacks_Nuts_1137,2023-09-01,356.1599922180176,855.1799845695496,-499.019992351532,-58.35,53,147
1109,Electronics_Batteries_1109,2021-03-01,3311.489944458008,7951.019920349121,-4639.529975891113,-58.35,91,238
1092,Household_Detergent_1092,2022-03-01,2057.8700218200684,4940.039934158325,-2882.169912338257,-58.34,73,201
1165,Personal Care_Skincare_1165,2023-09-01,1072.599983215332,2574.239978790283,-1501.6399955749512,-58.33,62,173
1027,Snacks_Chips_1027,2025-09-01,417.450008392334,1001.4600048065186,-584.0099964141846,-58.32,69,174
1175,Household_Trash Bags_1175,2025-09-01,5206.080059051514,12489.060138702393,-7282.980079650879,-58.31,87,220
1196,Grocery_Pasta_1196,2023-03-01,2598.730028152466,6230.639999389648,-3631.9099712371826,-58.29,93,227
1194,Dairy_Butter_1194,2021-09-01,789.6599988937378,1892.6700086593628,-1103.010009765625,-58.28,82,209
1179,Household_Cleaning Supplies_1179,2022-03-01,2509.079975128174,6013.139888763428,-3504.059913635254,-58.27,87,241
1123,Beverages_Water_1123,2022-09-01,775.7799758911133,1859.2000007629395,-1083.4200248718262,-58.27,79,203
1157,Household_Cleaning Supplies_1157,2025-09-01,1345.96000289917,3224.8899641036987,-1878.9299612045288,-58.26,92,235
1031,Snacks_Chips_1031,2022-03-01,1191.0600357055664,2851.349988937378,-1660.2899532318115,-58.23,78,219
1031,Snacks_Chips_1031,2021-03-01,1206.33003616333,2887.619976043701,-1681.289939880371,-58.22,79,208
1002,Dairy_Cream_1002,2021-09-01,947.3699684143066,2265.74999332428,-1318.3800249099731,-58.19,69,175
1001,Electronics_Chargers_1001,2021-09-01,10860.959838867188,25967.159881591797,-15106.20004272461,-58.17,66,168
1140,Personal Care_Shampoo_1140,2021-09-01,2366.099952697754,5652.979934692383,-3286.879981994629,-58.14,66,169
1019,Electronics_Cables_1019,2021-03-01,20762.280242919922,49585.66047668457,-28823.38023376465,-58.13,98,260
1033,Household_Paper Products_1033,2021-03-01,3146.679901123047,7515.619979858398,-4368.940078735352,-58.13,97,259
1074,Personal Care_Skincare_1074,2022-03-01,5201.609848022461,12424.019912719727,-7222.410064697266,-58.13,83,229
1110,Grocery_Canned Goods_1110,2023-09-01,1472.7999877929688,3516.619956970215,-2043.819969177246,-58.12,80,222
1085,Personal Care_Skincare_1085,2022-09-01,1943.9899501800537,4641.899951934814,-2697.9100017547607,-58.12,73,184
1172,Electronics_Chargers_1172,2022-09-01,8281.849884033203,19762.29972076416,-11480.449836730957,-58.09,73,188
1112,Household_Paper Products_1112,2022-09-01,871.9200029373169,2079.900019645691,-1207.980016708374,-58.08,84,213
1044,Snacks_Biscuits_1044,2021-03-01,2135.4200897216797,5094.280113220215,-2958.860023498535,-58.08,98,256
1158,Snacks_Crackers_1158,2022-09-01,596.139995098114,1421.7299938201904,-825.5899987220764,-58.07,82,205
1085,Personal Care_Skincare_1085,2023-03-01,2284.7099571228027,5445.209854125977,-3160.499897003174,-58.04,93,228
1067,Grocery_Cereals_1067,2022-09-01,3668.180015563965,8733.880180358887,-5065.700164794922,-58.00,74,188
1120,Grocery_Cereals_1120,2022-03-01,3668.7599487304688,8730.720024108887,-5061.960075378418,-57.98,79,219
1088,Household_Cleaning Supplies_1088,2025-09-01,1481.1999893188477,3522.760021209717,-2041.5600318908691,-57.95,70,176
1109,Electronics_Batteries_1109,2023-03-01,3464.269973754883,8232.989921569824,-4768.719947814941,-57.92,101,251
1154,Household_Cleaning Supplies_1154,2024-03-01,1354.780011177063,3216.5700035095215,-1861.7899923324585,-57.88,92,221
1142,Electronics_Mobile Accessories_1142,2021-03-01,1313.7600116729736,3118.119951248169,-1804.3599395751953,-57.87,84,218
1124,Dairy_Cheese_1124,2023-09-01,1582.5400505065918,3756.0400218963623,-2173.4999713897705,-57.87,67,182
1143,Dairy_Cheese_1143,2025-09-01,1583.3199615478516,3757.1000003814697,-2173.780038833618,-57.86,92,234
1150,Electronics_Batteries_1150,2024-09-01,9319.800109863281,22115.030151367188,-12795.230041503906,-57.86,70,178
1107,Electronics_Mobile Accessories_1107,2025-04-01,10755.520156860352,25498.25001525879,-14742.729858398438,-57.82,69,197
1006,Beverages_Coffee_1006,2023-03-01,1097.9999990463257,2601.9099674224854,-1503.9099683761597,-57.80,90,221
1123,Beverages_Water_1123,2023-03-01,1021.3599743843079,2419.669979095459,-1398.3100047111511,-57.79,108,272
1105,Beverages_Water_1105,2021-09-01,1363.200038909912,3227.920021057129,-1864.7199821472168,-57.77,80,203
1141,Beverages_Coffee_1141,2021-03-01,870.3499927520752,2060.960021495819,-1190.610028743744,-57.77,103,269
1014,Dairy_Butter_1014,2021-09-01,626.3999938964844,1483.3500051498413,-856.9500112533569,-57.77,80,201
1042,Grocery_Canned Goods_1042,2022-03-01,3232.8000869750977,7654.780029296875,-4421.979942321777,-57.77,72,204
1065,Electronics_Chargers_1065,2022-03-01,14759.890060424805,34943.20935058594,-20183.319290161133,-57.76,83,235
1065,Electronics_Chargers_1065,2021-03-01,15649.0400390625,37042.610412597656,-21393.570373535156,-57.75,88,229
1021,Grocery_Canned Goods_1021,2022-09-01,2248.739978790283,5319.449960708618,-3070.709981918335,-57.73,78,195
1093,Snacks_Chips_1093,2025-09-01,526.6800045967102,1243.8800177574158,-717.2000131607056,-57.66,66,166
1013,Grocery_Cereals_1013,2022-09-01,2814.770065307617,6645.309978485107,-3830.5399131774902,-57.64,79,197
1182,Beverages_Tea_1182,2022-09-01,1037.4800338745117,2448.0400257110596,-1410.5599918365479,-57.62,74,182
1195,Snacks_Chocolates_1195,2021-03-01,1987.3999862670898,4682.620027542114,-2695.2200412750244,-57.56,95,248
1013,Grocery_Cereals_1013,2021-03-01,2992.9200706481934,7050.030090332031,-4057.110019683838,-57.55,84,219
1154,Household_Cleaning Supplies_1154,2021-09-01,1191.750002861023,2807.6600074768066,-1615.9100046157837,-57.55,75,187
1091,Dairy_Butter_1091,2024-09-01,576.8399848937988,1358.5399894714355,-781.7000045776367,-57.54,66,164
1196,Grocery_Pasta_1196,2024-09-01,2904.1800327301025,6838.919988632202,-3934.7399559020996,-57.53,97,244
1174,Electronics_Mobile Accessories_1174,2025-04-01,15703.450134277344,36971.050231933594,-21267.60009765625,-57.53,67,188
1155,Electronics_Mobile Accessories_1155,2025-09-01,1853.2799549102783,4362.929979324341,-2509.6500244140625,-57.52,81,205
1096,Electronics_Mobile Accessories_1096,2021-09-01,8270.170043945312,19463.109970092773,-11192.939926147461,-57.51,73,183
1108,Dairy_Butter_1108,2024-09-01,2870.359977722168,6751.509918212891,-3881.1499404907227,-57.49,73,185
1032,Snacks_Chocolates_1032,2022-03-01,1182.4799880981445,2781.860020637512,-1599.3800325393677,-57.49,78,219
1104,Grocery_Pasta_1104,2021-06-01,1795.2000522613525,4220.880060195923,-2425.6800079345703,-57.47,85,216
1178,Beverages_Soft Drinks_1178,2025-04-01,2113.920030593872,4970.2600021362305,-2856.3399715423584,-57.47,91,255
1059,Electronics_Cables_1059,2021-03-01,1995.6199569702148,4691.429985046387,-2695.810028076172,-57.46,94,243
1055,Dairy_Butter_1055,2025-04-01,735.2399969100952,1726.8799867630005,-991.6399898529053,-57.42,66,182
1096,Electronics_Mobile Accessories_1096,2025-04-01,10207.390029907227,23949.020080566406,-13741.63005065918,-57.38,94,260
1064,Snacks_Biscuits_1064,2025-09-01,1343.6800231933594,3148.6100311279297,-1804.9300079345703,-57.32,76,188
1070,Grocery_Canned Goods_1070,2022-09-01,3417.389907836914,8007.520126342773,-4590.130218505859,-57.32,81,204
1030,Dairy_Cream_1030,2022-03-01,1961.5600814819336,4595.3401165008545,-2633.780035018921,-57.31,89,248
1131,Snacks_Crackers_1131,2021-03-01,1948.0099830627441,4556.750022888184,-2608.7400398254395,-57.25,83,209
1138,Household_Cleaning Supplies_1138,2022-03-01,3470.9999084472656,8110.5698318481445,-4639.569923400879,-57.20,75,213
1083,Dairy_Cheese_1083,2023-03-01,1226.8399991989136,2865.0800371170044,-1638.2400379180908,-57.18,96,225
1016,Grocery_Rice_1016,2021-06-01,2080.0800380706787,4857.070058822632,-2776.990020751953,-57.17,107,277
1052,Snacks_Crackers_1052,2021-09-01,967.4400177001953,2258.3000202178955,-1290.8600025177002,-57.16,58,144
1157,Household_Cleaning Supplies_1157,2025-04-01,1243.5500011444092,2900.9899921417236,-1657.4399909973145,-57.13,85,240
1079,Beverages_Juices_1079,2024-09-01,332.79999256134033,775.319990158081,-442.5199975967407,-57.08,64,157
1044,Snacks_Biscuits_1044,2025-04-01,1771.5000686645508,4126.690071105957,-2355.1900024414062,-57.07,84,223
1012,Beverages_Juices_1012,2025-04-01,1245.0300102233887,2900.3700008392334,-1655.3399906158447,-57.07,91,248
1112,Household_Paper Products_1112,2022-03-01,716.2200021743774,1668.0400295257568,-951.8200273513794,-57.06,69,188
1038,Electronics_Cables_1038,2024-09-01,8240.23989868164,19170.669525146484,-10930.429626464844,-57.02,83,208
1179,Household_Cleaning Supplies_1179,2025-04-01,1906.3299674987793,4435.859979629517,-2529.5300121307373,-57.02,67,194
1049,Electronics_Batteries_1049,2021-09-01,9216.480285644531,21433.67984008789,-12217.19955444336,-57.00,78,195
1060,Household_Detergent_1060,2025-04-01,2651.169984817505,6164.1400718688965,-3512.9700870513916,-56.99,71,202
1022,Household_Cleaning Supplies_1022,2021-09-01,3782.5800247192383,8793.360107421875,-5010.780082702637,-56.98,69,172
1033,Household_Paper Products_1033,2022-03-01,2757.3999214172363,6406.899917602539,-3649.4999961853027,-56.96,85,233
1033,Household_Paper Products_1033,2025-04-01,2076.1599502563477,4824.069881439209,-2747.9099311828613,-56.96,64,185
1043,Electronics_Batteries_1043,2021-03-01,2157.400047302246,5012.050064086914,-2854.650016784668,-56.96,92,237
1196,Grocery_Pasta_1196,2025-04-01,2649.7000274658203,6152.980030059814,-3503.280002593994,-56.94,90,252
1163,Household_Paper Products_1163,2023-03-01,3589.3399963378906,8330.269863128662,-4740.9298667907715,-56.91,106,245
1004,Beverages_Juices_1004,2023-09-01,1861.4999771118164,4319.02001953125,-2457.5200424194336,-56.90,75,191
1082,Household_Detergent_1082,2025-04-01,3447.739963531494,7998.319955825806,-4550.5799922943115,-56.89,79,222
1020,Beverages_Juices_1020,2023-09-01,816.7199964523315,1892.66996717453,-1075.9499707221985,-56.85,82,217
1038,Electronics_Cables_1038,2022-09-01,6850.319915771484,15874.669731140137,-9024.349815368652,-56.85,69,170
1167,Grocery_Rice_1167,2025-09-01,3178.800048828125,7364.630054473877,-4185.830005645752,-56.84,72,175
1176,Snacks_Chocolates_1176,2025-09-01,553.2299938201904,1281.6200246810913,-728.3900308609009,-56.83,81,198
1160,Snacks_Nuts_1160,2023-09-01,401.6999945640564,929.1399993896484,-527.440004825592,-56.77,65,167
1127,Grocery_Rice_1127,2024-09-01,1675.260025024414,3873.9299392700195,-2198.6699142456055,-56.76,82,203
1008,Personal Care_Shampoo_1008,2025-09-01,2812.159969329834,6494.740001678467,-3682.580032348633,-56.70,64,158
1070,Grocery_Canned Goods_1070,2022-03-01,3375.199920654297,7794.339839935303,-4419.139919281006,-56.70,80,211
1040,Electronics_Mobile Accessories_1040,2022-03-01,7197.79997253418,16618.449741363525,-9420.649768829346,-56.69,85,239
1063,Snacks_Chocolates_1063,2023-09-01,1167.8399677276611,2692.879961013794,-1525.0399932861328,-56.63,72,184
1105,Beverages_Water_1105,2021-03-01,1431.3600616455078,3300.0799407958984,-1868.7198791503906,-56.63,84,215
1037,Electronics_Cables_1037,2021-03-01,15714.16064453125,36222.29034423828,-20508.12969970703,-56.62,88,224
1162,Dairy_Yogurt_1162,2022-03-01,2032.7999572753906,4679.399940490723,-2646.599983215332,-56.56,77,215
1094,Grocery_Rice_1094,2023-03-01,2166.6999893188477,4986.03995513916,-2819.3399658203125,-56.54,99,232
1120,Grocery_Cereals_1120,2023-03-01,3445.800003051758,7919.850170135498,-4474.05016708374,-56.49,79,189
1110,Grocery_Canned Goods_1110,2021-03-01,1583.2599868774414,3637.1099948883057,-2053.8500080108643,-56.47,86,219
1154,Household_Cleaning Supplies_1154,2023-09-01,1175.860008239746,2701.0999879837036,-1525.2399797439575,-56.47,74,190
1196,Grocery_Pasta_1196,2021-03-01,2904.1800365448,6667.740030288696,-3763.5599937438965,-56.44,97,238
1120,Grocery_Cereals_1120,2024-09-01,3947.3999519348145,9056.320003509521,-5108.920051574707,-56.41,85,208
1024,Grocery_Canned Goods_1024,2023-09-01,606.5100030899048,1390.3800230026245,-783.8700199127197,-56.38,69,178
1088,Household_Cleaning Supplies_1088,2023-09-01,1311.9199905395508,3004.960029602051,-1693.0400390625,-56.34,62,166
1196,Grocery_Pasta_1196,2021-09-01,2455.080026626587,5623.1800174713135,-3168.0999908447266,-56.34,82,199
1088,Household_Cleaning Supplies_1088,2022-03-01,1608.1599884033203,3681.8399982452393,-2073.680009841919,-56.32,76,202
1114,Electronics_Batteries_1114,2021-09-01,10212.13998413086,23381.379974365234,-13169.239990234375,-56.32,67,161
1152,Personal Care_Toothpaste_1152,2022-09-01,4045.499954223633,9262.02991104126,-5216.529956817627,-56.32,75,185
1077,Household_Cleaning Supplies_1077,2025-04-01,3703.2799224853516,8477.559982299805,-4774.280059814453,-56.32,79,215
1041,Snacks_Nuts_1041,2025-04-01,1392.500012397766,3186.500005722046,-1793.9999933242798,-56.30,103,279
1056,Snacks_Nuts_1056,2021-09-01,400.6600036621094,915.9199967384338,-515.2599930763245,-56.26,67,164
1186,Dairy_Yogurt_1186,2022-09-01,491.3999967575073,1123.0999698638916,-631.6999731063843,-56.25,90,220
1064,Snacks_Biscuits_1064,2023-09-01,1308.3200225830078,2987.3399801254272,-1679.0199575424194,-56.20,74,198
1004,Beverages_Juices_1004,2025-04-01,1732.4199829101562,3955.7000484466553,-2223.280065536499,-56.20,71,205
1131,Snacks_Crackers_1131,2025-09-01,1619.430004119873,3696.180030822754,-2076.750026702881,-56.19,69,169
1025,Household_Detergent_1025,2023-09-01,652.9599838256836,1490.2400150299072,-837.2800312042236,-56.18,77,203
1044,Snacks_Biscuits_1044,2021-09-01,1568.8800659179688,3579.990104675293,-2011.1100387573242,-56.18,72,175
1087,Snacks_Crackers_1087,2025-09-01,744.1800060272217,1697.7400016784668,-953.5599956512451,-56.17,79,193
1188,Grocery_Spices_1188,2022-09-01,1569.2599487304688,3580.5599727630615,-2011.3000240325928,-56.17,77,186
1135,Household_Trash Bags_1135,2025-09-01,3837.2401008605957,8744.760070800781,-4907.519969940186,-56.12,76,184
1057,Beverages_Tea_1057,2021-03-01,2559.3000297546387,5832.659917831421,-3273.359888076782,-56.12,95,239
1053,Snacks_Crackers_1053,2024-09-01,920.3499794006348,2097.5499782562256,-1177.1999988555908,-56.12,79,191
1087,Snacks_Crackers_1087,2021-03-01,753.6000061035156,1715.2500190734863,-961.6500129699707,-56.06,80,199
1027,Snacks_Chips_1027,2024-03-01,631.1899976730347,1435.9600005149841,-804.7700028419495,-56.04,112,256
1154,Household_Cleaning Supplies_1154,2022-09-01,921.620005607605,2092.629997253418,-1171.009991645813,-55.96,58,140
1160,Snacks_Nuts_1160,2022-03-01,568.5599999427795,1290.9000034332275,-722.340003490448,-55.96,92,250
1061,Personal Care_Skincare_1061,2025-09-01,4628.520050048828,10505.900215148926,-5877.380165100098,-55.94,86,207
1052,Snacks_Crackers_1052,2023-03-01,1574.4400215148926,3573.040069580078,-1998.6000480651855,-55.94,102,228
1186,Dairy_Yogurt_1186,2025-04-01,367.999990940094,834.579995393753,-466.58000445365906,-55.91,68,191
1028,Household_Paper Products_1028,2021-09-01,2966.379913330078,6726.359939575195,-3759.980026245117,-55.90,71,172
1013,Grocery_Cereals_1013,2023-09-01,2529.730049133301,5736.050010681152,-3206.3199615478516,-55.90,71,180
1030,Dairy_Cream_1030,2022-09-01,1653.0000686645508,3747.2000427246094,-2094.1999740600586,-55.89,75,180
1167,Grocery_Rice_1167,2021-03-01,5033.100074768066,11411.009796142578,-6377.909721374512,-55.89,114,285
1062,Personal Care_Deodorant_1062,2023-09-01,2392.760025024414,5421.099937438965,-3028.339912414551,-55.86,82,213
1107,Electronics_Mobile Accessories_1107,2025-09-01,10771.590240478516,24404.610244750977,-13633.020004272461,-55.86,67,161
1021,Grocery_Canned Goods_1021,2021-03-01,2623.529977798462,5941.019956588745,-3317.489978790283,-55.84,91,226
1029,Grocery_Canned Goods_1029,2022-03-01,2427.2999515533447,5488.679901123047,-3061.379949569702,-55.78,87,229
1049,Electronics_Batteries_1049,2024-03-01,11828.080291748047,26746.04067993164,-14917.960388183594,-55.78,110,246
1014,Dairy_Butter_1014,2023-09-01,563.7599945068359,1274.340009689331,-710.5800151824951,-55.76,72,182
1187,Personal Care_Skincare_1187,2022-03-01,5208.549964904785,11772.34977722168,-6563.7998123168945,-55.76,73,205
1049,Electronics_Batteries_1049,2025-09-01,7916.720245361328,17888.999877929688,-9972.27963256836,-55.75,67,162
1054,Snacks_Chips_1054,2021-03-01,936.6999778747559,2116.819981575012,-1180.1200037002563,-55.75,95,233
1182,Beverages_Tea_1182,2022-03-01,1205.7200393676758,2723.9400310516357,-1518.21999168396,-55.74,86,222
1112,Household_Paper Products_1112,2025-09-01,944.5800018310547,2131.840023994446,-1187.260022163391,-55.69,91,216
1165,Personal Care_Skincare_1165,2024-09-01,1141.7999649047852,2575.969955444336,-1434.1699905395508,-55.67,66,159
1001,Electronics_Chargers_1001,2023-09-01,10038.159851074219,22643.6796875,-12605.519836425781,-55.67,61,160
1042,Grocery_Canned Goods_1042,2023-02-01,5371.740093231201,12113.080127716064,-6741.340034484863,-55.65,136,298
1129,Electronics_Chargers_1129,2023-09-01,11157.319732666016,25157.219535827637,-13999.899803161621,-55.65,73,189
1028,Household_Paper Products_1028,2022-03-01,2799.2599182128906,6309.259857177734,-3509.9999389648438,-55.63,67,175
1019,Electronics_Cables_1019,2022-09-01,15889.500183105469,35803.90019226074,-19914.400009155273,-55.62,75,180
1156,Personal Care_Soap_1156,2025-09-01,2648.100040435791,5965.629999160767,-3317.5299587249756,-55.61,78,188
1187,Personal Care_Skincare_1187,2021-03-01,7277.699928283691,16389.449981689453,-9111.750053405762,-55.60,102,251
1197,Electronics_Mobile Accessories_1197,2021-03-01,1476.7200107574463,3320.399962425232,-1843.6799516677856,-55.53,84,212
1158,Snacks_Crackers_1158,2021-09-01,516.1699938774109,1160.799988269806,-644.629994392395,-55.53,71,167
1115,Household_Paper Products_1115,2022-09-01,3537.60009765625,7955.4000816345215,-4417.7999839782715,-55.53,80,191
1077,Household_Cleaning Supplies_1077,2021-09-01,3236.7999572753906,7278.040035247803,-4041.240077972412,-55.53,68,163
1041,Snacks_Nuts_1041,2021-03-01,1224.640007019043,2751.8999738693237,-1527.2599668502808,-55.50,89,222
1071,Grocery_Canned Goods_1071,2021-03-01,603.899974822998,1356.6600074768066,-752.7600326538086,-55.49,110,274
1180,Grocery_Spices_1180,2021-03-01,629.999979019165,1415.3999938964844,-785.4000148773193,-55.49,75,188
1137,Snacks_Nuts_1137,2022-09-01,604.7999858856201,1358.3099827766418,-753.5099968910217,-55.47,90,212
1162,Dairy_Yogurt_1162,2021-09-01,1715.9999656677246,3851.7599754333496,-2135.760009765625,-55.45,65,156
1072,Electronics_Chargers_1072,2021-09-01,23111.220016479492,51820.96987915039,-28709.7498626709,-55.40,97,232
1103,Dairy_Milk_1103,2023-09-01,3301.5399475097656,7401.349868774414,-4099.809921264648,-55.39,86,217
1031,Snacks_Chips_1031,2021-06-01,1404.8400421142578,3147.7800216674805,-1742.9399795532227,-55.37,92,233
1185,Personal Care_Toothpaste_1185,2025-09-01,5572.0799560546875,12482.910041809082,-6910.8300857543945,-55.36,72,171
1035,Electronics_Batteries_1035,2025-09-01,16440.460327148438,36806.82019042969,-20366.35986328125,-55.33,67,159
1006,Beverages_Coffee_1006,2022-03-01,883.3999967575073,1977.679983139038,-1094.2799863815308,-55.33,70,182
1121,Grocery_Rice_1121,2025-09-01,2486.639949798584,5566.0599365234375,-3079.4199867248535,-55.32,78,184
1019,Electronics_Cables_1019,2023-09-01,13982.760147094727,31270.800415039062,-17288.040267944336,-55.28,66,174
1193,Beverages_Tea_1193,2022-03-01,998.6400012969971,2232.7599897384644,-1234.1199884414673,-55.27,72,192
1166,Grocery_Spices_1166,2022-09-01,2959.2000122070312,6613.969993591309,-3654.7699813842773,-55.26,60,142
1126,Beverages_Soft Drinks_1126,2021-09-01,1978.900032043457,4422.969964981079,-2444.069932937622,-55.26,77,182
1185,Personal Care_Toothpaste_1185,2025-04-01,6841.269943237305,15284.149917602539,-8442.879974365234,-55.24,89,235
1116,Personal Care_Skincare_1116,2022-03-01,6015.240142822266,13436.640258789062,-7421.400115966797,-55.23,77,201
1153,Electronics_Batteries_1153,2023-09-01,12696.880096435547,28351.499954223633,-15654.619857788086,-55.22,79,201
1058,Personal Care_Soap_1058,2021-03-01,3785.880027770996,8450.690166473389,-4664.810138702393,-55.20,84,207
1044,Snacks_Biscuits_1044,2023-09-01,1525.300064086914,3403.3800506591797,-1878.0799865722656,-55.18,70,178
1137,Snacks_Nuts_1137,2025-04-01,565.1399879455566,1260.6999831199646,-695.559995174408,-55.17,85,236
1001,Electronics_Chargers_1001,2022-03-01,13658.479797363281,30443.599655151367,-16785.119857788086,-55.14,83,216
1052,Snacks_Crackers_1052,2025-09-01,1384.4400253295898,3083.8500385284424,-1699.4100131988525,-55.11,83,199
1075,Snacks_Crackers_1075,2022-09-01,1296.890001296997,2888.8399991989136,-1591.9499979019165,-55.11,97,230
1054,Snacks_Chips_1054,2023-09-01,808.519980430603,1800.7199926376343,-992.2000122070312,-55.10,82,211
1054,Snacks_Chips_1054,2022-03-01,818.3799810409546,1822.299997329712,-1003.9200162887573,-55.09,83,218
1129,Electronics_Chargers_1129,2022-09-01,12838.559692382812,28581.519561767578,-15742.959869384766,-55.08,84,198
1189,Electronics_Batteries_1189,2024-09-01,6005.22989654541,13359.570297241211,-7354.340400695801,-55.05,77,183
1097,Snacks_Crackers_1097,2023-03-01,283.49999141693115,630.4499971866608,-346.9500057697296,-55.03,114,268
1174,Electronics_Mobile Accessories_1174,2023-09-01,20953.950317382812,46580.38946533203,-25626.43914794922,-55.02,87,215
1159,Electronics_Batteries_1159,2022-09-01,14424.480072021484,32054.11981201172,-17629.639739990234,-55.00,81,194
1010,Grocery_Rice_1010,2025-04-01,1191.170021057129,2646.7700271606445,-1455.6000061035156,-55.00,74,192
1016,Grocery_Rice_1016,2022-09-01,1632.9600296020508,3627.880006790161,-1994.9199771881104,-54.99,84,196
1021,Grocery_Canned Goods_1021,2025-04-01,2490.90997505188,5526.56999206543,-3035.66001701355,-54.93,87,234
1073,Electronics_Chargers_1073,2025-04-01,10461.04995727539,23197.750076293945,-12736.700119018555,-54.90,89,232
1097,Snacks_Crackers_1097,2024-09-01,203.57999324798584,451.3699963092804,-247.79000306129456,-54.90,78,183
1086,Grocery_Rice_1086,2023-03-01,1262.0600271224976,2798.040063858032,-1535.9800367355347,-54.89,87,202
1061,Personal Care_Skincare_1061,2025-04-01,4488.500015258789,9945.400039672852,-5456.9000244140625,-54.87,90,225
1050,Snacks_Chips_1050,2021-03-01,1409.3600120544434,3122.440013885498,-1713.0800018310547,-54.86,79,192
1198,Dairy_Cheese_1198,2024-09-01,2046.890037536621,4534.379989624023,-2487.4899520874023,-54.86,79,188
1104,Grocery_Pasta_1104,2025-09-01,1752.960048675537,3882.140022277832,-2129.179973602295,-54.85,83,198
1089,Electronics_Mobile Accessories_1089,2023-09-01,5473.849868774414,12121.609786987305,-6647.759918212891,-54.84,83,212
1182,Beverages_Tea_1182,2021-09-01,1233.7600402832031,2730.000008583069,-1496.2399682998657,-54.81,88,210
1134,Household_Paper Products_1134,2022-09-01,1134.0600185394287,2509.1099910736084,-1375.0499725341797,-54.80,82,193
1047,Household_Detergent_1047,2024-02-01,4275.130035400391,9458.43004989624,-5183.30001449585,-54.80,131,287
1130,Snacks_Nuts_1130,2021-09-01,1197.060043334961,2646.6600227355957,-1449.5999794006348,-54.77,71,166
1113,Dairy_Cheese_1113,2022-09-01,2048.490074157715,4529.320041656494,-2480.8299674987793,-54.77,81,191
1105,Beverages_Water_1105,2025-04-01,1039.4600296020508,2297.2200469970703,-1257.7600173950195,-54.75,64,169
1187,Personal Care_Skincare_1187,2025-04-01,6228.809921264648,13762.68006515503,-7533.870143890381,-54.74,90,237
1161,Electronics_Batteries_1161,2021-03-01,7770.04020690918,17160.080123901367,-9390.039916992188,-54.72,94,228
1053,Snacks_Crackers_1053,2022-03-01,978.5999813079834,2161.4199714660645,-1182.819990158081,-54.72,84,220
1073,Electronics_Chargers_1073,2022-09-01,9510.019920349121,20982.019927978516,-11472.000007629395,-54.68,79,185
1190,Dairy_Milk_1190,2023-05-01,1681.580005645752,3708.8599967956543,-2027.2799911499023,-54.66,83,207
1008,Personal Care_Shampoo_1008,2025-04-01,3647.0200004577637,8041.29998588562,-4394.279985427856,-54.65,83,225
1112,Household_Paper Products_1112,2021-03-01,871.9200048446655,1922.5199642181396,-1050.5999593734741,-54.65,84,204
1031,Snacks_Chips_1031,2025-09-01,1191.0600357055664,2624.640001296997,-1433.5799655914307,-54.62,78,181
1056,Snacks_Nuts_1056,2021-03-01,508.30000495910645,1119.379994392395,-611.0799894332886,-54.59,85,206
1161,Electronics_Batteries_1161,2021-09-01,6860.780212402344,15101.410064697266,-8240.629852294922,-54.57,83,197
1106,Snacks_Chocolates_1106,2021-03-01,1116.7199792861938,2456.4900217056274,-1339.7700424194336,-54.54,99,238
1070,Grocery_Canned Goods_1070,2024-09-01,3164.2499198913574,6961.250072479248,-3797.0001525878906,-54.54,75,175
1200,Beverages_Juices_1200,2025-04-01,703.2599811553955,1544.6799974441528,-841.4200162887573,-54.47,99,257
1103,Dairy_Milk_1103,2022-09-01,3531.8799438476562,7754.659927368164,-4222.779983520508,-54.45,92,214
1139,Dairy_Cream_1139,2022-03-01,1612.4099349975586,3536.760015487671,-1924.3500804901123,-54.41,71,188
1071,Grocery_Canned Goods_1071,2024-09-01,444.6899814605713,975.4699988365173,-530.780017375946,-54.41,81,188
1129,Electronics_Chargers_1129,2022-03-01,10698.799743652344,23460.940101623535,-12762.140357971191,-54.40,70,183
1064,Snacks_Biscuits_1064,2022-03-01,1538.160026550293,3372.460048675537,-1834.3000221252441,-54.39,87,226
1183,Electronics_Batteries_1183,2021-06-01,13512.789474487305,29627.57945251465,-16114.789978027344,-54.39,101,243
1180,Grocery_Spices_1180,2024-10-01,436.7999897003174,957.5999794006348,-520.7999897003174,-54.39,52,114
1176,Snacks_Chocolates_1176,2022-03-01,566.8899936676025,1242.7599935531616,-675.8699998855591,-54.38,83,212
1159,Electronics_Batteries_1159,2024-09-01,13534.079971313477,29667.960052490234,-16133.880081176758,-54.38,76,175
1137,Snacks_Nuts_1137,2021-03-01,571.1999855041504,1251.6999688148499,-680.4999833106995,-54.37,85,204
1121,Grocery_Rice_1121,2023-09-01,2135.9599609375,4679.639963150024,-2543.6800022125244,-54.36,67,164
1034,Household_Cleaning Supplies_1034,2025-04-01,5468.180015563965,11977.88996887207,-6509.7099533081055,-54.35,98,260
1194,Dairy_Butter_1194,2022-03-01,799.290002822876,1749.9499921798706,-950.6599893569946,-54.32,83,212
1162,Dairy_Yogurt_1162,2021-03-01,2349.5999546051025,5140.07998085022,-2790.480026245117,-54.29,89,216
1095,Snacks_Chocolates_1095,2025-09-01,1631.759994506836,3569.1400089263916,-1937.3800144195557,-54.28,78,180
1052,Snacks_Crackers_1052,2023-05-01,1317.7200241088867,2882.0600204467773,-1564.3399963378906,-54.28,79,190
1188,Grocery_Spices_1188,2025-04-01,1624.3299560546875,3552.8300170898438,-1928.5000610351562,-54.28,83,219
1135,Household_Trash Bags_1135,2023-03-01,5402.340061187744,11805.149845123291,-6402.809783935547,-54.24,116,259
1056,Snacks_Nuts_1056,2023-09-01,496.3400058746338,1084.3400135040283,-588.0000076293945,-54.23,83,203
1122,Dairy_Yogurt_1122,2025-09-01,2401.6000423431396,5245.600038528442,-2843.9999961853027,-54.22,76,176
1145,Household_Trash Bags_1145,2021-09-01,767.8200073242188,1676.2900247573853,-908.4700174331665,-54.20,67,154
1026,Snacks_Biscuits_1026,2022-05-01,493.07999324798584,1076.7000150680542,-583.6200218200684,-54.20,88,230
1160,Snacks_Nuts_1160,2024-09-01,457.3200001716614,997.9000067710876,-540.5800065994263,-54.17,74,170
1115,Household_Paper Products_1115,2024-09-01,3449.1600952148438,7526.460071563721,-4077.299976348877,-54.17,78,181
1171,Personal Care_Toothpaste_1171,2021-03-01,3333.5998916625977,7273.559944152832,-3939.9600524902344,-54.17,80,193
1117,Snacks_Crackers_1117,2022-09-01,735.5599756240845,1603.669981956482,-868.1100063323975,-54.13,74,170
1135,Household_Trash Bags_1135,2023-09-01,4089.690113067627,8916.269985198975,-4826.579872131348,-54.13,81,203
1126,Beverages_Soft Drinks_1126,2021-03-01,2081.7000312805176,4538.139976501465,-2456.4399452209473,-54.13,81,191
1181,Personal Care_Soap_1181,2021-09-01,2857.1400451660156,6227.890045166016,-3370.75,-54.12,74,171
1099,Personal Care_Toothpaste_1099,2025-09-01,3339.280044555664,7272.060070037842,-3932.7800254821777,-54.08,67,156
1129,Electronics_Chargers_1129,2025-09-01,13449.919677734375,29284.679626464844,-15834.759948730469,-54.07,88,205
1058,Personal Care_Soap_1058,2025-09-01,2974.6200103759766,6476.310138702393,-3501.690128326416,-54.07,66,152
1186,Dairy_Yogurt_1186,2021-03-01,649.7399950027466,1414.539978504181,-764.7999835014343,-54.07,119,281
1196,Grocery_Pasta_1196,2023-09-01,2544.9000282287598,5538.64001083374,-2993.7399826049805,-54.05,85,211
1111,Snacks_Nuts_1111,2021-03-01,1281.120029449463,2787.0000619888306,-1505.8800325393677,-54.03,102,243
1053,Snacks_Crackers_1053,2022-09-01,815.499979019165,1773.6699771881104,-958.1699981689453,-54.02,70,163
1073,Electronics_Chargers_1073,2025-09-01,9510.020034790039,20681.01971435547,-11170.99967956543,-54.02,79,185
1024,Grocery_Canned Goods_1024,2024-09-01,738.3600044250488,1605.8099937438965,-867.4499893188477,-54.02,84,195
1002,Dairy_Cream_1002,2022-09-01,906.1799697875977,1969.1999959945679,-1063.0200262069702,-53.98,66,154
1002,Dairy_Cream_1002,2024-05-01,1043.479965209961,2267.419942855835,-1223.939977645874,-53.98,76,176
1075,Snacks_Crackers_1075,2023-09-01,976.0099964141846,2120.9699668884277,-1144.9599704742432,-53.98,73,183
1081,Snacks_Nuts_1081,2025-04-01,942.6200313568115,2046.9000329971313,-1104.2800016403198,-53.95,94,250
1063,Snacks_Chocolates_1063,2021-03-01,1492.2399616241455,3240.349940299988,-1748.1099786758423,-53.95,92,220
1146,Snacks_Chocolates_1146,2023-03-01,1757.0700340270996,3814.870018005371,-2057.7999839782715,-53.94,91,203
1164,Electronics_Cables_1164,2025-09-01,18642.80015563965,40465.15919494629,-21822.35903930664,-53.93,95,218
1045,Electronics_Cables_1045,2025-09-01,10025.910354614258,21760.52020263672,-11734.609848022461,-53.93,71,160
1028,Household_Paper Products_1028,2021-03-01,3342.39990234375,7252.719818115234,-3910.3199157714844,-53.92,80,188
1166,Grocery_Spices_1166,2023-09-01,3551.0400390625,7704.239990234375,-4153.199951171875,-53.91,72,179
1084,Household_Paper Products_1084,2023-03-01,4319.619976043701,9372.499855041504,-5052.879878997803,-53.91,96,214
1198,Dairy_Cheese_1198,2023-09-01,1684.1500053405762,3653.4700050354004,-1969.3199996948242,-53.90,65,157
1064,Snacks_Biscuits_1064,2024-09-01,1502.8000259399414,3256.420024871826,-1753.6199989318848,-53.85,85,196
1137,Snacks_Nuts_1137,2025-09-01,490.55998706817627,1062.6499981880188,-572.0900111198425,-53.84,73,169
1044,Snacks_Biscuits_1044,2021-06-01,2331.530097961426,5049.570098876953,-2718.0400009155273,-53.83,107,258
1146,Snacks_Chocolates_1146,2024-02-01,2333.6300010681152,5050.790004730225,-2717.1600036621094,-53.80,127,275
1149,Electronics_Chargers_1149,2024-09-01,8493.56005859375,18385.2001953125,-9891.64013671875,-53.80,82,190
1121,Grocery_Rice_1121,2024-09-01,2869.1999435424805,6209.939968109131,-3340.7400245666504,-53.80,90,209
1089,Electronics_Mobile Accessories_1089,2025-09-01,5078.149856567383,10987.740005493164,-5909.590148925781,-53.78,77,176
1091,Dairy_Butter_1091,2023-09-01,681.7199821472168,1475.0499744415283,-793.3299922943115,-53.78,78,195
1140,Personal Care_Shampoo_1140,2022-03-01,2688.7499618530273,5817.009910583496,-3128.2599487304688,-53.78,75,197
1006,Beverages_Coffee_1006,2025-09-01,1060.0799961090088,2293.320020675659,-1233.2400245666504,-53.78,84,195
1014,Dairy_Butter_1014,2025-04-01,704.6999950408936,1524.3800053596497,-819.6800103187561,-53.77,90,231
1125,Personal Care_Toothpaste_1125,2023-03-01,2567.7999782562256,5552.610055923462,-2984.8100776672363,-53.76,108,223
1184,Snacks_Chocolates_1184,2021-06-01,2263.410011291504,4893.410049438477,-2630.0000381469727,-53.75,101,237
1003,Household_Cleaning Supplies_1003,2023-09-01,864,1867.200002670288,-1003.2000026702881,-53.73,72,180
1031,Snacks_Chips_1031,2025-04-01,1374.3100395202637,2970.1599912643433,-1595.8499517440796,-53.73,93,238
1046,Household_Paper Products_1046,2025-04-01,4742.470008850098,10246.80005645752,-5504.330047607422,-53.72,83,222
1107,Electronics_Mobile Accessories_1107,2021-09-01,11575.440200805664,24999.450271606445,-13424.010070800781,-53.70,72,165
1178,Beverages_Soft Drinks_1178,2025-09-01,2010.9600315093994,4343.219997406006,-2332.2599658966064,-53.70,84,194
1155,Electronics_Mobile Accessories_1155,2021-03-01,2242.239933013916,4841.639980316162,-2599.400047302246,-53.69,98,229
1007,Personal Care_Shampoo_1007,2021-03-01,5986.140106201172,12917.149856567383,-6931.009750366211,-53.66,89,212
1085,Personal Care_Skincare_1085,2021-09-01,2183.6599445343018,4708.5499629974365,-2524.8900184631348,-53.62,82,189
1008,Personal Care_Shampoo_1008,2022-03-01,3954.5999908447266,8525.079959869385,-4570.479969024658,-53.61,90,230
1085,Personal Care_Skincare_1085,2021-03-01,2822.7799320220947,6082.939836502075,-3260.1599044799805,-53.60,106,250
1181,Personal Care_Soap_1181,2024-09-01,3011.580047607422,6490.440048217773,-3478.8600006103516,-53.60,78,178
1172,Electronics_Chargers_1172,2023-03-01,10255.879959106445,22094.000122070312,-11838.120162963867,-53.58,96,218
1088,Household_Cleaning Supplies_1088,2021-03-01,1650.4799880981445,3553.2200031280518,-1902.7400150299072,-53.55,78,185
1129,Electronics_Chargers_1129,2025-04-01,11187.89973449707,24087.779747009277,-12899.880012512207,-53.55,75,187
1037,Electronics_Cables_1037,2024-03-01,22624.540405273438,48704.270599365234,-26079.730194091797,-53.55,136,296
1004,Beverages_Juices_1004,2024-09-01,1861.4999771118164,4006.1399116516113,-2144.639934539795,-53.53,75,171
1093,Snacks_Chips_1093,2024-09-01,694.2600054740906,1493.6600184440613,-799.4000129699707,-53.52,87,197
1175,Household_Trash Bags_1175,2022-09-01,4428.160037994385,9526.920066833496,-5098.760028839111,-53.52,74,169
1132,Dairy_Butter_1132,2022-03-01,2886.7398986816406,6207.579830169678,-3320.839931488037,-53.50,83,211
1136,Personal Care_Shampoo_1136,2022-09-01,4943.7800216674805,10629.00984954834,-5685.229827880859,-53.49,82,188
1134,Household_Paper Products_1134,2021-09-01,815.9700050354004,1753.8899841308594,-937.919979095459,-53.48,59,135
1154,Household_Cleaning Supplies_1154,2022-03-01,1382.4299926757812,2971.729949951172,-1589.2999572753906,-53.48,87,217
1036,Electronics_Mobile Accessories_1036,2024-09-01,5100.360145568848,10961.170021057129,-5860.809875488281,-53.47,57,129
1004,Beverages_Juices_1004,2025-09-01,1935.959976196289,4159.999942779541,-2224.039966583252,-53.46,78,176
1048,Snacks_Biscuits_1048,2024-09-01,901.5500030517578,1937.2999410629272,-1035.7499380111694,-53.46,65,151
1035,Electronics_Batteries_1035,2023-09-01,20857.300415039062,44805.900787353516,-23948.600372314453,-53.45,85,207
1114,Electronics_Batteries_1114,2022-03-01,12346.019927978516,26521.619674682617,-14175.599746704102,-53.45,81,201
1090,Dairy_Cheese_1090,2021-06-01,3544.3800888061523,7607.120035171509,-4062.7399463653564,-53.41,97,238
1142,Electronics_Mobile Accessories_1142,2025-04-01,1101.0599975585938,2363.409954071045,-1262.3499565124512,-53.41,71,182
1138,Household_Cleaning Supplies_1138,2025-09-01,4165.199890136719,8936.38988494873,-4771.189994812012,-53.39,90,207
1153,Electronics_Batteries_1153,2021-06-01,15589.840118408203,33445.92013549805,-17856.080017089844,-53.39,97,227
1115,Household_Paper Products_1115,2023-09-01,3404.9400939941406,7305.640060424805,-3900.699966430664,-53.39,77,190
1152,Personal Care_Toothpaste_1152,2025-04-01,4433.879955291748,9509.900024414062,-5076.020069122314,-53.38,84,218
1080,Snacks_Chips_1080,2023-03-01,2011.3999977111816,4313.890007019043,-2302.4900093078613,-53.37,95,217
1148,Household_Cleaning Supplies_1148,2025-04-01,4631.910049438477,9928.979782104492,-5297.069732666016,-53.35,87,226
1199,Electronics_Cables_1199,2022-03-01,18850.97981262207,40403.419357299805,-21552.439544677734,-53.34,82,201
1139,Dairy_Cream_1139,2021-09-01,2180.159912109375,4671.579975128174,-2491.420063018799,-53.33,96,219
1162,Dairy_Yogurt_1162,2025-04-01,2357.519956588745,5050.319902420044,-2692.799945831299,-53.32,92,227
1142,Electronics_Mobile Accessories_1142,2022-09-01,1204.2800035476685,2579.39999294281,-1375.1199893951416,-53.31,77,174
1128,Grocery_Spices_1128,2022-03-01,2152.9799842834473,4611.060001373291,-2458.0800170898438,-53.31,81,202
1066,Household_Cleaning Supplies_1066,2025-09-01,3783.2799072265625,8098.959808349609,-4315.679901123047,-53.29,76,175
1031,Snacks_Chips_1031,2022-09-01,1313.2200393676758,2810.7599925994873,-1497.5399532318115,-53.28,86,199
1172,Electronics_Chargers_1172,2021-09-01,7828.049942016602,16755.999702453613,-8927.949760437012,-53.28,69,159
1022,Household_Cleaning Supplies_1022,2023-09-01,3069.92000579834,6567.780075073242,-3497.8600692749023,-53.26,56,137
1158,Snacks_Crackers_1158,2025-09-01,625.2199950218201,1337.409990310669,-712.1899952888489,-53.25,86,193
1117,Snacks_Crackers_1117,2021-03-01,874.719967842102,1869.3499898910522,-994.6300220489502,-53.21,88,208
1159,Electronics_Batteries_1159,2021-03-01,17986.080017089844,38403.20947265625,-20417.129455566406,-53.17,101,235
1155,Electronics_Mobile Accessories_1155,2023-09-01,1487.1999607086182,3175.399971008301,-1688.2000102996826,-53.16,65,156
1177,Snacks_Chips_1177,2021-09-01,221.5199990272522,472.9200005531311,-251.4000015258789,-53.16,78,175
1116,Personal Care_Skincare_1116,2022-09-01,6327.720191955566,13507.149841308594,-7179.429649353027,-53.15,81,183
1008,Personal Care_Shampoo_1008,2021-03-01,4877.339973449707,10407.330020904541,-5529.990047454834,-53.14,111,258
1024,Grocery_Canned Goods_1024,2022-09-01,553.7700033187866,1180.4300003051758,-626.6599969863892,-53.09,63,141
1089,Electronics_Mobile Accessories_1089,2022-09-01,5407.89990234375,11522.129913330078,-6114.230010986328,-53.07,82,188
1173,Electronics_Batteries_1173,2025-04-01,13609.880081176758,29003.17017364502,-15393.290092468262,-53.07,85,210
1111,Snacks_Nuts_1111,2022-09-01,1017.3600273132324,2166.140030860901,-1148.7800035476685,-53.03,81,184
1114,Electronics_Batteries_1114,2021-03-01,12803.279968261719,27253.019607543945,-14449.739639282227,-53.02,84,195
1001,Electronics_Chargers_1001,2021-03-01,16455.999755859375,35027.080322265625,-18571.08056640625,-53.02,100,231
1081,Snacks_Nuts_1081,2023-09-01,724.3200254440308,1541.4100103378296,-817.0899848937988,-53.01,72,175
1077,Household_Cleaning Supplies_1077,2022-10-01,2237.199966430664,4759.999954223633,-2522.7999877929688,-53.00,47,100
1149,Electronics_Chargers_1149,2023-03-01,7726.940032958984,16437.900077819824,-8710.96004486084,-52.99,81,171
1062,Personal Care_Deodorant_1062,2024-09-01,2071.7800216674805,4406.019989013672,-2334.2399673461914,-52.98,71,159
1168,Snacks_Chips_1168,2024-03-01,1788.5900344848633,3803.6300296783447,-2015.0399951934814,-52.98,100,221
1087,Snacks_Crackers_1087,2023-02-01,1179.1500072479248,2506.260021209717,-1327.110013961792,-52.95,137,293
1017,Household_Paper Products_1017,2024-09-01,2853.1799964904785,6061.110050201416,-3207.9300537109375,-52.93,66,149
1092,Household_Detergent_1092,2025-09-01,1973.3000202178955,4191.770050048828,-2218.4700298309326,-52.92,70,157
1168,Snacks_Chips_1168,2022-09-01,1663.4400463104248,3533.5800228118896,-1870.1399765014648,-52.92,87,195
1124,Dairy_Cheese_1124,2022-03-01,1865.980058670044,3962.819990158081,-2096.839931488037,-52.91,79,196
1198,Dairy_Cheese_1198,2023-03-01,2435.5800399780273,5171.159999847412,-2735.5799598693848,-52.90,98,220
1200,Beverages_Juices_1200,2025-09-01,546.769983291626,1160.1099834442139,-613.3400001525879,-52.87,73,164
1159,Electronics_Batteries_1159,2023-09-01,14602.559967041016,30985.440399169922,-16382.880432128906,-52.87,82,198
1192,Dairy_Milk_1192,2021-09-01,1823.5099773406982,3866.4500160217285,-2042.9400386810303,-52.84,83,185
1167,Grocery_Rice_1167,2022-09-01,4061.800079345703,8609.850021362305,-4548.049942016602,-52.82,92,207
1109,Electronics_Batteries_1109,2021-09-01,2911.199951171875,6167.999954223633,-3256.800003051758,-52.80,80,180
1010,Grocery_Rice_1010,2022-09-01,1182.9600219726562,2505.859987258911,-1322.8999652862549,-52.79,72,162
1015,Dairy_Cream_1015,2024-09-01,2495.9599418640137,5285.229942321777,-2789.2700004577637,-52.77,92,205
1033,Household_Paper Products_1033,2023-03-01,3308.819938659668,7001.449954986572,-3692.6300163269043,-52.74,108,243
1116,Personal Care_Skincare_1116,2021-09-01,6171.480140686035,13054.069831848145,-6882.589691162109,-52.72,79,178
1148,Household_Cleaning Supplies_1148,2024-03-01,5945.430023193359,12574.470153808594,-6629.040130615234,-52.72,119,259
1123,Beverages_Water_1123,2024-09-01,697.2199783325195,1474.1799964904785,-776.960018157959,-52.70,71,160
1076,Snacks_Chocolates_1076,2023-09-01,1614.2400245666504,3412.720012664795,-1798.4799880981445,-52.70,72,172
1041,Snacks_Nuts_1041,2021-09-01,1183.3599967956543,2501.1999979019165,-1317.8400011062622,-52.69,86,191
1033,Household_Paper Products_1033,2024-09-01,2497.8799171447754,5278.39998626709,-2780.5200691223145,-52.68,77,173
1047,Household_Detergent_1047,2022-03-01,2708.250045776367,5723.159982681274,-3014.909936904907,-52.68,75,186
1006,Beverages_Coffee_1006,2023-09-01,883.399998664856,1865.6199960708618,-982.2199974060059,-52.65,70,167
1165,Personal Care_Skincare_1165,2022-03-01,1435.8999786376953,3032.459949493408,-1596.559970855713,-52.65,83,207
1068,Electronics_Chargers_1068,2023-09-01,6846.479736328125,14453.499908447266,-7607.020172119141,-52.63,72,170
1141,Beverages_Coffee_1141,2022-09-01,591.4999933242798,1248.4999904632568,-656.999997138977,-52.62,70,156
1031,Snacks_Chips_1031,2023-09-01,1084.1700325012207,2287.8300170898438,-1203.659984588623,-52.61,71,169
1114,Electronics_Batteries_1114,2025-04-01,12803.279968261719,26993.13018798828,-14189.850219726562,-52.57,84,211
1174,Electronics_Mobile Accessories_1174,2024-09-01,18545.450286865234,39089.57020568848,-20544.119918823242,-52.56,77,170
1149,Electronics_Chargers_1149,2021-09-01,7768.499954223633,16365.440139770508,-8596.940185546875,-52.53,75,168
1079,Beverages_Juices_1079,2021-03-01,551.199987411499,1161.1600074768066,-609.9600200653076,-52.53,106,247
1072,Electronics_Chargers_1072,2023-09-01,16678.19984436035,35119.71029663086,-18441.510452270508,-52.51,70,166
1096,Electronics_Mobile Accessories_1096,2022-03-01,9629.650039672852,20279.29020690918,-10649.640167236328,-52.51,85,217
1115,Household_Paper Products_1115,2024-02-01,5757.660041809082,12121.26005935669,-6363.600017547607,-52.50,141,302
1035,Electronics_Batteries_1035,2022-03-01,20366.540405273438,42880.86001586914,-22514.319610595703,-52.50,83,210
1125,Personal Care_Toothpaste_1125,2021-09-01,2184.570001602173,4598.009963989258,-2413.439962387085,-52.49,81,183
1025,Household_Detergent_1025,2022-03-01,771.6799774169922,1623.9199981689453,-852.2400207519531,-52.48,91,223
1178,Beverages_Soft Drinks_1178,2022-03-01,2034.9000263214111,4280.060005187988,-2245.159978866577,-52.46,85,218
1194,Dairy_Butter_1194,2025-09-01,953.3700037002563,2004.4199981689453,-1051.049994468689,-52.44,99,222
1073,Electronics_Chargers_1073,2021-09-01,9750.779960632324,20500.49991607666,-10749.719955444336,-52.44,81,181
1058,Personal Care_Soap_1058,2022-03-01,3515.4600372314453,7391.240100860596,-3875.7800636291504,-52.44,78,188
1056,Snacks_Nuts_1056,2025-04-01,526.2800045013428,1106.2500133514404,-579.9700088500977,-52.43,91,226
1001,Electronics_Chargers_1001,2025-09-01,14316.719787597656,30097.65997314453,-15780.940185546875,-52.43,87,192
1028,Household_Paper Products_1028,2025-04-01,3283.939910888672,6902.599914550781,-3618.6600036621094,-52.42,81,206
1085,Personal Care_Skincare_1085,2024-09-01,2290.1799488067627,4809.809959411621,-2519.6300106048584,-52.39,86,195
1078,Electronics_Cables_1078,2021-10-01,7368.929885864258,15456.779754638672,-8087.849868774414,-52.33,41,86
1156,Personal Care_Soap_1156,2025-04-01,2953.6500396728516,6195.150043487549,-3241.5000038146973,-52.32,87,226
1194,Dairy_Butter_1194,2025-04-01,1007.2799997329712,2112.6699810028076,-1105.3899812698364,-52.32,110,265
1183,Electronics_Batteries_1183,2023-03-01,14850.639602661133,31146.08966064453,-16295.450057983398,-52.32,116,255
1106,Snacks_Chocolates_1106,2025-04-01,1006.1999850273132,2109.9600129127502,-1103.760027885437,-52.31,91,232
1097,Snacks_Crackers_1097,2025-09-01,195.74999451637268,410.38999247550964,-214.63999795913696,-52.30,75,167
1137,Snacks_Nuts_1137,2024-09-01,490.55998706817627,1028.3799862861633,-537.8199992179871,-52.30,73,164
1136,Personal Care_Shampoo_1136,2021-09-01,5245.230026245117,10990.759914398193,-5745.529888153076,-52.28,87,193
1022,Household_Cleaning Supplies_1022,2023-03-01,4747.520042419434,9942.000030517578,-5194.4799880981445,-52.25,92,201
1062,Personal Care_Deodorant_1062,2021-09-01,2334.4000244140625,4887.420003890991,-2553.0199794769287,-52.24,80,179
1032,Snacks_Chocolates_1032,2025-04-01,1182.4799880981445,2473.859974861145,-1291.3799867630005,-52.20,78,201
1139,Dairy_Cream_1139,2023-09-01,1385.309944152832,2897.9799671173096,-1512.6700229644775,-52.20,61,146
1172,Electronics_Chargers_1172,2022-03-01,9643.249862670898,20166.04995727539,-10522.800094604492,-52.18,85,209
1005,Household_Paper Products_1005,2025-04-01,1329.2700300216675,2778.8999919891357,-1449.6299619674683,-52.17,76,193
1138,Household_Cleaning Supplies_1138,2022-09-01,4257.7598876953125,8899.389938354492,-4641.63005065918,-52.16,92,205
1030,Dairy_Cream_1030,2021-03-01,1785.2400741577148,3728.719997406006,-1943.479923248291,-52.12,81,186
1061,Personal Care_Skincare_1061,2023-03-01,5317.48006439209,11106.15013885498,-5788.670074462891,-52.12,102,226
1174,Electronics_Mobile Accessories_1174,2021-03-01,23121.60028076172,48290.09942626953,-25168.499145507812,-52.12,96,220
1164,Electronics_Cables_1164,2021-09-01,15895.439987182617,33184.6594543457,-17289.219467163086,-52.10,81,181
1010,Grocery_Rice_1010,2021-03-01,1527.9900283813477,3188.9300203323364,-1660.9399919509888,-52.08,93,217
1077,Household_Cleaning Supplies_1077,2025-09-01,2427.599952697754,5064.640022277832,-2637.040069580078,-52.07,51,114
1093,Snacks_Chips_1093,2022-03-01,598.5000052452087,1248.3200135231018,-649.8200082778931,-52.06,75,184
1077,Household_Cleaning Supplies_1077,2022-09-01,4759.999954223633,9924.600025177002,-5164.600070953369,-52.04,100,220
1062,Personal Care_Deodorant_1062,2025-09-01,2451.1200256347656,5109.1999797821045,-2658.079954147339,-52.03,84,186
1174,Electronics_Mobile Accessories_1174,2021-09-01,19027.150360107422,39667.5305480957,-20640.38018798828,-52.03,79,174
1038,Electronics_Cables_1038,2021-03-01,10126.559875488281,21082.369918823242,-10955.810043334961,-51.97,102,232
1179,Household_Cleaning Supplies_1179,2025-09-01,2537.9199829101562,5278.159900665283,-2740.239917755127,-51.92,88,194
1104,Grocery_Pasta_1104,2023-03-01,1824.8600368499756,3795.0600090026855,-1970.19997215271,-51.91,91,195
1037,Electronics_Cables_1037,2023-09-01,14464.170593261719,30071.54019165039,-15607.369598388672,-51.90,81,186
1045,Electronics_Cables_1045,2021-09-01,11296.800369262695,23483.349884033203,-12186.549514770508,-51.89,80,179
1028,Household_Paper Products_1028,2022-09-01,3634.859893798828,7553.559951782227,-3918.7000579833984,-51.88,87,194
1116,Personal Care_Skincare_1116,2024-09-01,6483.960166931152,13452.499801635742,-6968.53963470459,-51.80,83,184
1156,Personal Care_Soap_1156,2022-09-01,2410.4500427246094,5001.319997787476,-2590.869955062866,-51.80,71,157
1035,Electronics_Batteries_1035,2025-04-01,20391.090408325195,42279.49035644531,-21888.399948120117,-51.77,84,211
1125,Personal Care_Toothpaste_1125,2022-03-01,1860.9299983978271,3856.9599781036377,-1996.0299797058105,-51.75,69,168
1088,Household_Cleaning Supplies_1088,2021-09-01,1692.7999877929688,3507.8800010681152,-1815.0800132751465,-51.74,80,177
1081,Snacks_Nuts_1081,2025-09-01,804.8000230789185,1667.5800161361694,-862.779993057251,-51.74,80,175
1145,Household_Trash Bags_1145,2021-03-01,962.6400117874146,1993.9199953079224,-1031.2799835205078,-51.72,84,192
1072,Electronics_Chargers_1072,2021-06-01,23111.21987915039,47842.959884643555,-24731.740005493164,-51.69,97,219
1019,Electronics_Cables_1019,2021-09-01,17584.38020324707,36397.10009765625,-18812.71989440918,-51.69,83,183
1073,Electronics_Chargers_1073,2022-03-01,9389.639945983887,19410.559852600098,-10020.919906616211,-51.63,78,197
1188,Grocery_Spices_1188,2022-03-01,1874.9599437713623,3876.5999574661255,-2001.6400136947632,-51.63,92,225
1135,Household_Trash Bags_1135,2022-09-01,3837.2401084899902,7931.860034942627,-4094.6199264526367,-51.62,76,169
1036,Electronics_Mobile Accessories_1036,2023-03-01,9627.92024230957,19896.139846801758,-10268.219604492188,-51.61,114,242
1186,Dairy_Yogurt_1186,2023-03-01,541.719988822937,1119.439983844757,-577.7199950218201,-51.61,108,225
1187,Personal Care_Skincare_1187,2024-09-01,6136.099945068359,12672.28012084961,-6536.18017578125,-51.58,86,188
1011,Personal Care_Shampoo_1011,2024-09-01,1466.6400508880615,3028.7700538635254,-1562.1300029754639,-51.58,72,157
1133,Electronics_Mobile Accessories_1133,2024-09-01,2674.1499633789062,5521.480068206787,-2847.330104827881,-51.57,79,174
1099,Personal Care_Toothpaste_1099,2022-03-01,3488.8000297546387,7201.880058288574,-3713.0800285339355,-51.56,70,168
1103,Dairy_Milk_1103,2025-09-01,3531.8799438476562,7290.159927368164,-3758.279983520508,-51.55,92,200
1011,Personal Care_Shampoo_1011,2025-09-01,1874.0400581359863,3867.9000568389893,-1993.859998703003,-51.55,92,202
1098,Electronics_Mobile Accessories_1098,2021-06-01,10249.46987915039,21146.069984436035,-10896.600105285645,-51.53,99,223
1148,Household_Cleaning Supplies_1148,2025-09-01,3484.6500396728516,7189.170013427734,-3704.519973754883,-51.53,65,141
1130,Snacks_Nuts_1130,2023-09-01,1079.0400390625,2225.6700344085693,-1146.6299953460693,-51.52,64,147
1180,Grocery_Spices_1180,2021-06-01,965.9999828338623,1992.479986190796,-1026.4800033569336,-51.52,115,256
1011,Personal Care_Shampoo_1011,2021-03-01,1853.6700592041016,3822.0300331115723,-1968.3599739074707,-51.50,91,201
1001,Electronics_Chargers_1001,2022-11-01,8384.319885253906,17278.799743652344,-8894.479858398438,-51.48,52,105
1158,Snacks_Crackers_1158,2025-04-01,565.6099972724915,1165.5200157165527,-599.9100184440613,-51.47,79,202
1018,Personal Care_Deodorant_1018,2021-03-01,5736.639949798584,11818.529808044434,-6081.88985824585,-51.46,104,233
1043,Electronics_Batteries_1043,2022-03-01,1876.0000343322754,3863.6100006103516,-1987.6099662780762,-51.44,80,187
1140,Personal Care_Shampoo_1140,2023-03-01,3061.5899505615234,6303.969987869263,-3242.3800373077393,-51.43,91,191
1104,Grocery_Pasta_1104,2024-09-01,1816.3200569152832,3738.500026702881,-1922.1799697875977,-51.42,86,190
1115,Household_Paper Products_1115,2023-03-01,4501.70011138916,9264.540000915527,-4762.839889526367,-51.41,107,232
1046,Household_Paper Products_1046,2023-03-01,5981.85994720459,12309.880146026611,-6328.0201988220215,-51.41,110,233
1073,Electronics_Chargers_1073,2024-09-01,8306.219902038574,17093.739784240723,-8787.519882202148,-51.41,69,153
1031,Snacks_Chips_1031,2023-03-01,1285.790033340454,2646.3399925231934,-1360.5499591827393,-51.41,87,188
1004,Beverages_Juices_1004,2022-09-01,2407.539970397949,4951.819919586182,-2544.2799491882324,-51.38,97,211
1068,Electronics_Chargers_1068,2024-09-01,9508.999633789062,19550.379776000977,-10041.380142211914,-51.36,100,218
1188,Grocery_Spices_1188,2024-09-01,1752.679946899414,3602.959970474243,-1850.280023574829,-51.35,86,188
1070,Grocery_Canned Goods_1070,2025-09-01,2700.159938812256,5547.9000816345215,-2847.7401428222656,-51.33,64,140
1160,Snacks_Nuts_1160,2024-03-01,653.369993686676,1342.500011920929,-689.1300182342529,-51.33,114,238
1113,Dairy_Cheese_1113,2021-03-01,1972.6200714111328,4051.8500595092773,-2079.2299880981445,-51.32,78,177
1078,Electronics_Cables_1078,2022-09-01,17972.999786376953,36916.919677734375,-18943.919891357422,-51.32,100,218
1046,Household_Paper Products_1046,2022-09-01,5760.809967041016,11829.910095214844,-6069.100128173828,-51.30,99,215
1063,Snacks_Chocolates_1063,2022-09-01,1362.4799499511719,2796.5399799346924,-1434.0600299835205,-51.28,84,183
1027,Snacks_Chips_1027,2021-03-01,635.2500066757202,1303.9900035858154,-668.7399969100952,-51.28,105,239
1042,Grocery_Canned Goods_1042,2025-04-01,4252.030075073242,8724.069999694824,-4472.039924621582,-51.26,95,236
1064,Snacks_Biscuits_1064,2022-09-01,1608.880027770996,3300.6500282287598,-1691.7700004577637,-51.26,91,197
1178,Beverages_Soft Drinks_1178,2021-03-01,2585.520044326782,5298.060022354126,-2712.5399780273438,-51.20,108,242
1180,Grocery_Spices_1180,2023-09-01,722.3999881744385,1480.079969882965,-757.6799817085266,-51.19,86,197
1059,Electronics_Cables_1059,2025-04-01,2165.4599533081055,4436.940020561218,-2271.480067253113,-51.19,102,248
1020,Beverages_Juices_1020,2025-04-01,635.3999938964844,1301.6099758148193,-666.209981918335,-51.18,71,155
1176,Snacks_Chocolates_1176,2023-09-01,587.3799934387207,1203.0099849700928,-615.6299915313721,-51.17,86,198
1084,Household_Paper Products_1084,2022-09-01,4357.989944458008,8921.789916992188,-4563.79997253418,-51.15,91,198
1065,Electronics_Chargers_1065,2021-06-01,16004.700088500977,32756.0997467041,-16751.399658203125,-51.14,90,201
1106,Snacks_Chocolates_1106,2025-09-01,823.4399843215942,1683.9099884033203,-860.4700040817261,-51.10,73,159
1096,Electronics_Mobile Accessories_1096,2025-09-01,9289.780052185059,18987.290000915527,-9697.509948730469,-51.07,82,179
1081,Snacks_Nuts_1081,2022-03-01,855.100022315979,1747.4600248336792,-892.3600025177002,-51.07,85,197
1071,Grocery_Canned Goods_1071,2021-09-01,581.9399757385254,1188.4599833488464,-606.520007610321,-51.03,106,229
1049,Electronics_Batteries_1049,2024-10-01,5671.68017578125,11579.680358886719,-5908.000183105469,-51.02,48,98
1135,Household_Trash Bags_1135,2022-03-01,3938.220100402832,8040.900020599365,-4102.679920196533,-51.02,78,196
1111,Snacks_Nuts_1111,2024-03-01,1389.9600248336792,2837.3200693130493,-1447.3600444793701,-51.01,118,250
1027,Snacks_Chips_1027,2023-03-01,419.8700075149536,856.7600030899048,-436.8899955749512,-50.99,76,155
1176,Snacks_Chocolates_1176,2025-04-01,553.2199945449829,1128.8500113487244,-575.6300168037415,-50.99,84,210
1054,Snacks_Chips_1054,2024-04-01,865.1999893188477,1764.8199844360352,-899.6199951171875,-50.98,94,197
1123,Beverages_Water_1123,2021-03-01,991.8199691772461,2022.869972229004,-1031.0500030517578,-50.97,101,228
1154,Household_Cleaning Supplies_1154,2023-03-01,1379.190011024475,2812.8099880218506,-1433.6199769973755,-50.97,93,189
1120,Grocery_Cereals_1120,2021-06-01,4783.319972991943,9747.730079650879,-4964.410106658936,-50.93,103,226
1113,Dairy_Cheese_1113,2022-03-01,2174.9400787353516,4432.409990310669,-2257.4699115753174,-50.93,86,209
1087,Snacks_Crackers_1087,2024-09-01,857.220006942749,1746.6800022125244,-889.4599952697754,-50.92,91,196
1023,Personal Care_Toothpaste_1023,2024-09-01,5352.160018920898,10905.260257720947,-5553.100238800049,-50.92,88,191
1022,Household_Cleaning Supplies_1022,2024-03-01,5051.7800369262695,10290.080116271973,-5238.300079345703,-50.91,98,206
1029,Grocery_Canned Goods_1029,2025-09-01,2343.5999488830566,4773.690004348755,-2430.0900554656982,-50.91,84,181
1061,Personal Care_Skincare_1061,2022-09-01,3928.860023498535,7997.819984436035,-4068.9599609375,-50.88,73,157
1091,Dairy_Butter_1091,2023-03-01,854.6999816894531,1738.9499988555908,-884.2500171661377,-50.85,105,218
1084,Household_Paper Products_1084,2024-09-01,3352.2999572753906,6819.439956665039,-3467.1399993896484,-50.84,70,152
1175,Household_Trash Bags_1175,2023-03-01,5971.970050811768,12140.920169830322,-6168.950119018555,-50.81,106,226
1006,Beverages_Coffee_1006,2024-09-01,858.1600008010864,1744.2399921417236,-886.0799913406372,-50.80,68,146
1116,Personal Care_Skincare_1116,2021-03-01,8280.720176696777,16822.880165100098,-8542.15998840332,-50.78,106,235
1111,Snacks_Nuts_1111,2025-09-01,1130.4000282287598,2295.4800415039062,-1165.0800132751465,-50.76,90,195
1123,Beverages_Water_1123,2023-09-01,805.2399749755859,1634.4599747657776,-829.2199997901917,-50.73,82,187
1140,Personal Care_Shampoo_1140,2021-03-01,3907.6499099731445,7929.640041351318,-4021.990131378174,-50.72,109,244
1147,Snacks_Crackers_1147,2021-03-01,1887.3400020599365,3825.6099739074707,-1938.2699718475342,-50.67,91,202
1143,Dairy_Cheese_1143,2024-03-01,1594.609974861145,3231.3499994277954,-1636.7400245666504,-50.65,103,205
1139,Dairy_Cream_1139,2025-04-01,2039.3699188232422,4131.269924163818,-2091.900005340576,-50.64,91,214
1083,Dairy_Cheese_1083,2021-03-01,1360.2400035858154,2755.4400453567505,-1395.200041770935,-50.63,98,218
1067,Grocery_Cereals_1067,2025-09-01,3767.3200759887695,7628.580131530762,-3861.260055541992,-50.62,76,162
1102,Snacks_Biscuits_1102,2023-03-01,1908.3700332641602,3864.380039215088,-1956.0100059509277,-50.62,96,195
1185,Personal Care_Toothpaste_1185,2021-03-01,6345.979949951172,12850.409851074219,-6504.429901123047,-50.62,82,186
1012,Beverages_Juices_1012,2025-09-01,1198.5000171661377,2426.609987258911,-1228.1099700927734,-50.61,85,184
1117,Snacks_Crackers_1117,2022-03-01,894.5999698638916,1809.7599754333496,-915.160005569458,-50.57,90,216
1166,Grocery_Spices_1166,2021-06-01,4833.360061645508,9777.730159759521,-4944.370098114014,-50.57,98,215
1060,Household_Detergent_1060,2025-08-01,3532.4600143432617,7144.400054931641,-3611.940040588379,-50.56,97,199
1097,Snacks_Crackers_1097,2021-09-01,214.01999354362488,432.8299949169159,-218.81000137329102,-50.55,82,175
1015,Dairy_Cream_1015,2022-09-01,2360.3099403381348,4769.8799839019775,-2409.570043563843,-50.52,87,190
1062,Personal Care_Deodorant_1062,2024-03-01,3326.3400077819824,6721.15998840332,-3394.819980621338,-50.51,123,253
1150,Electronics_Batteries_1150,2025-09-01,11716.320114135742,23672.740142822266,-11956.420028686523,-50.51,88,189
1106,Snacks_Chocolates_1106,2022-03-01,1003.9199829101562,2027.5799837112427,-1023.6600008010864,-50.49,89,216
1147,Snacks_Crackers_1147,2025-04-01,2032.5200004577637,4104.780031204224,-2072.26003074646,-50.48,98,248
1195,Snacks_Chocolates_1195,2021-06-01,2217.5199794769287,4477.9899559021,-2260.469976425171,-50.48,106,239
1066,Household_Cleaning Supplies_1066,2022-03-01,4430.419891357422,8936.119831085205,-4505.699939727783,-50.42,89,210
1126,Beverages_Soft Drinks_1126,2022-03-01,2004.6000213623047,4040.7700424194336,-2036.170021057129,-50.39,78,185
1087,Snacks_Crackers_1087,2022-03-01,753.6000061035156,1518.4400010108948,-764.8399949073792,-50.37,80,188
1053,Snacks_Crackers_1053,2023-03-01,1225.579978942871,2467.7999782562256,-1242.2199993133545,-50.34,110,227
1080,Snacks_Chips_1080,2021-03-01,2136,4300.579998016357,-2164.5799980163574,-50.33,96,214
1119,Grocery_Pasta_1119,2023-09-01,2633.109977722168,5295.520072937012,-2662.4100952148438,-50.28,73,169
1160,Snacks_Nuts_1160,2021-03-01,574.7399969100952,1155.6300029754639,-580.8900060653687,-50.27,93,204
1058,Personal Care_Soap_1058,2025-03-01,4786.530025482178,9622.520183563232,-4835.990158081055,-50.26,135,236
1136,Personal Care_Shampoo_1136,2022-03-01,5004.070014953613,10053.670166015625,-5049.600151062012,-50.23,83,198
1123,Beverages_Water_1123,2025-09-01,854.339973449707,1716.739990234375,-862.400016784668,-50.23,87,185
1169,Beverages_Soft Drinks_1169,2025-09-01,456.7500114440918,917.6600141525269,-460.91000270843506,-50.23,75,161
1123,Beverages_Water_1123,2021-09-01,697.2199783325195,1399.5199928283691,-702.3000144958496,-50.18,71,151
1113,Dairy_Cheese_1113,2022-11-01,1474.4100532531738,2958.930107116699,-1484.5200538635254,-50.17,59,117
1021,Grocery_Canned Goods_1021,2023-03-01,2548.4599781036377,5110.76997756958,-2562.3099994659424,-50.14,94,199
1149,Electronics_Chargers_1149,2025-04-01,10088.700103759766,20229.69017791748,-10140.990074157715,-50.13,98,234
1131,Snacks_Crackers_1131,2024-09-01,1854.129991531372,3717.360038757324,-1863.2300472259521,-50.12,79,168
1029,Grocery_Canned Goods_1029,2023-09-01,2204.0999546051025,4413.779933929443,-2209.679979324341,-50.06,79,177
1045,Electronics_Cables_1045,2021-03-01,12426.480438232422,24860.220184326172,-12433.73974609375,-50.01,88,196
1044,Snacks_Biscuits_1044,2023-03-01,2030.7700576782227,4062.5700759887695,-2031.8000183105469,-50.01,99,204
1144,Household_Detergent_1144,2023-03-01,1454.7200059890747,2909.950011253357,-1455.2300052642822,-50.01,105,220
1134,Household_Paper Products_1134,2023-03-01,1272.2200164794922,2544.6000080108643,-1272.379991531372,-50.00,99,203
1074,Personal Care_Skincare_1074,2023-09-01,3948.2098846435547,7896.739883422852,-3948.529998779297,-50.00,63,142
1029,Grocery_Canned Goods_1029,2021-09-01,1925.0999584197998,3850.2000617980957,-1925.100103378296,-50.00,69,150
1055,Dairy_Butter_1055,2022-03-01,935.7600030899048,1869.3599691390991,-933.5999660491943,-49.94,84,199
1096,Electronics_Mobile Accessories_1096,2023-09-01,9403.070007324219,18783.210121154785,-9380.140113830566,-49.94,83,193
1048,Snacks_Biscuits_1048,2022-03-01,1317.6499938964844,2631.4399967193604,-1313.790002822876,-49.93,95,229
1175,Household_Trash Bags_1175,2023-09-01,4188.8000411987305,8365.420078277588,-4176.620037078857,-49.93,70,161
1171,Personal Care_Toothpaste_1171,2025-04-01,3154.429967880249,6300.630102157593,-3146.2001342773438,-49.93,79,189
1103,Dairy_Milk_1103,2023-03-01,3946.3799362182617,7879.359939575195,-3932.9800033569336,-49.91,114,224
1109,Electronics_Batteries_1109,2022-03-01,2620.0799560546875,5230.7700271606445,-2610.690071105957,-49.91,72,173
1182,Beverages_Tea_1182,2025-09-01,1247.7800407409668,2490.2200231552124,-1242.4399824142456,-49.89,89,191
1189,Electronics_Batteries_1189,2023-09-01,5771.259895324707,11511.08992767334,-5739.830032348633,-49.86,74,171
1120,Grocery_Cereals_1120,2025-04-01,3362.259994506836,6706.179981231689,-3343.9199867248535,-49.86,73,181
1079,Beverages_Juices_1079,2025-04-01,471.6399908065796,940.6800057888031,-469.0400149822235,-49.86,94,219
1036,Electronics_Mobile Accessories_1036,2025-09-01,8053.200225830078,16061.449989318848,-8008.2497634887695,-49.86,90,190
1019,Electronics_Cables_1019,2023-03-01,18982.730270385742,37848.660217285156,-18865.929946899414,-49.85,97,198
1011,Personal Care_Shampoo_1011,2021-06-01,1874.0400562286377,3737.090054512024,-1863.0499982833862,-49.85,92,201
1064,Snacks_Biscuits_1064,2025-04-01,1343.6800231933594,2678.9800338745117,-1335.3000106811523,-49.84,76,186
1090,Dairy_Cheese_1090,2022-09-01,3909.780097961426,7794.4899826049805,-3884.7098846435547,-49.84,107,226
1100,Electronics_Mobile Accessories_1100,2025-09-01,1657.1099395751953,3301.6099128723145,-1644.4999732971191,-49.81,91,195
1159,Electronics_Batteries_1159,2023-03-01,14922.940200805664,29730.669540405273,-14807.72933959961,-49.81,92,183
1079,Beverages_Juices_1079,2023-03-01,535.5999908447266,1067.0400066375732,-531.4400157928467,-49.81,109,228
1100,Electronics_Mobile Accessories_1100,2022-03-01,1566.0599555969238,3118.799991607666,-1552.7400360107422,-49.79,86,205
1089,Electronics_Mobile Accessories_1089,2023-03-01,6621.3798904418945,13183.689933776855,-6562.310043334961,-49.78,103,217
1037,Electronics_Cables_1037,2024-09-01,17321.29071044922,34481.57061767578,-17160.279907226562,-49.77,97,203
1171,Personal Care_Toothpaste_1171,2021-09-01,3791.969902038574,7546.139999389648,-3754.170097351074,-49.75,91,191
1080,Snacks_Chips_1080,2024-09-01,1824.5,3629.470037460327,-1804.9700374603271,-49.73,82,173
1106,Snacks_Chocolates_1106,2022-09-01,1195.6799821853638,2378.6300020217896,-1182.9500198364258,-49.73,106,227
1134,Household_Paper Products_1134,2025-09-01,1161.7200107574463,2309.909993171692,-1148.1899824142456,-49.71,84,177
1006,Beverages_Coffee_1006,2025-04-01,1162.2899961471558,2311.3999938964844,-1149.1099977493286,-49.71,93,227
1058,Personal Care_Soap_1058,2024-03-01,4335.760082244873,8619.680191040039,-4283.920108795166,-49.70,104,204
1176,Snacks_Chocolates_1176,2022-09-01,491.75999450683594,977.6400213241577,-485.8800268173218,-49.70,72,152
1016,Grocery_Rice_1016,2025-09-01,1944.0000324249268,3863.220006942749,-1919.2199745178223,-49.68,100,211
1092,Household_Detergent_1092,2025-04-01,1914.0800151824951,3802.5699729919434,-1888.4899578094482,-49.66,70,161
1012,Beverages_Juices_1012,2024-03-01,1444.2599830627441,2867.9599628448486,-1423.6999797821045,-49.64,111,224
1182,Beverages_Tea_1182,2025-04-01,1261.8000373840332,2504.8100509643555,-1243.0100135803223,-49.62,90,221
1131,Snacks_Crackers_1131,2023-09-01,1760.25,3492.780055999756,-1732.5300559997559,-49.60,75,171
1189,Electronics_Batteries_1189,2023-03-01,7954.899925231934,15781.080116271973,-7826.180191040039,-49.59,110,222
1128,Grocery_Spices_1128,2022-09-01,2232.719980239868,4428,-2195.280019760132,-49.58,84,178
1130,Snacks_Nuts_1130,2023-03-01,1702.9000511169434,3376.0900897979736,-1673.1900386810303,-49.56,105,219
1153,Electronics_Batteries_1153,2024-09-01,12054.000091552734,23899.309967041016,-11845.309875488281,-49.56,75,161
1169,Beverages_Soft Drinks_1169,2023-09-01,566.3700141906738,1122.7500019073486,-556.3799877166748,-49.56,93,209
1200,Beverages_Juices_1200,2021-03-01,771.4699764251709,1528.8699941635132,-757.4000177383423,-49.54,103,227
1039,Beverages_Soft Drinks_1039,2023-09-01,1684.1500129699707,3337.3799934387207,-1653.22998046875,-49.54,65,146
1023,Personal Care_Toothpaste_1023,2025-09-01,4196.580024719238,8314.260189056396,-4117.680164337158,-49.53,69,145
1078,Electronics_Cables_1078,2023-03-01,17074.289825439453,33807.15994262695,-16732.8701171875,-49.50,98,204
1063,Snacks_Chocolates_1063,2021-06-01,1849.079948425293,3660.679922103882,-1811.5999736785889,-49.49,114,244
1023,Personal Care_Toothpaste_1023,2023-09-01,4439.860023498535,8782.840000152588,-4342.979976654053,-49.45,73,166
1002,Dairy_Cream_1002,2023-09-01,1029.7499656677246,2037.1399459838867,-1007.3899803161621,-49.45,75,168
1086,Grocery_Rice_1086,2024-09-01,1325.2800302505493,2621.4300384521484,-1296.1500082015991,-49.44,88,187
1119,Grocery_Pasta_1119,2021-03-01,4003.7699661254883,7919.230033874512,-3915.4600677490234,-49.44,111,238
1144,Household_Detergent_1144,2022-03-01,1315.8600120544434,2602.100043296814,-1286.2400312423706,-49.43,91,215
1052,Snacks_Crackers_1052,2024-09-01,1417.8000259399414,2803.670015335083,-1385.8699893951416,-49.43,85,180
1091,Dairy_Butter_1091,2025-09-01,699.1999816894531,1382.1499938964844,-682.9500122070312,-49.41,80,167
1142,Electronics_Mobile Accessories_1142,2021-09-01,1313.7600030899048,2593.5600118637085,-1279.8000087738037,-49.35,84,177
1060,Household_Detergent_1060,2021-06-01,3819.819969177246,7539.100008010864,-3719.280038833618,-49.33,101,218
1010,Grocery_Rice_1010,2025-09-01,1297.9700241088867,2561.650007247925,-1263.679983139038,-49.33,79,163
1020,Beverages_Juices_1020,2025-09-01,796.7999973297119,1572.3199844360352,-775.5199871063232,-49.32,80,167
1188,Grocery_Spices_1188,2025-09-01,1732.2999382019043,3417.5199756622314,-1685.2200374603271,-49.31,85,178
1095,Snacks_Chocolates_1095,2021-03-01,2175.6799964904785,4289.3400230407715,-2113.660026550293,-49.28,104,228
1041,Snacks_Nuts_1041,2022-03-01,1486.0800094604492,2927.4399547576904,-1441.3599452972412,-49.24,108,256
1051,Electronics_Cables_1051,2022-09-01,6421.499938964844,12650.790100097656,-6229.2901611328125,-49.24,90,186
1107,Electronics_Mobile Accessories_1107,2023-05-01,18006.240325927734,35458.29948425293,-17452.059158325195,-49.22,112,247
1009,Electronics_Batteries_1009,2024-04-01,8512.979904174805,16762.329650878906,-8249.349746704102,-49.21,98,199
1110,Grocery_Canned Goods_1110,2022-03-01,1546.4399871826172,3042.4900436401367,-1496.0500564575195,-49.17,84,189
1025,Household_Detergent_1025,2022-06-01,644.4799842834473,1267.7599720954895,-623.2799878120422,-49.16,76,159
1152,Personal Care_Toothpaste_1152,2022-03-01,5124.2999839782715,10074.02001953125,-4949.7200355529785,-49.13,95,223
1017,Household_Paper Products_1017,2025-04-01,3890.699977874756,7647.259992599487,-3756.5600147247314,-49.12,90,215
1154,Household_Cleaning Supplies_1154,2025-10-01,889.8400020599365,1747.9000205993652,-858.0600185394287,-49.09,56,110
1154,Household_Cleaning Supplies_1154,2024-09-01,1064.629994392395,2089.440008163452,-1024.8100137710571,-49.05,67,141
1100,Electronics_Mobile Accessories_1100,2021-03-01,2021.3099250793457,3964.529945373535,-1943.2200202941895,-49.02,111,239
1011,Personal Care_Shampoo_1011,2023-09-01,1629.6000518798828,3194.420036315918,-1564.8199844360352,-48.99,80,177
1093,Snacks_Chips_1093,2021-03-01,845.880006313324,1656.6600370407104,-810.7800307273865,-48.94,106,227
1123,Beverages_Water_1123,2022-03-01,893.6199722290039,1749.8199772834778,-856.2000050544739,-48.93,91,208
1155,Electronics_Mobile Accessories_1155,2021-09-01,1853.2799434661865,3628.5799713134766,-1775.30002784729,-48.93,81,168
1139,Dairy_Cream_1139,2021-03-01,2316.419906616211,4534.68994140625,-2218.270034790039,-48.92,102,221
1187,Personal Care_Skincare_1187,2021-09-01,5493.949951171875,10752.96011352539,-5259.010162353516,-48.91,77,161
1095,Snacks_Chocolates_1095,2022-03-01,2071.079978942871,4053.2499237060547,-1982.1699447631836,-48.90,99,218
1069,Grocery_Spices_1069,2023-09-01,2834.1999740600586,5545.83992767334,-2711.6399536132812,-48.90,74,163
1025,Household_Detergent_1025,2024-11-01,421.02997970581055,822.5599765777588,-401.52999687194824,-48.81,50,97
1127,Grocery_Rice_1127,2023-09-01,1675.260025024414,3272.470012664795,-1597.2099876403809,-48.81,82,181
1045,Electronics_Cables_1045,2024-09-01,8755.02035522461,17100.620040893555,-8345.599685668945,-48.80,62,130
1148,Household_Cleaning Supplies_1148,2022-03-01,4824.900054931641,9422.249938964844,-4597.349884033203,-48.79,90,205
1112,Household_Paper Products_1112,2023-09-01,799.2600011825562,1560.7800016403198,-761.5200004577637,-48.79,77,169
1165,Personal Care_Skincare_1165,2021-03-01,1747.2999572753906,3410.999969482422,-1663.7000122070312,-48.77,101,214
1142,Electronics_Mobile Accessories_1142,2021-06-01,1610.9199981689453,3143.609963417053,-1532.689965248108,-48.76,103,224
1092,Household_Detergent_1092,2021-03-01,2649.860040664673,5171.279933929443,-2521.4198932647705,-48.76,94,201
1041,Snacks_Nuts_1041,2024-09-01,1293.4400062561035,2524.5000171661377,-1231.0600109100342,-48.76,94,195
1023,Personal Care_Toothpaste_1023,2021-06-01,5838.720031738281,11391.900077819824,-5553.180046081543,-48.75,96,203
1074,Personal Care_Skincare_1074,2022-09-01,5201.609848022461,10145.99991607666,-4944.390068054199,-48.73,83,171
1141,Beverages_Coffee_1141,2022-03-01,667.549991607666,1301.5400114059448,-633.9900197982788,-48.71,79,178
1187,Personal Care_Skincare_1187,2023-09-01,5922.049911499023,11544.430099487305,-5622.380187988281,-48.70,83,186
1176,Snacks_Chocolates_1176,2023-05-01,519.0799942016602,1011.0999784469604,-492.0199842453003,-48.66,76,172
1014,Dairy_Butter_1014,2023-06-01,551.1799964904785,1072.7099895477295,-521.529993057251,-48.62,73,137
1141,Beverages_Coffee_1141,2021-06-01,870.3499927520752,1692.2599935531616,-821.9100008010864,-48.57,103,219
1016,Grocery_Rice_1016,2024-09-01,1691.280023574829,3285.6399898529053,-1594.3599662780762,-48.53,87,176
1015,Dairy_Cream_1015,2025-04-01,2653.3099269866943,5154.579923629761,-2501.2699966430664,-48.53,99,226
1180,Grocery_Spices_1180,2021-09-01,562.7999954223633,1092.8399982452393,-530.040002822876,-48.50,67,138
1033,Household_Paper Products_1033,2021-09-01,2335.6799278259277,4532.2399559021,-2196.560028076172,-48.47,72,149
1130,Snacks_Nuts_1130,2025-04-01,1461.7400531768799,2833.9400911331177,-1372.2000379562378,-48.42,90,202
1058,Personal Care_Soap_1058,2023-09-01,3064.7600479125977,5940.590141296387,-2875.830093383789,-48.41,68,150
1109,Electronics_Batteries_1109,2023-09-01,2802.0299530029297,5429.210006713867,-2627.1800537109375,-48.39,77,167
1195,Snacks_Chocolates_1195,2024-09-01,1966.4799842834473,3809.790012359619,-1843.3100280761719,-48.38,94,195
1018,Personal Care_Deodorant_1018,2025-09-01,5295.35994720459,10253.79984664917,-4958.43989944458,-48.36,96,197
1111,Snacks_Nuts_1111,2022-03-01,1029.9200248718262,1993.9000186920166,-963.9799938201904,-48.35,82,182
1160,Snacks_Nuts_1160,2021-09-01,488.2199993133545,944.7400007247925,-456.520001411438,-48.32,79,162
1045,Electronics_Cables_1045,2023-09-01,13132.530517578125,25389.82015991211,-12257.289642333984,-48.28,93,206
1147,Snacks_Crackers_1147,2024-09-01,1762.9000034332275,3405.8999767303467,-1642.9999732971191,-48.24,85,174
1077,Household_Cleaning Supplies_1077,2022-06-01,3617.599922180176,6985.299945831299,-3367.700023651123,-48.21,76,151
1103,Dairy_Milk_1103,2022-03-01,3032.8099517822266,5854.190032958984,-2821.380081176758,-48.19,79,181
1185,Personal Care_Toothpaste_1185,2021-06-01,8203.339935302734,15833.780025482178,-7630.440090179443,-48.19,106,226
1192,Dairy_Milk_1192,2022-03-01,1406.0799732208252,2713.4499835968018,-1307.3700103759766,-48.18,64,139
1076,Snacks_Chocolates_1076,2024-09-01,2152.320026397705,4152.400054931641,-2000.0800285339355,-48.17,96,196
1196,Grocery_Pasta_1196,2022-09-01,2544.9000244140625,4907.570022583008,-2362.6699981689453,-48.14,85,174
1005,Household_Paper Products_1005,2024-09-01,1593.0000305175781,3070.9500465393066,-1477.9500160217285,-48.13,90,183
1111,Snacks_Nuts_1111,2021-06-01,1281.1200284957886,2469.9700241088867,-1188.8499956130981,-48.13,102,219
1137,Snacks_Nuts_1137,2021-09-01,571.1999864578247,1100.9199886322021,-529.7200021743774,-48.12,85,173
1137,Snacks_Nuts_1137,2024-03-01,739.0799827575684,1424.2799625396729,-685.1999797821045,-48.11,119,239
1132,Dairy_Butter_1132,2024-09-01,3443.2198791503906,6635.759914398193,-3192.5400352478027,-48.11,99,204
1032,Snacks_Chocolates_1032,2023-03-01,1258.329990386963,2424.4599924087524,-1166.1300020217896,-48.10,88,174
1189,Electronics_Batteries_1189,2021-03-01,8032.969871520996,15473.03003692627,-7440.060165405273,-48.08,103,217
1073,Electronics_Chargers_1073,2023-03-01,10400.720077514648,20024.880096435547,-9624.160018920898,-48.06,92,183
1082,Household_Detergent_1082,2022-09-01,3930.0799407958984,7564.9799156188965,-3634.899974822998,-48.05,88,180
1065,Electronics_Chargers_1065,2024-09-01,15826.86996459961,30462.600143432617,-14635.730178833008,-48.04,89,182
1144,Household_Detergent_1144,2021-03-01,1605.06001663208,3089.2100009918213,-1484.1499843597412,-48.04,111,239
1158,Snacks_Crackers_1158,2022-03-01,726.9999918937683,1399.1299867630005,-672.1299948692322,-48.04,100,227
1148,Household_Cleaning Supplies_1148,2021-09-01,3967.1400451660156,7634.18000793457,-3667.0399627685547,-48.03,74,154
1121,Grocery_Rice_1121,2021-09-01,2550.39994430542,4906.069976806641,-2355.6700325012207,-48.02,80,167
1029,Grocery_Canned Goods_1029,2023-03-01,3013.199941635132,5795.6400146484375,-2782.4400730133057,-48.01,114,232
1034,Household_Cleaning Supplies_1034,2025-09-01,5756.000022888184,11068.279857635498,-5312.279834747314,-48.00,100,205
1194,Dairy_Butter_1194,2023-09-01,731.8799991607666,1407.5500020980835,-675.6700029373169,-48.00,76,164
1166,Grocery_Spices_1166,2024-09-01,4290.840034484863,8251.449996948242,-3960.609962463379,-48.00,87,178
1027,Snacks_Chips_1027,2022-03-01,562.6500062942505,1081.7699966430664,-519.1199903488159,-47.99,93,212
1044,Snacks_Biscuits_1044,2022-09-01,1721.4100723266602,3307.620101928711,-1586.2100296020508,-47.96,79,162
1059,Electronics_Cables_1059,2021-09-01,1783.3199615478516,3426.8700561523438,-1643.5500946044922,-47.96,84,173
1169,Beverages_Soft Drinks_1169,2021-06-01,621.1800155639648,1193.770025253296,-572.590009689331,-47.96,102,217
1002,Dairy_Cream_1002,2022-05-01,1434.8299579620361,2756.75998878479,-1321.930030822754,-47.95,109,247
1075,Snacks_Crackers_1075,2025-04-01,946.6000022888184,1818.4199752807617,-871.8199729919434,-47.94,72,166
1167,Grocery_Rice_1167,2025-04-01,4388.40007019043,8427.54993057251,-4039.14986038208,-47.93,106,232
1164,Electronics_Cables_1164,2023-09-01,12755.600128173828,24490.59019470215,-11734.99006652832,-47.92,65,141
1200,Beverages_Juices_1200,2024-09-01,621.6699810028076,1193.0199737548828,-571.3499927520752,-47.89,83,173
1014,Dairy_Butter_1014,2024-09-01,602.9099941253662,1156.7699995040894,-553.8600053787231,-47.88,77,157
1037,Electronics_Cables_1037,2025-04-01,15089.170593261719,28946.310485839844,-13857.139892578125,-47.87,86,196
1010,Grocery_Rice_1010,2023-09-01,1527.9900283813477,2930.7000064849854,-1402.7099781036377,-47.86,93,199
1045,Electronics_Cables_1045,2022-09-01,9884.70034790039,18950.46987915039,-9065.76953125,-47.84,70,143
1082,Household_Detergent_1082,2024-09-01,3706.7799530029297,7104.969913482666,-3398.1899604797363,-47.83,83,170
1025,Household_Detergent_1025,2023-03-01,900.3399968147278,1725.079990386963,-824.7399935722351,-47.81,118,222
1099,Personal Care_Toothpaste_1099,2022-09-01,5283.040054321289,10118.040153503418,-4835.000099182129,-47.79,106,216
1130,Snacks_Nuts_1130,2025-09-01,1331.9400482177734,2550.5300121307373,-1218.5899639129639,-47.78,79,161
1093,Snacks_Chips_1093,2025-04-01,695.1100072860718,1330.7500267028809,-635.6400194168091,-47.77,91,203
1046,Household_Paper Products_1046,2021-09-01,5935.379974365234,11364.400104522705,-5429.020130157471,-47.77,102,206
1048,Snacks_Biscuits_1048,2022-09-01,1151.2099981307983,2203.6399641036987,-1052.4299659729004,-47.76,83,169
1144,Household_Detergent_1144,2022-09-01,1214.6400079727173,2324.8000383377075,-1110.1600303649902,-47.75,84,170
1038,Electronics_Cables_1038,2023-03-01,7942.339889526367,15195.02995300293,-7252.6900634765625,-47.73,83,170
1083,Dairy_Cheese_1083,2021-06-01,1332.4800004959106,2546.9199991226196,-1214.439998626709,-47.68,96,202
1033,Household_Paper Products_1033,2022-09-01,2984.479911804199,5703.31995010376,-2718.8400382995605,-47.67,92,185
1133,Electronics_Mobile Accessories_1133,2023-09-01,3114.1999588012695,5950.829927444458,-2836.6299686431885,-47.67,92,196
1002,Dairy_Cream_1002,2024-09-01,1208.2399597167969,2308.3699836730957,-1100.1300239562988,-47.66,88,180
1051,Electronics_Cables_1051,2021-09-01,5565.2999267578125,10631.500099182129,-5066.200172424316,-47.65,78,156
1004,Beverages_Juices_1004,2023-03-01,2909.1000061035156,5555.159973144531,-2646.0599670410156,-47.63,127,246
1186,Dairy_Yogurt_1186,2023-09-01,464.09999561309814,885.8399810791016,-421.7399854660034,-47.61,85,185
1029,Grocery_Canned Goods_1029,2021-03-01,2510.9999446868896,4791.039970397949,-2280.0400257110596,-47.59,90,190
1028,Household_Paper Products_1028,2023-09-01,3425.9598999023438,6533.780006408691,-3107.8201065063477,-47.57,82,187
1045,Electronics_Cables_1045,2022-03-01,13697.370498657227,26124.12042236328,-12426.749923706055,-47.57,97,212
1137,Snacks_Nuts_1137,2021-06-01,725.759982585907,1384.0199790000916,-658.2599964141846,-47.56,108,232
1049,Electronics_Batteries_1049,2022-09-01,10988.880340576172,20949.3798828125,-9960.499542236328,-47.55,93,187
1012,Beverages_Juices_1012,2023-09-01,1142.100009918213,2177.0400009155273,-1034.9399909973145,-47.54,81,176
1151,Electronics_Cables_1151,2022-02-01,18198.329956054688,34683.789947509766,-16485.459991455078,-47.53,153,283
1190,Dairy_Milk_1190,2022-03-01,2188.0800132751465,4169.279960632324,-1981.1999473571777,-47.52,108,245
1057,Beverages_Tea_1057,2025-09-01,2101.3200244903564,4000.930004119873,-1899.6099796295166,-47.48,78,157
1093,Snacks_Chips_1093,2023-03-01,922.3800096511841,1755.180040359497,-832.800030708313,-47.45,121,241
1162,Dairy_Yogurt_1162,2024-11-01,1248.7199726104736,2375.9999465942383,-1127.2799739837646,-47.44,48,90
1021,Grocery_Canned Goods_1021,2024-09-01,2508.2099781036377,4771.709980010986,-2263.5000019073486,-47.44,87,177
1024,Grocery_Canned Goods_1024,2025-04-01,767.3400039672852,1458.8100295066833,-691.4700255393982,-47.40,90,199
1169,Beverages_Soft Drinks_1169,2021-09-01,529.8300132751465,1006.5700182914734,-476.7400050163269,-47.36,87,176
1195,Snacks_Chocolates_1195,2023-09-01,1652.6799926757812,3138.3599739074707,-1485.6799812316895,-47.34,79,168
1101,Snacks_Crackers_1101,2023-09-01,1968.6800270080566,3738.4600162506104,-1769.7799892425537,-47.34,79,173
1007,Personal Care_Shampoo_1007,2025-04-01,7398.580169677734,14043.580200195312,-6645.000030517578,-47.32,113,255
1070,Grocery_Canned Goods_1070,2021-09-01,4303.379901885986,8167.870067596436,-3864.490165710449,-47.31,102,205
1168,Snacks_Chips_1168,2025-04-01,1556.3600521087646,2953.62002658844,-1397.2599744796753,-47.31,82,186
1152,Personal Care_Toothpaste_1152,2021-06-01,4800.660003662109,9108.05004119873,-4307.390037536621,-47.29,89,188
1143,Dairy_Cheese_1143,2021-06-01,1686.5799598693848,3199.5099601745605,-1512.9300003051758,-47.29,98,203
1025,Household_Detergent_1025,2021-09-01,610.5599822998047,1158.1600036621094,-547.6000213623047,-47.28,72,147
1125,Personal Care_Toothpaste_1125,2023-09-01,1753.0499897003174,3323.100004196167,-1570.0500144958496,-47.25,65,143
1197,Electronics_Mobile Accessories_1197,2022-09-01,1617.3600120544434,3063.9799880981445,-1446.6199760437012,-47.21,92,185
1186,Dairy_Yogurt_1186,2024-02-01,785.0599884986877,1486.3199729919434,-701.2599844932556,-47.18,157,297
1175,Household_Trash Bags_1175,2021-09-01,4727.360038757324,8946.420108795166,-4219.060070037842,-47.16,79,158
1026,Snacks_Biscuits_1026,2022-03-01,507.29999351501465,959.8400082588196,-452.54001474380493,-47.15,89,209
1095,Snacks_Chocolates_1095,2025-04-01,1928.7999877929688,3645.9599418640137,-1717.159954071045,-47.10,94,204
1111,Snacks_Nuts_1111,2023-09-01,1142.9600267410278,2160.5800161361694,-1017.6199893951416,-47.10,91,198
1108,Dairy_Butter_1108,2021-09-01,3460.1599731445312,6539.109931945801,-3078.9499588012695,-47.09,88,176
1170,Dairy_Yogurt_1170,2023-09-01,1938.2999801635742,3663.60001373291,-1725.300033569336,-47.09,91,199
1005,Household_Paper Products_1005,2021-03-01,1823.1000213623047,3444.5599603652954,-1621.4599390029907,-47.07,103,217
1197,Electronics_Mobile Accessories_1197,2021-09-01,1582.200008392334,2988.399995803833,-1406.199987411499,-47.06,90,180
1076,Snacks_Chocolates_1076,2022-03-01,1905.7000255584717,3598.959991455078,-1693.2599658966064,-47.05,85,188
1006,Beverages_Coffee_1006,2022-09-01,883.3999996185303,1666.019983291626,-782.6199836730957,-46.98,70,141
1100,Electronics_Mobile Accessories_1100,2022-09-01,1420.3799514770508,2678.7899436950684,-1258.4099922180176,-46.98,78,157
1068,Electronics_Chargers_1068,2022-09-01,10554.98959350586,19902.17967224121,-9347.190078735352,-46.97,111,225
1045,Electronics_Cables_1045,2023-03-01,13471.490417480469,25396.800079345703,-11925.309661865234,-46.96,101,198
1177,Snacks_Chips_1177,2025-09-01,241.39999842643738,454.99999809265137,-213.599999666214,-46.95,85,168
1126,Beverages_Soft Drinks_1126,2022-09-01,2647.100025177002,4983.229970932007,-2336.129945755005,-46.88,103,207
1142,Electronics_Mobile Accessories_1142,2024-09-01,1219.9200067520142,2296.2399978637695,-1076.3199911117554,-46.87,78,154
1167,Grocery_Rice_1167,2021-06-01,4812.350074768066,9054.930130004883,-4242.580055236816,-46.85,109,229
1200,Beverages_Juices_1200,2023-05-01,719.0399780273438,1351.739974975586,-632.6999969482422,-46.81,96,202
1142,Electronics_Mobile Accessories_1142,2025-09-01,1423.240008354187,2674.9600200653076,-1251.7200117111206,-46.79,91,184
1133,Electronics_Mobile Accessories_1133,2025-02-01,5361.580005645752,10076.640014648438,-4715.060009002686,-46.79,174,328
1042,Grocery_Canned Goods_1042,2021-09-01,3681.8000411987305,6919.090065002441,-3237.290023803711,-46.79,82,164
1095,Snacks_Chocolates_1095,2023-03-01,2251.159980773926,4229.760015487671,-1978.6000347137451,-46.78,116,222
1110,Grocery_Canned Goods_1110,2025-09-01,1399.1599884033203,2629.0399742126465,-1229.8799858093262,-46.78,76,152
1178,Beverages_Soft Drinks_1178,2024-03-01,2625.090009689331,4932.969997406006,-2307.879987716675,-46.78,120,226
1191,Dairy_Butter_1191,2021-03-01,1108.7999782562256,2083.2199897766113,-974.4200115203857,-46.77,112,233
1010,Grocery_Rice_1010,2021-06-01,1626.5700302124023,3055.6199893951416,-1429.0499591827393,-46.77,99,217
1051,Electronics_Cables_1051,2023-09-01,4423.6999588012695,8305.140090942383,-3881.4401321411133,-46.74,62,137
1098,Electronics_Mobile Accessories_1098,2022-09-01,9628.28988647461,18076.740142822266,-8448.450256347656,-46.74,93,188
1115,Household_Paper Products_1115,2025-04-01,3873.6401023864746,7269.320117950439,-3395.680015563965,-46.71,90,198
1019,Electronics_Cables_1019,2023-05-01,19914.840225219727,37372.2707824707,-17457.430557250977,-46.71,94,191
1030,Dairy_Cream_1030,2021-09-01,1873.4000778198242,3513.6800117492676,-1640.2799339294434,-46.68,85,172
1173,Electronics_Batteries_1173,2023-03-01,16488.79995727539,30924.45964050293,-14435.659683227539,-46.68,104,206
1181,Personal Care_Soap_1181,2022-03-01,3166.020050048828,5936.679931640625,-2770.659881591797,-46.67,82,193
1034,Household_Cleaning Supplies_1034,2021-03-01,5237.960010528564,9820.119800567627,-4582.1597900390625,-46.66,91,185
1187,Personal Care_Skincare_1187,2022-09-01,5779.3499755859375,10831.340087890625,-5051.9901123046875,-46.64,81,160
1159,Electronics_Batteries_1159,2022-03-01,17273.760055541992,32366.039642333984,-15092.279586791992,-46.63,97,218
1132,Dairy_Butter_1132,2022-09-01,2921.5198974609375,5470.679908752441,-2549.160011291504,-46.60,84,168
1150,Electronics_Batteries_1150,2023-09-01,11450.040069580078,21435.340187072754,-9985.300117492676,-46.58,86,181
1114,Electronics_Batteries_1114,2023-09-01,13412.960052490234,25088.72021484375,-11675.760162353516,-46.54,88,184
1104,Grocery_Pasta_1104,2025-04-01,2012.7000579833984,3765.0600204467773,-1752.359962463379,-46.54,98,226
1070,Grocery_Canned Goods_1070,2023-06-01,3113.5999298095703,5822.219871520996,-2708.619941711426,-46.52,76,138
1191,Dairy_Butter_1191,2022-03-01,1019.6999797821045,1906.4000225067139,-886.7000427246094,-46.51,103,225
1084,Household_Paper Products_1084,2024-04-01,5102.7099533081055,9535.269882202148,-4432.559928894043,-46.49,113,215
1013,Grocery_Cereals_1013,2024-09-01,2600.9900436401367,4860.190002441406,-2259.1999588012695,-46.48,73,145
1047,Household_Detergent_1047,2024-09-01,2672.1400451660156,4990.500030517578,-2318.3599853515625,-46.46,74,148
1072,Electronics_Chargers_1072,2024-09-01,19060.800018310547,35595.65982055664,-16534.859802246094,-46.45,80,159
1062,Personal Care_Deodorant_1062,2022-11-01,1720.1700172424316,3209.800033569336,-1489.6300163269043,-46.41,60,110
1090,Dairy_Cheese_1090,2025-09-01,3507.840087890625,6537.409980773926,-3029.569892883301,-46.34,96,189
1141,Beverages_Coffee_1141,2024-02-01,1232.229998588562,2296.240038394928,-1064.010039806366,-46.34,158,300
1183,Electronics_Batteries_1183,2025-04-01,12067.839637756348,22489.64019012451,-10421.800552368164,-46.34,92,214
1014,Dairy_Butter_1014,2025-09-01,649.8899936676025,1210.8299980163574,-560.9400043487549,-46.33,83,165
1147,Snacks_Crackers_1147,2021-09-01,1306.619987487793,2433.1499824523926,-1126.5299949645996,-46.30,63,126
1181,Personal Care_Soap_1181,2022-09-01,3861.0000610351562,7189.300048828125,-3328.2999877929688,-46.30,100,198
1176,Snacks_Chocolates_1176,2024-03-01,839.7399935722351,1563.67999792099,-723.9400043487549,-46.30,134,250
1042,Grocery_Canned Goods_1042,2023-09-01,3636.9000701904297,6770.919975280762,-3134.019905090332,-46.29,81,171
1145,Household_Trash Bags_1145,2025-09-01,997.0200109481812,1856.0800170898438,-859.0600061416626,-46.28,87,173
1181,Personal Care_Soap_1181,2023-04-01,3372.6800079345703,6278.090042114258,-2905.4100341796875,-46.28,97,173
1196,Grocery_Pasta_1196,2021-06-01,3473.040033340454,6463.029954910278,-2989.989921569824,-46.26,116,242
1049,Electronics_Batteries_1049,2022-03-01,9098.320281982422,16926.419914245605,-7828.099632263184,-46.25,77,179
1178,Beverages_Soft Drinks_1178,2023-08-01,2350.779998779297,4371.2199993133545,-2020.4400005340576,-46.22,111,205
1192,Dairy_Milk_1192,2025-09-01,1779.5700073242188,3308.34002494812,-1528.7700176239014,-46.21,81,162
1001,Electronics_Chargers_1001,2025-04-01,15485.06982421875,28764.82012939453,-13279.750305175781,-46.17,98,215
1099,Personal Care_Toothpaste_1099,2023-09-01,4136.720050811768,7685.080024719238,-3548.3599739074707,-46.17,83,179
1034,Household_Cleaning Supplies_1034,2022-09-01,5525.7600173950195,10262.439853668213,-4736.679836273193,-46.16,96,191
1102,Snacks_Biscuits_1102,2022-09-01,1895.5200805664062,3520.0599822998047,-1624.5399017333984,-46.15,88,174
1116,Personal Care_Skincare_1116,2025-09-01,7421.400215148926,13780.579849243164,-6359.179634094238,-46.15,95,187
1043,Electronics_Batteries_1043,2022-05-01,1911.200023651123,3547.029987335205,-1635.829963684082,-46.12,84,173
1164,Electronics_Cables_1164,2023-02-01,26707.999725341797,49549.92004394531,-22841.920318603516,-46.10,146,278
1150,Electronics_Batteries_1150,2021-03-01,15444.240142822266,28645.2100982666,-13200.969955444336,-46.08,116,236
1130,Snacks_Nuts_1130,2022-10-01,927.3000335693359,1719.7200622558594,-792.4200286865234,-46.08,55,102
1069,Grocery_Spices_1069,2021-03-01,4787.499938964844,8878.680110931396,-4091.1801719665527,-46.08,125,254
1039,Beverages_Soft Drinks_1039,2025-09-01,2046.8900260925293,3795.9000091552734,-1749.0099830627441,-46.08,79,155
1023,Personal Care_Toothpaste_1023,2022-03-01,5230.520050048828,9701.32007598877,-4470.800025939941,-46.08,86,186
1110,Grocery_Canned Goods_1110,2025-04-01,1244.539987564087,2307.1299810409546,-1062.5899934768677,-46.06,70,161
1102,Snacks_Biscuits_1102,2021-06-01,1873.980079650879,3473.720043182373,-1599.7399635314941,-46.05,87,184
1121,Grocery_Rice_1121,2025-04-01,2821.439947128296,5228.799909591675,-2407.359962463379,-46.04,93,200
1101,Snacks_Crackers_1101,2022-03-01,2068.3600215911865,3831.4500217437744,-1763.090000152588,-46.02,83,186
1158,Snacks_Crackers_1158,2023-09-01,661.5699949264526,1224.579975605011,-563.0099806785583,-45.98,91,184
1162,Dairy_Yogurt_1162,2022-09-01,2270.3999423980713,4200.23996925354,-1929.8400268554688,-45.95,86,169
1089,Electronics_Mobile Accessories_1089,2022-02-01,9463.629997253418,17509.230018615723,-8045.600021362305,-45.95,163,315
1065,Electronics_Chargers_1065,2025-09-01,15293.380096435547,28293.050079345703,-12999.669982910156,-45.95,86,169
1124,Dairy_Cheese_1124,2024-09-01,2054.9400596618652,3800.700038909912,-1745.7599792480469,-45.93,87,173
1189,Electronics_Batteries_1189,2025-09-01,7565.02986907959,13991.300277709961,-6426.270408630371,-45.93,97,190
1171,Personal Care_Toothpaste_1171,2021-06-01,3833.639892578125,7089.99991607666,-3256.360023498535,-45.93,92,193
1083,Dairy_Cheese_1083,2025-04-01,1540.7200012207031,2848.6800117492676,-1307.9600105285645,-45.91,114,243
1069,Grocery_Spices_1069,2025-04-01,3944.8999671936035,7288.4899559021,-3343.589988708496,-45.87,103,229
1032,Snacks_Chocolates_1032,2023-05-01,1394.719985961914,2576.6299905776978,-1181.9100046157837,-45.87,92,192
1099,Personal Care_Toothpaste_1099,2024-03-01,5736.320056915283,10597.880126953125,-4861.560070037842,-45.87,125,235
1154,Household_Cleaning Supplies_1154,2022-06-01,1350.6500148773193,2494.8100080490112,-1144.159993171692,-45.86,85,165
1069,Grocery_Spices_1069,2021-06-01,3715.0999603271484,6860.999959945679,-3145.8999996185303,-45.85,97,202
1126,Beverages_Soft Drinks_1126,2021-06-01,2570.000045776367,4745.19006729126,-2175.1900215148926,-45.84,100,206
1193,Beverages_Tea_1193,2024-09-01,1137.3399991989136,2099.6599702835083,-962.3199710845947,-45.83,82,160
1080,Snacks_Chips_1080,2025-09-01,1757.75,3244.510036468506,-1486.7600364685059,-45.82,79,155
1039,Beverages_Soft Drinks_1039,2024-03-01,3439.2900047302246,6347.390045166016,-2908.100040435791,-45.82,144,269
1114,Electronics_Batteries_1114,2022-02-01,26521.619674682617,48889.79936218262,-22368.1796875,-45.75,201,375
1169,Beverages_Soft Drinks_1169,2023-03-01,675.9600143432617,1245.6499948501587,-569.689980506897,-45.73,114,228
1158,Snacks_Crackers_1158,2022-05-01,750.5799932479858,1382.799985408783,-632.2199921607971,-45.72,108,222
1151,Electronics_Cables_1151,2024-09-01,13702.079711914062,25234.970260620117,-11532.890548706055,-45.70,96,187
1198,Dairy_Cheese_1198,2022-02-01,3231.980052947998,5952.460113525391,-2720.4800605773926,-45.70,154,266
1110,Grocery_Canned Goods_1110,2024-09-01,1564.8499870300293,2879.419967651367,-1314.569980621338,-45.65,85,166
1089,Electronics_Mobile Accessories_1089,2022-03-01,5144.099884033203,9463.629997253418,-4319.530113220215,-45.64,78,163
1024,Grocery_Canned Goods_1024,2025-09-01,782.3100061416626,1437.9499950408936,-655.639988899231,-45.60,89,173
1041,Snacks_Nuts_1041,2023-02-01,1473.2999801635742,2707.819969177246,-1234.5199890136719,-45.59,118,217
1117,Snacks_Crackers_1117,2023-03-01,1101.2599821090698,2023.8799743652344,-922.6199922561646,-45.59,120,218
1155,Electronics_Mobile Accessories_1155,2024-09-01,2127.8399410247803,3909.9699630737305,-1782.1300220489502,-45.58,93,182
1093,Snacks_Chips_1093,2023-09-01,805.9800081253052,1480.5800032615662,-674.599995136261,-45.56,101,211
1197,Electronics_Mobile Accessories_1197,2025-04-01,1678.9100246429443,3084.0200510025024,-1405.110026359558,-45.56,97,212
1104,Grocery_Pasta_1104,2023-09-01,1858.5600566864014,3413.460027694702,-1554.8999710083008,-45.55,88,185
1078,Electronics_Cables_1078,2025-04-01,14414.339782714844,26474.10969543457,-12059.769912719727,-45.55,82,183
1083,Dairy_Cheese_1083,2022-03-01,1374.119999885559,2522.68998336792,-1148.5699834823608,-45.53,99,216
1199,Electronics_Cables_1199,2023-03-01,19586.569778442383,35955.15937805176,-16368.589599609375,-45.53,91,172
1078,Electronics_Cables_1078,2023-09-01,15097.319747924805,27714.03009033203,-12616.710342407227,-45.52,84,171
1066,Household_Cleaning Supplies_1066,2025-04-01,4654.449890136719,8542.759872436523,-3888.3099822998047,-45.52,95,210
1056,Snacks_Nuts_1056,2022-09-01,430.5600047111511,790.3799977302551,-359.819993019104,-45.52,72,141
1156,Personal Care_Soap_1156,2023-09-01,2749.9500274658203,5044.970066070557,-2295.0200386047363,-45.49,81,168
1145,Household_Trash Bags_1145,2024-04-01,994.1600065231323,1823.200005531311,-829.0399990081787,-45.47,92,172
1009,Electronics_Batteries_1009,2022-09-01,8094.549865722656,14843.579971313477,-6749.03010559082,-45.47,89,174
1163,Household_Paper Products_1163,2024-03-01,3948.2699241638184,7227.339893341064,-3279.069969177246,-45.37,117,208
1022,Household_Cleaning Supplies_1022,2024-09-01,5098.260032653809,9330.580108642578,-4232.3200759887695,-45.36,93,181
1086,Grocery_Rice_1086,2023-09-01,1159.6200227737427,2120.6600484848022,-961.0400257110596,-45.32,77,162
1108,Dairy_Butter_1108,2025-04-01,4403.799968719482,8048.360061645508,-3644.5600929260254,-45.28,115,238
1026,Snacks_Biscuits_1026,2023-09-01,455.9999942779541,833.3399963378906,-377.3400020599365,-45.28,80,167
1030,Dairy_Cream_1030,2024-02-01,2651.0200119018555,4844.930015563965,-2193.9100036621094,-45.28,135,241
1186,Dairy_Yogurt_1186,2021-09-01,436.7999954223633,797.8999767303467,-361.0999813079834,-45.26,80,155
1133,Electronics_Mobile Accessories_1133,2022-03-01,3114.199920654297,5687.07991027832,-2572.8799896240234,-45.24,92,196
1114,Electronics_Batteries_1114,2023-03-01,14327.620086669922,26148.01969909668,-11820.399612426758,-45.21,101,190
1118,Dairy_Milk_1118,2022-08-01,2415.030038833618,4408.170036315918,-1993.1399974822998,-45.21,109,199
1051,Electronics_Cables_1051,2021-06-01,7563.09992980957,13791.749809265137,-6228.649879455566,-45.16,106,216
1114,Electronics_Batteries_1114,2024-09-01,13108.119918823242,23899.679901123047,-10791.559982299805,-45.15,86,168
1091,Dairy_Butter_1091,2021-09-01,655.4999828338623,1195.1699934005737,-539.6700105667114,-45.15,75,147
1007,Personal Care_Shampoo_1007,2022-03-01,5784.360137939453,10543.590065002441,-4759.229927062988,-45.14,86,186
1147,Snacks_Crackers_1147,2022-09-01,1700.6800003051758,3098.939968109131,-1398.259967803955,-45.12,82,159
1170,Dairy_Yogurt_1170,2022-09-01,1384.4999732971191,2521.9199752807617,-1137.4200019836426,-45.10,65,127
1060,Household_Detergent_1060,2021-03-01,4727.499961853027,8608.240104675293,-3880.7401428222656,-45.08,125,248
1098,Electronics_Mobile Accessories_1098,2022-05-01,11103.639945983887,20214.570098876953,-9110.930152893066,-45.07,112,229
1200,Beverages_Juices_1200,2021-09-01,689.0799789428711,1254.499984741211,-565.4200057983398,-45.07,92,175
1100,Electronics_Mobile Accessories_1100,2024-08-01,1813.7699584960938,3301.5799446105957,-1487.809986114502,-45.06,105,192
1059,Electronics_Cables_1059,2025-09-01,1910.6999588012695,3477.7800369262695,-1567.080078125,-45.06,90,174
1193,Beverages_Tea_1193,2023-03-01,1337.2000064849854,2432.849994659424,-1095.6499881744385,-45.04,103,191
1198,Dairy_Cheese_1198,2022-09-01,2824.1900062561035,5138.080017089844,-2313.8900108337402,-45.03,109,211
1003,Household_Cleaning Supplies_1003,2024-09-01,948,1724.400016784668,-776.400016784668,-45.02,79,151
1109,Electronics_Batteries_1109,2024-09-01,3202.3199462890625,5822.289962768555,-2619.970016479492,-45.00,88,171
1099,Personal Care_Toothpaste_1099,2021-03-01,5881.1200523376465,10690.080123901367,-4808.960071563721,-44.99,118,237
1113,Dairy_Cheese_1113,2025-09-01,2073.780075073242,3768.1200618743896,-1694.3399868011475,-44.97,82,158
1081,Snacks_Nuts_1081,2021-06-01,1056.3000354766846,1919.6500368118286,-863.350001335144,-44.97,105,211
1153,Electronics_Batteries_1153,2021-10-01,9643.200073242188,17518.48013305664,-7875.280059814453,-44.95,60,109
1013,Grocery_Cereals_1013,2021-06-01,3848.0400581359863,6988.650072097778,-3140.610013961792,-44.94,108,213
1008,Personal Care_Shampoo_1008,2024-02-01,6716.349987030029,12195.71000289917,-5479.360015869141,-44.93,171,302
1057,Beverages_Tea_1057,2021-09-01,2209.080026626587,4006.390007019043,-1797.309980392456,-44.86,82,159
1168,Snacks_Chips_1168,2025-09-01,1720.8000583648682,3120.5800457000732,-1399.779987335205,-44.86,90,173
1020,Beverages_Juices_1020,2021-06-01,1244.9999923706055,2256.959966659546,-1011.9599742889404,-44.84,125,247
1042,Grocery_Canned Goods_1042,2023-03-01,2963.400016784668,5371.740093231201,-2408.340076446533,-44.83,70,136
1050,Snacks_Chips_1050,2023-11-01,1132.0000076293945,2051.6000175476074,-919.6000099182129,-44.82,68,115
1145,Household_Trash Bags_1145,2023-09-01,962.6400117874146,1744.4200048446655,-781.779993057251,-44.82,84,173
1182,Beverages_Tea_1182,2023-03-01,1590.040033340454,2881.499975204468,-1291.4599418640137,-44.82,122,225
1180,Grocery_Spices_1180,2022-09-01,705.5999755859375,1278.479992866516,-572.8800172805786,-44.81,84,161
1019,Electronics_Cables_1019,2021-06-01,22245.300186157227,40306.850494384766,-18061.55030822754,-44.81,105,219
1072,Electronics_Chargers_1072,2023-03-01,28829.560424804688,52226.48091125488,-23396.920486450195,-44.80,131,236
1157,Household_Cleaning Supplies_1157,2021-09-01,1345.9600038528442,2437.6699895858765,-1091.7099857330322,-44.78,92,177
1004,Beverages_Juices_1004,2022-03-01,2184.1599731445312,3953.0400009155273,-1768.880027770996,-44.75,88,182
1011,Personal Care_Shampoo_1011,2022-03-01,1975.890058517456,3575.280026435852,-1599.389967918396,-44.73,97,210
1192,Dairy_Milk_1192,2024-09-01,2153.0599784851074,3890.560047149658,-1737.5000686645508,-44.66,98,188
1094,Grocery_Rice_1094,2024-09-01,2162,3905.699996948242,-1743.6999969482422,-44.65,92,178
1170,Dairy_Yogurt_1170,2025-04-01,2036.2799682617188,3678.509983062744,-1642.2300148010254,-44.64,98,206
1007,Personal Care_Shampoo_1007,2023-09-01,5111.7601318359375,9228.269878387451,-4116.509746551514,-44.61,76,157
1058,Personal Care_Soap_1058,2021-09-01,4146.440048217773,7485.800117492676,-3339.3600692749023,-44.61,92,177
1189,Electronics_Batteries_1189,2021-06-01,7643.019866943359,13792.360012054443,-6149.340145111084,-44.59,98,194
1120,Grocery_Cereals_1120,2024-04-01,4929.400043487549,8890.550212860107,-3961.1501693725586,-44.55,116,206
1030,Dairy_Cream_1030,2025-04-01,1970.4000778198242,3553.100082397461,-1582.7000045776367,-44.54,93,199
1155,Electronics_Mobile Accessories_1155,2025-02-01,3130.1599864959717,5642.520000457764,-2512.360013961792,-44.53,150,270
1043,Electronics_Batteries_1043,2021-09-01,1829.1000175476074,3296.600009918213,-1467.4999923706055,-44.52,78,150
1168,Snacks_Chips_1168,2023-05-01,1586.9600563049316,2859.700051307678,-1272.7399950027466,-44.51,83,166
1020,Beverages_Juices_1020,2024-09-01,846.5999927520752,1525.3999843597412,-678.799991607666,-44.50,85,165
1124,Dairy_Cheese_1124,2022-09-01,2054.9400539398193,3701.4200344085693,-1646.47998046875,-44.48,87,165
1048,Snacks_Biscuits_1048,2023-03-01,1586.839997291565,2857.2799758911133,-1270.4399785995483,-44.46,120,224
1102,Snacks_Biscuits_1102,2024-08-01,2632.5399780273438,4739.43994140625,-2106.8999633789062,-44.45,131,236
1179,Household_Cleaning Supplies_1179,2024-09-01,2970.5199699401855,5347.479881286621,-2376.9599113464355,-44.45,103,199
1034,Household_Cleaning Supplies_1034,2023-03-01,5629.41996383667,10131.039813995361,-4501.619850158691,-44.43,103,194
1131,Snacks_Crackers_1131,2023-03-01,2220.3900089263916,3994.66001701355,-1774.2700080871582,-44.42,101,190
1094,Grocery_Rice_1094,2024-04-01,2052.529987335205,3691.419967651367,-1638.889980316162,-44.40,96,170
1012,Beverages_Juices_1012,2021-09-01,1240.8000183105469,2230.619981765747,-989.8199634552002,-44.37,88,168
1038,Electronics_Cables_1038,2021-06-01,9530.8798828125,17130.71982574463,-7599.839942932129,-44.36,96,189
1051,Electronics_Cables_1051,2023-03-01,7577.369972229004,13617.450050354004,-6040.080078125,-44.36,115,209
1154,Household_Cleaning Supplies_1154,2025-09-01,1747.9000205993652,3141.3499879837036,-1393.4499673843384,-44.36,110,208
1007,Personal Care_Shampoo_1007,2024-10-01,3632.0400924682617,6524.220115661621,-2892.1800231933594,-44.33,54,97
1066,Household_Cleaning Supplies_1066,2021-09-01,4032.179901123047,7237.839832305908,-3205.6599311828613,-44.29,81,154
1011,Personal Care_Shampoo_1011,2025-04-01,2032.9300632476807,3648.4000205993652,-1615.4699573516846,-44.28,101,219
1061,Personal Care_Skincare_1061,2021-09-01,4628.520088195801,8304.60012435913,-3676.08003616333,-44.27,86,163
1198,Dairy_Cheese_1198,2021-11-01,1300.7000045776367,2331.9000205993652,-1031.2000160217285,-44.22,52,90
1167,Grocery_Rice_1167,2022-03-01,4150.100074768066,7439.0600662231445,-3288.959991455078,-44.21,94,190
1040,Electronics_Mobile Accessories_1040,2021-03-01,9907.559928894043,17757.640075683594,-7850.080146789551,-44.21,117,228
1125,Personal Care_Toothpaste_1125,2025-02-01,3397.7700233459473,6089.160079956055,-2691.3900566101074,-44.20,141,248
1023,Personal Care_Toothpaste_1023,2025-04-01,4561.5000076293945,8173.760047912598,-3612.260040283203,-44.19,75,168
1085,Personal Care_Skincare_1085,2025-09-01,2449.9599418640137,4388.869951248169,-1938.9100093841553,-44.18,92,173
1060,Household_Detergent_1060,2021-09-01,2874.3199768066406,5143.640029907227,-2269.320053100586,-44.12,76,142
1192,Dairy_Milk_1192,2022-02-01,2713.4499835968018,4855.689994812012,-2142.24001121521,-44.12,139,253
1072,Electronics_Chargers_1072,2025-09-01,22158.18003845215,39646.03965759277,-17487.859619140625,-44.11,93,177
1138,Household_Cleaning Supplies_1138,2025-04-01,3943.0798950195312,7053.639945983887,-3110.5600509643555,-44.10,87,195
1021,Grocery_Canned Goods_1021,2025-09-01,2508.2099742889404,4483.409969329834,-1975.1999950408936,-44.06,87,167
1083,Dairy_Cheese_1083,2021-09-01,1152.0399990081787,2058.190007209778,-906.1500082015991,-44.03,83,159
1076,Snacks_Chocolates_1076,2021-03-01,2443.780029296875,4366.580018997192,-1922.7999897003174,-44.03,109,209
1147,Snacks_Crackers_1147,2024-04-01,2421.3999786376953,4325.429964065552,-1904.0299854278564,-44.02,122,224
1140,Personal Care_Shampoo_1140,2025-04-01,3692.5999450683594,6593.400035858154,-2900.800090789795,-44.00,106,219
1017,Household_Paper Products_1017,2024-11-01,2762.400007247925,4928.219982147217,-2165.819974899292,-43.95,66,114
1061,Personal Care_Skincare_1061,2022-03-01,5328.1800537109375,9498.580184936523,-4170.400131225586,-43.91,99,209
1061,Personal Care_Skincare_1061,2024-09-01,4467.060081481934,7960.120090484619,-3493.0600090026855,-43.88,83,155
1113,Dairy_Cheese_1113,2025-04-01,2215.3800735473633,3947.340042114258,-1731.9599685668945,-43.88,90,199
1108,Dairy_Butter_1108,2023-09-01,3892.6799697875977,6936.559959411621,-3043.8799896240234,-43.88,99,202
1128,Grocery_Spices_1128,2023-09-01,2312.459970474243,4119.4199867248535,-1806.9600162506104,-43.86,87,179
1155,Electronics_Mobile Accessories_1155,2022-03-01,1876.1599464416504,3334.759994506836,-1458.6000480651855,-43.74,82,168
1007,Personal Care_Shampoo_1007,2021-09-01,5717.100120544434,10155.859878540039,-4438.7597579956055,-43.71,85,161
1070,Grocery_Canned Goods_1070,2025-04-01,4092.399917602539,7268.949905395508,-3176.5499877929688,-43.70,100,211
1019,Electronics_Cables_1019,2025-04-01,14194.600204467773,25189.96028137207,-10995.360076904297,-43.65,70,148
1017,Household_Paper Products_1017,2025-09-01,3631.3199920654297,6441.510021209717,-2810.190029144287,-43.63,84,157
1055,Dairy_Butter_1055,2023-09-01,924.6199970245361,1639.6299839019775,-715.0099868774414,-43.61,83,165
1167,Grocery_Rice_1167,2024-09-01,3973.5000534057617,7046.860084533691,-3073.3600311279297,-43.61,90,170
1109,Electronics_Batteries_1109,2022-02-01,5230.7700271606445,9269.870002746582,-4039.0999755859375,-43.57,173,303
1147,Snacks_Crackers_1147,2022-02-01,2499.6200256347656,4428.680050849915,-1929.060025215149,-43.56,143,248
1180,Grocery_Spices_1180,2023-02-01,1078.5599918365479,1910.1599941253662,-831.6000022888184,-43.54,138,249
1143,Dairy_Cheese_1143,2023-03-01,1889.7599754333496,3345.8099966049194,-1456.0500211715698,-43.52,120,213
1105,Beverages_Water_1105,2022-09-01,1363.200050354004,2413.2399978637695,-1050.0399475097656,-43.51,80,151
1057,Beverages_Tea_1057,2022-03-01,2424.600030899048,4290.890031814575,-1866.2900009155273,-43.49,90,194
1119,Grocery_Pasta_1119,2022-03-01,2993.80997467041,5292.999996185303,-2299.1900215148926,-43.44,83,174
1186,Dairy_Yogurt_1186,2025-09-01,556.919997215271,984.4399757385254,-427.5199785232544,-43.43,102,194
1040,Electronics_Mobile Accessories_1040,2025-04-01,7214.759956359863,12744.799758911133,-5530.0398025512695,-43.39,87,185
1002,Dairy_Cream_1002,2023-05-01,1318.0799560546875,2326.199941635132,-1008.1199855804443,-43.34,96,191
1012,Beverages_Juices_1012,2024-06-01,886.8900079727173,1565.100025177002,-678.2100172042847,-43.33,65,111
1043,Electronics_Batteries_1043,2023-11-01,1474.9900302886963,2602.9500274658203,-1127.959997177124,-43.33,65,111
1193,Beverages_Tea_1193,2021-03-01,1484.0899963378906,2618.7299814224243,-1134.6399850845337,-43.33,107,211
1088,Household_Cleaning Supplies_1088,2023-03-01,2441.930004119873,4307.609983444214,-1865.6799793243408,-43.31,122,222
1161,Electronics_Batteries_1161,2023-03-01,9059.630142211914,15978.040061950684,-6918.4099197387695,-43.30,119,214
1020,Beverages_Juices_1020,2025-03-01,1301.6099758148193,2295.3599815368652,-993.7500057220459,-43.29,155,252
1114,Electronics_Batteries_1114,2021-06-01,17528.29995727539,30903.559829711914,-13375.259872436523,-43.28,115,223
1100,Electronics_Mobile Accessories_1100,2024-03-01,1771.9199829101562,3123.179958343506,-1351.2599754333496,-43.27,106,188
1017,Household_Paper Products_1017,2024-02-01,7829.519966125488,13800.059997558594,-5970.5400314331055,-43.26,200,354
1016,Grocery_Rice_1016,2023-09-01,1963.4400215148926,3460.060043334961,-1496.6200218200684,-43.25,101,204
1155,Electronics_Mobile Accessories_1155,2021-06-01,2196.4799404144287,3870.0799655914307,-1673.600025177002,-43.24,96,187
1187,Personal Care_Skincare_1187,2023-03-01,6935.2199783325195,12215.349983215332,-5280.1300048828125,-43.23,100,185
1154,Household_Cleaning Supplies_1154,2021-06-01,1859.129994392395,3273.419973373413,-1414.289978981018,-43.21,117,226
1021,Grocery_Canned Goods_1021,2021-06-01,3603.7499656677246,6345.259910583496,-2741.5099449157715,-43.21,125,238
1034,Household_Cleaning Supplies_1034,2023-09-01,5813.560035705566,10234.409805297852,-4420.849769592285,-43.20,101,202
1016,Grocery_Rice_1016,2021-09-01,1924.5600280761719,3386.840003967285,-1462.2799758911133,-43.18,99,184
1173,Electronics_Batteries_1173,2023-09-01,14885.779983520508,26172.35984802246,-11286.579864501953,-43.12,91,182
1193,Beverages_Tea_1193,2022-02-01,2232.7599897384644,3924.7299795150757,-1691.9699897766113,-43.11,192,331
1092,Household_Detergent_1092,2023-03-01,2497.5900173187256,4390.44993019104,-1892.8599128723145,-43.11,93,170
1084,Household_Paper Products_1084,2023-09-01,4741.109939575195,8332.680015563965,-3591.5700759887695,-43.10,99,192
1074,Personal Care_Skincare_1074,2024-09-01,4950.92985534668,8698.349975585938,-3747.420120239258,-43.08,79,147
1066,Household_Cleaning Supplies_1066,2021-06-01,4977.9998779296875,8744.09984588623,-3766.099967956543,-43.07,100,197
1058,Personal Care_Soap_1058,2022-05-01,5813.9900550842285,10207.920101165771,-4393.930046081543,-43.04,133,270
1047,Household_Detergent_1047,2021-06-01,4260.980072021484,7478.209983825684,-3217.229911804199,-43.02,118,239
1099,Personal Care_Toothpaste_1099,2024-09-01,3987.200038909912,6997.920097351074,-3010.720058441162,-43.02,80,150
1127,Grocery_Rice_1127,2023-03-01,2149.1200218200684,3770.9100666046143,-1621.790044784546,-43.01,111,203
1047,Household_Detergent_1047,2025-04-01,3679.630058288574,6456.780082702637,-2777.1500244140625,-43.01,104,210
1128,Grocery_Spices_1128,2023-03-01,2795.9799823760986,4900.979902267456,-2104.9999198913574,-42.95,117,203
1045,Electronics_Cables_1045,2025-04-01,12045.240356445312,21111.180046081543,-9065.93968963623,-42.94,88,178
1145,Household_Trash Bags_1145,2024-09-01,1077.24001121521,1887.050024986267,-809.8100137710571,-42.91,94,175
1074,Personal Care_Skincare_1074,2023-11-01,4151.909893035889,7269.719787597656,-3117.8098945617676,-42.89,68,116
1075,Snacks_Crackers_1075,2021-03-01,1577.6599988937378,2762.240008354187,-1184.5800094604492,-42.88,118,229
1051,Electronics_Cables_1051,2021-03-01,7277.699935913086,12739.799980163574,-5462.100044250488,-42.87,102,194
1170,Dairy_Yogurt_1170,2024-02-01,3507.599977493286,6139.900009155273,-2632.3000316619873,-42.87,180,315
1176,Snacks_Chocolates_1176,2023-03-01,689.6499929428101,1207.0100026130676,-517.3600096702576,-42.86,110,193
1033,Household_Paper Products_1033,2024-11-01,2168.649929046631,3795.4799003601074,-1626.8299713134766,-42.86,70,117
1147,Snacks_Crackers_1147,2025-10-01,1244.3999919891357,2177.6999893188477,-933.2999973297119,-42.86,60,105
1158,Snacks_Crackers_1158,2024-10-01,378.0399971008301,661.5699920654297,-283.5299949645996,-42.86,52,91
1085,Personal Care_Skincare_1085,2023-09-01,2130.3999462127686,3727.779951095581,-1597.3800048828125,-42.85,80,161
1135,Household_Trash Bags_1135,2021-09-01,4746.060108184814,8295.380096435547,-3549.3199882507324,-42.79,94,177
1077,Household_Cleaning Supplies_1077,2023-03-01,5121.759956359863,8946.419868469238,-3824.659912109375,-42.75,112,210
1111,Snacks_Nuts_1111,2024-09-01,1155.5200309753418,2017.9800434112549,-862.4600124359131,-42.74,92,171
1173,Electronics_Batteries_1173,2024-03-01,20381.83982849121,35594.659759521484,-15212.819931030273,-42.74,136,235
1098,Electronics_Mobile Accessories_1098,2024-09-01,9007.109893798828,15726.480072021484,-6719.370178222656,-42.73,87,161
1121,Grocery_Rice_1121,2024-03-01,3186.4999675750732,5561.699995040894,-2375.2000274658203,-42.71,107,192
1053,Snacks_Crackers_1053,2024-03-01,1669.8999843597412,2914.4999980926514,-1244.6000137329102,-42.70,151,270
1035,Electronics_Batteries_1035,2021-09-01,21102.680419921875,36831.320068359375,-15728.6396484375,-42.70,86,161
1002,Dairy_Cream_1002,2023-03-01,1496.4299583435059,2610.689935684204,-1114.2599773406982,-42.68,116,211
1105,Beverages_Water_1105,2022-03-01,1550.6400299072266,2705.1000080108643,-1154.4599781036377,-42.68,91,181
1042,Grocery_Canned Goods_1042,2025-09-01,3726.700050354004,6497.030055999756,-2770.330005645752,-42.64,83,153
1063,Snacks_Chocolates_1063,2025-02-01,2465.0099449157715,4295.55991268158,-1830.549967765808,-42.61,171,290
1102,Snacks_Biscuits_1102,2025-04-01,1981.7000827789307,3453.1200675964355,-1471.4199848175049,-42.61,95,199
1143,Dairy_Cheese_1143,2025-04-01,1585.0799551010132,2760.8200130462646,-1175.7400579452515,-42.59,96,194
1078,Electronics_Cables_1078,2022-03-01,15816.239776611328,27543.820037841797,-11727.580261230469,-42.58,88,173
1084,Household_Paper Products_1084,2025-04-01,4137.659950256348,7202.319934844971,-3064.659984588623,-42.55,90,184
1005,Household_Paper Products_1005,2025-09-01,1805.4000358581543,3141.750045776367,-1336.350009918213,-42.54,102,189
1165,Personal Care_Skincare_1165,2023-03-01,1494.7199745178223,2600.6999654769897,-1105.9799909591675,-42.53,94,161
1153,Electronics_Batteries_1153,2022-03-01,15911.28012084961,27684.019981384277,-11772.739860534668,-42.53,99,201
1105,Beverages_Water_1105,2025-09-01,1346.1600379943848,2341.760021209717,-995.599983215332,-42.52,79,149
1165,Personal Care_Skincare_1165,2022-09-01,1729.9999694824219,3008.4699745178223,-1278.4700050354004,-42.50,100,187
1184,Snacks_Chocolates_1184,2024-09-01,2285.8200302124023,3975.6699810028076,-1689.8499507904053,-42.50,102,191
1073,Electronics_Chargers_1073,2021-06-01,12278.760063171387,21348.94002532959,-9070.179962158203,-42.49,102,200
1049,Electronics_Batteries_1049,2021-06-01,14061.040435791016,24447.37036895752,-10386.329933166504,-42.48,119,231
1040,Electronics_Mobile Accessories_1040,2022-09-01,7790.5599365234375,13540.149894714355,-5749.589958190918,-42.46,92,169
1117,Snacks_Crackers_1117,2025-04-01,826.0199708938599,1435.5599756240845,-609.5400047302246,-42.46,84,178
1131,Snacks_Crackers_1131,2021-09-01,2088.8300075531006,3625.7700328826904,-1536.9400253295898,-42.39,89,166
1092,Household_Detergent_1092,2022-09-01,3410.9900436401367,5919.750057220459,-2508.7600135803223,-42.38,121,225
1163,Household_Paper Products_1163,2021-06-01,3776.389938354492,6552.409980773926,-2776.0200424194336,-42.37,101,194
1147,Snacks_Crackers_1147,2025-09-01,2177.6999893188477,3777.2299633026123,-1599.5299739837646,-42.35,105,194
1183,Electronics_Batteries_1183,2024-09-01,12442.469482421875,21580.21989440918,-9137.750411987305,-42.34,93,172
1066,Household_Cleaning Supplies_1066,2023-05-01,5077.559875488281,8800.79988861084,-3723.2400131225586,-42.31,102,202
1112,Household_Paper Products_1112,2023-02-01,1598.2199687957764,2769.4199542999268,-1171.1999855041504,-42.29,169,291
1170,Dairy_Yogurt_1170,2024-09-01,2215.1999702453613,3838.259963989258,-1623.0599937438965,-42.29,104,190
1036,Electronics_Mobile Accessories_1036,2022-10-01,6353.080154418945,11006.040344238281,-4652.960189819336,-42.28,71,123
1051,Electronics_Cables_1051,2025-09-01,5779.3499755859375,10010.74006652832,-4231.390090942383,-42.27,81,147
1046,Household_Paper Products_1046,2021-06-01,6691.849945068359,11579.549953460693,-4887.700008392334,-42.21,115,225
1057,Beverages_Tea_1057,2022-05-01,2694.0600299835205,4661.320016860962,-1967.2599868774414,-42.20,103,208
1003,Household_Cleaning Supplies_1003,2023-03-01,1351.200002670288,2337.5999994277954,-986.3999967575073,-42.20,118,217
1014,Dairy_Butter_1014,2024-04-01,714.6099948883057,1236.3299884796143,-521.7199935913086,-42.20,96,170
1042,Grocery_Canned Goods_1042,2021-06-01,5118.600051879883,8854.020080566406,-3735.4200286865234,-42.19,114,211
1071,Grocery_Canned Goods_1071,2023-09-01,488.6099796295166,845.1999940872192,-356.59001445770264,-42.19,89,180
1175,Household_Trash Bags_1175,2022-05-01,6148.560054779053,10636.560111999512,-4488.000057220459,-42.19,106,207
1089,Electronics_Mobile Accessories_1089,2024-09-01,6199.299942016602,10717.550018310547,-4518.250076293945,-42.16,94,176
1186,Dairy_Yogurt_1186,2022-03-01,545.999997138977,943.8799877166748,-397.87999057769775,-42.15,100,206
1191,Dairy_Butter_1191,2021-06-01,1079.0999851226807,1865.3399996757507,-786.2400145530701,-42.15,109,201
1134,Household_Paper Products_1134,2024-09-01,1120.2300071716309,1935.11998462677,-814.8899774551392,-42.11,81,150
1112,Household_Paper Products_1112,2024-09-01,944.5800018310547,1631.4800186157227,-686.900016784668,-42.10,91,170
1075,Snacks_Crackers_1075,2021-06-01,1564.2899932861328,2701.0299978256226,-1136.7400045394897,-42.09,117,225
1034,Household_Cleaning Supplies_1034,2022-05-01,5741.610012054443,9914.709747314453,-4173.09973526001,-42.09,104,206
1065,Electronics_Chargers_1065,2023-08-01,18458.449798583984,31866.679763793945,-13408.229965209961,-42.08,119,202
1143,Dairy_Cheese_1143,2022-06-01,1617.7399406433105,2792.389961242676,-1174.6500205993652,-42.07,94,169
1064,Snacks_Biscuits_1064,2021-09-01,1555.8400268554688,2685.390022277832,-1129.5499954223633,-42.06,88,162
1008,Personal Care_Shampoo_1008,2021-09-01,3998.540012359619,6898.900032043457,-2900.360019683838,-42.04,91,165
1019,Electronics_Cables_1019,2025-09-01,19914.840118408203,34342.11030578613,-14427.27018737793,-42.01,94,172
1009,Electronics_Batteries_1009,2021-09-01,7548.849822998047,13015.340026855469,-5466.490203857422,-42.00,83,151
1138,Household_Cleaning Supplies_1138,2021-09-01,4026.359893798828,6941.779914855957,-2915.420021057129,-42.00,87,161
1155,Electronics_Mobile Accessories_1155,2025-10-01,1075.3599739074707,1853.2799549102783,-777.9199810028076,-41.98,47,81
1153,Electronics_Batteries_1153,2021-09-01,17518.48013305664,30183.480072021484,-12664.999938964844,-41.96,109,201
1063,Snacks_Chocolates_1063,2024-03-01,1701.6399593353271,2931.2599449157715,-1229.6199855804443,-41.95,113,196
1024,Grocery_Canned Goods_1024,2021-03-01,914.1600065231323,1574.5199823379517,-660.3599758148193,-41.94,104,200
1022,Household_Cleaning Supplies_1022,2021-03-01,5975.380073547363,10290.080055236816,-4314.699981689453,-41.93,109,206
1098,Electronics_Mobile Accessories_1098,2023-03-01,12796.079978942871,22036.290008544922,-9240.21002960205,-41.93,135,234
1157,Household_Cleaning Supplies_1157,2023-03-01,1506.7899990081787,2594.5199851989746,-1087.729986190796,-41.92,108,198
1146,Snacks_Chocolates_1146,2025-04-01,1866.6500329971313,3213.6299800872803,-1346.979947090149,-41.91,95,189
1184,Snacks_Chocolates_1184,2023-09-01,2106.5400352478027,3626.210060119629,-1519.6700248718262,-41.91,94,189
1020,Beverages_Juices_1020,2023-03-01,820.7499895095825,1412.209994316101,-591.4600048065186,-41.88,87,156
1049,Electronics_Batteries_1049,2022-02-01,16926.419914245605,29096.90012359619,-12170.480209350586,-41.83,179,292
1140,Personal Care_Shampoo_1140,2021-06-01,3549.1499252319336,6098.2799072265625,-2549.129981994629,-41.80,99,191
1181,Personal Care_Soap_1181,2021-06-01,4285.710067749023,7363.200004577637,-3077.4899368286133,-41.80,111,218
1080,Snacks_Chips_1080,2023-09-01,1624.25,2790.1499824523926,-1165.8999824523926,-41.79,73,140
1158,Snacks_Crackers_1158,2023-03-01,750.4799880981445,1289.039996623993,-538.5600085258484,-41.78,114,198
1161,Electronics_Batteries_1161,2022-03-01,8266.000213623047,14197.460006713867,-5931.45979309082,-41.78,100,202
1162,Dairy_Yogurt_1162,2025-09-01,2270.399953842163,3899.279987335205,-1628.880033493042,-41.77,86,158
1141,Beverages_Coffee_1141,2025-04-01,912.5999889373779,1566.7999792099,-654.199990272522,-41.75,108,226
1051,Electronics_Cables_1051,2024-10-01,4280.999931335449,7349.049911499023,-3068.049980163574,-41.75,60,103
1184,Snacks_Chocolates_1184,2025-02-01,3516.300022125244,6036.420032501221,-2520.1200103759766,-41.75,174,298
1094,Grocery_Rice_1094,2022-03-01,2185.5,3747.7400283813477,-1562.2400283813477,-41.68,93,185
1115,Household_Paper Products_1115,2021-06-01,5262.180145263672,9020.640190124512,-3758.46004486084,-41.67,119,230
1081,Snacks_Nuts_1081,2023-05-01,945.6400337219238,1621.310019493103,-675.6699857711792,-41.67,94,179
1061,Personal Care_Skincare_1061,2022-05-01,5032.140029907227,8624.140182495117,-3592.0001525878906,-41.65,95,186
1155,Electronics_Mobile Accessories_1155,2022-09-01,2082.079936981201,3566.7899742126465,-1484.7100372314453,-41.63,91,166
1110,Grocery_Canned Goods_1110,2023-02-01,2742.299997329712,4696.6399974823,-1954.340000152588,-41.61,162,280
1008,Personal Care_Shampoo_1008,2023-03-01,4525.719947814941,7748.949993133545,-3223.2300453186035,-41.60,113,196
1041,Snacks_Nuts_1041,2025-09-01,1376,2355.2800216674805,-979.2800216674805,-41.58,100,182
1074,Personal Care_Skincare_1074,2022-06-01,5076.26985168457,8679.729782104492,-3603.459930419922,-41.52,81,145
1038,Electronics_Cables_1038,2025-04-01,9798.979888916016,16749.05990600586,-6950.080017089844,-41.50,102,208
1045,Electronics_Cables_1045,2024-02-01,21619.41015625,36947.790283203125,-15328.380126953125,-41.49,169,281
1127,Grocery_Rice_1127,2025-02-01,2929.0500507354736,5004.990081787109,-2075.9400310516357,-41.48,157,267
1055,Dairy_Butter_1055,2024-03-01,1480.0100107192993,2527.2099752426147,-1047.1999645233154,-41.44,142,242
1041,Snacks_Nuts_1041,2023-09-01,1183.3600063323975,2020.179988861084,-836.8199825286865,-41.42,86,168
1057,Beverages_Tea_1057,2021-06-01,3044.220037460327,5195.800029754639,-2151.5799922943115,-41.41,113,219
1160,Snacks_Nuts_1160,2023-03-01,727.819993019104,1241.7599987983704,-513.9400057792664,-41.39,127,222
1108,Dairy_Butter_1108,2023-02-01,5829.020004272461,9943.68002319336,-4114.660018920898,-41.38,161,279
1046,Household_Paper Products_1046,2024-03-01,6418.270015716553,10948.270137786865,-4530.0001220703125,-41.38,119,206
1098,Electronics_Mobile Accessories_1098,2021-09-01,9110.639892578125,15540.12003326416,-6429.480140686035,-41.37,88,159
1171,Personal Care_Toothpaste_1171,2023-05-01,3791.9699096679688,6467.519920349121,-2675.5500106811523,-41.37,91,175
1182,Beverages_Tea_1182,2021-03-01,1556.2200508117676,2653.6599979400635,-1097.439947128296,-41.36,111,208
1179,Household_Cleaning Supplies_1179,2022-09-01,2220.6799812316895,3784.119918823242,-1563.4399375915527,-41.32,77,139
1086,Grocery_Rice_1086,2024-04-01,1471.330026626587,2507.4200506210327,-1036.0900239944458,-41.32,104,177
1101,Snacks_Crackers_1101,2022-09-01,1968.6800117492676,3354.380027770996,-1385.7000160217285,-41.31,79,142
1040,Electronics_Mobile Accessories_1040,2023-11-01,5271.31999206543,8976.079971313477,-3704.759979248047,-41.27,64,106
1030,Dairy_Cream_1030,2023-03-01,2415.540069580078,4112.199996948242,-1696.659927368164,-41.26,114,204
1119,Grocery_Pasta_1119,2023-03-01,3744.19002532959,6373.6200523376465,-2629.4300270080566,-41.25,110,192
1085,Personal Care_Skincare_1085,2021-06-01,3355.3799209594727,5710.549865722656,-2355.1699447631836,-41.24,126,235
1134,Household_Paper Products_1134,2021-03-01,1797.900011062622,3057.540029525757,-1259.6400184631348,-41.20,130,235
1112,Household_Paper Products_1112,2024-04-01,894.1199941635132,1519.3799772262573,-625.2599830627441,-41.15,92,159
1127,Grocery_Rice_1127,2025-09-01,1573.1100234985352,2672.5199584960938,-1099.4099349975586,-41.14,77,140
1177,Snacks_Chips_1177,2022-09-01,224.35999751091003,381.15999722480774,-156.7999997138977,-41.14,79,142
1169,Beverages_Soft Drinks_1169,2022-09-01,511.5600128173828,868.9400134086609,-357.3800005912781,-41.13,84,153
1133,Electronics_Mobile Accessories_1133,2022-09-01,3215.749931335449,5460.390003204346,-2244.6400718688965,-41.11,95,169
1084,Household_Paper Products_1084,2021-06-01,4980.5599365234375,8455.13996887207,-3474.580032348633,-41.09,104,199
1094,Grocery_Rice_1094,2023-05-01,2303,3907.9799995422363,-1604.9799995422363,-41.07,98,188
1044,Snacks_Biscuits_1044,2025-09-01,1873.9400787353516,3179.0600967407227,-1305.120018005371,-41.05,86,156
1135,Household_Trash Bags_1135,2024-09-01,5250.960136413574,8906.300052642822,-3655.339916229248,-41.04,104,190
1157,Household_Cleaning Supplies_1157,2023-09-01,1155.7700023651123,1960.1199731826782,-804.3499708175659,-41.04,79,149
1038,Electronics_Cables_1038,2023-09-01,7048.879913330078,11953.01985168457,-4904.139938354492,-41.03,71,135
1063,Snacks_Chocolates_1063,2025-09-01,1362.4799537658691,2309.879976272583,-947.4000225067139,-41.02,84,150
1200,Beverages_Juices_1200,2023-03-01,741.4599781036377,1256.8499927520752,-515.3900146484375,-41.01,104,185
1190,Dairy_Milk_1190,2022-09-01,2005.7400035858154,3397.18998336792,-1391.4499797821045,-40.96,99,178
1198,Dairy_Cheese_1198,2022-05-01,2727.0200233459473,4618.13009262085,-1891.1100692749023,-40.95,106,211
1167,Grocery_Rice_1167,2023-02-01,6322.559860229492,10706.699882507324,-4384.140022277832,-40.95,160,262
1185,Personal Care_Toothpaste_1185,2024-04-01,7232.039947509766,12246.869918823242,-5014.829971313477,-40.95,99,168
1065,Electronics_Chargers_1065,2025-04-01,15240.020095825195,25803.03018951416,-10563.010093688965,-40.94,89,176
1126,Beverages_Soft Drinks_1126,2025-09-01,2544.3000526428223,4307.319969177246,-1763.0199165344238,-40.93,99,180
1012,Beverages_Juices_1012,2024-09-01,1071.600009918213,1813.2599821090698,-741.6599721908569,-40.90,76,139
1191,Dairy_Butter_1191,2023-03-01,1009.799991607666,1707.939992904663,-698.1400012969971,-40.88,110,193
1029,Grocery_Canned Goods_1029,2025-02-01,4595.739988327026,7768.279916763306,-3172.5399284362793,-40.84,183,306
1094,Grocery_Rice_1094,2021-09-01,2162,3654.249994277954,-1492.249994277954,-40.84,92,165
1107,Electronics_Mobile Accessories_1107,2024-03-01,21245.399978637695,35891.3401184082,-14645.940139770508,-40.81,144,242
1090,Dairy_Cheese_1090,2025-04-01,3182.6600646972656,5375.219985961914,-2192.5599212646484,-40.79,91,175
1181,Personal Care_Soap_1181,2023-09-01,3667.9500579833984,6193.269973754883,-2525.3199157714844,-40.78,95,183
1114,Electronics_Batteries_1114,2025-09-01,12955.70004272461,21857.199752807617,-8901.499710083008,-40.73,85,152
1091,Dairy_Butter_1091,2025-04-01,655.4999828338623,1105.779993057251,-450.2800102233887,-40.72,75,152
1003,Household_Cleaning Supplies_1003,2022-09-01,1248,2104.8000259399414,-856.8000259399414,-40.71,104,185
1039,Beverages_Soft Drinks_1039,2021-09-01,1865.5200157165527,3145.569984436035,-1280.0499687194824,-40.69,72,131
1135,Household_Trash Bags_1135,2021-03-01,5705.370132446289,9618.79991531372,-3913.4297828674316,-40.69,113,210
1184,Snacks_Chocolates_1184,2021-09-01,1904.8500289916992,3211.4400005340576,-1306.5899715423584,-40.69,85,152
1073,Electronics_Chargers_1073,2023-09-01,9389.639945983887,15817.580299377441,-6427.940353393555,-40.64,78,149
1053,Snacks_Crackers_1053,2025-10-01,664.0499839782715,1118.399980545044,-454.34999656677246,-40.63,57,96
1119,Grocery_Pasta_1119,2024-09-01,3246.2999725341797,5467.899925231934,-2221.599952697754,-40.63,90,162
1075,Snacks_Crackers_1075,2025-09-01,1230.0400009155273,2070.7400045394897,-840.7000036239624,-40.60,92,164
1030,Dairy_Cream_1030,2024-04-01,2180.7200508117676,3669.3000411987305,-1488.579990386963,-40.57,105,180
1113,Dairy_Cheese_1113,2024-11-01,1743.7500629425049,2933.640106201172,-1189.890043258667,-40.56,70,116
1109,Electronics_Batteries_1109,2025-04-01,2532.7199630737305,4260.959980010986,-1728.2400169372559,-40.56,72,148
1177,Snacks_Chips_1177,2023-03-01,319.7199990749359,537.8300051689148,-218.11000609397888,-40.55,119,208
1181,Personal Care_Soap_1181,2025-04-01,3212.3700408935547,5401.770030975342,-2189.399990081787,-40.53,85,163
1119,Grocery_Pasta_1119,2021-06-01,3931.62996673584,6609.810001373291,-2678.180034637451,-40.52,109,197
1050,Snacks_Chips_1050,2023-09-01,1623.440013885498,2729.3200302124023,-1105.8800163269043,-40.52,91,173
1106,Snacks_Chocolates_1106,2023-09-01,1026.4799814224243,1725.4600086212158,-698.9800271987915,-40.51,91,172
1082,Household_Detergent_1082,2025-09-01,5135.89994430542,8632.269878387451,-3496.3699340820312,-40.50,115,206
1162,Dairy_Yogurt_1162,2023-09-01,2164.7999534606934,3637.9200019836426,-1473.1200485229492,-40.49,82,161
1095,Snacks_Chocolates_1095,2021-09-01,1757.2799949645996,2951.950008392334,-1194.6700134277344,-40.47,84,148
1076,Snacks_Chocolates_1076,2023-03-01,2345.3000144958496,3937.300006866455,-1591.9999923706055,-40.43,113,193
1024,Grocery_Canned Goods_1024,2022-08-01,1180.4300003051758,1980.6699962615967,-800.2399959564209,-40.40,141,241
1090,Dairy_Cheese_1090,2022-05-01,4594.860105514526,7709.34001159668,-3114.4799060821533,-40.40,128,241
1087,Snacks_Crackers_1087,2022-09-01,819.5400066375732,1374.5600032806396,-555.0199966430664,-40.38,87,155
1016,Grocery_Rice_1016,2023-03-01,1597.9300260543823,2680.4000205993652,-1082.469994544983,-40.38,86,152
1171,Personal Care_Toothpaste_1171,2022-03-01,3666.959892272949,6146.150001525879,-2479.1901092529297,-40.34,88,165
1118,Dairy_Milk_1118,2025-04-01,2156.7000465393066,3614.25,-1457.5499534606934,-40.33,94,175
1184,Snacks_Chocolates_1184,2023-03-01,2958.190040588379,4951.650066375732,-1993.4600257873535,-40.26,139,237
1094,Grocery_Rice_1094,2022-09-01,1997.5,3341.699993133545,-1344.199993133545,-40.23,85,153
1060,Household_Detergent_1060,2025-02-01,5709.250030517578,9551.930015563965,-3842.6799850463867,-40.23,167,277
1109,Electronics_Batteries_1109,2022-06-01,3529.8299407958984,5904.209930419922,-2374.3799896240234,-40.22,97,169
1156,Personal Care_Soap_1156,2024-09-01,3021.5500450134277,5052.169992446899,-2030.6199474334717,-40.19,89,157
1114,Electronics_Batteries_1114,2024-11-01,10395.019943237305,17375.879913330078,-6980.859970092773,-40.18,71,114
1185,Personal Care_Toothpaste_1185,2023-09-01,7352.049942016602,12289.349933624268,-4937.299991607666,-40.18,95,177
1014,Dairy_Butter_1014,2022-03-01,775.1699924468994,1295.560004234314,-520.3900117874146,-40.17,99,196
1107,Electronics_Mobile Accessories_1107,2022-06-01,15273.15023803711,25522.330337524414,-10249.180099487305,-40.16,95,168
1127,Grocery_Rice_1127,2022-05-01,1833.5700225830078,3064.199981689453,-1230.6299591064453,-40.16,92,180
1015,Dairy_Cream_1015,2022-02-01,3452.5399799346924,5765.479944229126,-2312.9399642944336,-40.12,152,248
1108,Dairy_Butter_1108,2021-06-01,4521.799964904785,7545.539989471436,-3023.7400245666504,-40.07,115,211
1034,Household_Cleaning Supplies_1034,2021-09-01,5122.839996337891,8547.279815673828,-3424.4398193359375,-40.06,89,158
1032,Snacks_Chocolates_1032,2024-09-01,1258.279987335205,2097.7999725341797,-839.5199851989746,-40.02,83,147
1085,Personal Care_Skincare_1085,2025-04-01,2505.8699340820312,4178.139873504639,-1672.2699394226074,-40.02,98,189
1087,Snacks_Crackers_1087,2024-11-01,565.140007019043,942.0000076293945,-376.86000061035156,-40.01,67,100
1069,Grocery_Spices_1069,2021-09-01,3600.199951171875,6001.6101150512695,-2401.4101638793945,-40.01,94,167
1035,Electronics_Batteries_1035,2022-05-01,29445.640502929688,49076.72009277344,-19631.07958984375,-40.00,122,236
1086,Grocery_Rice_1086,2021-10-01,722.8800172805786,1204.8000259399414,-481.9200086593628,-40.00,48,80
1111,Snacks_Nuts_1111,2025-10-01,678.2400169372559,1130.4000282287598,-452.1600112915039,-40.00,54,90
1077,Household_Cleaning Supplies_1077,2021-06-01,5378.799880981445,8963.079948425293,-3584.2800674438477,-39.99,113,212
1125,Personal Care_Toothpaste_1125,2022-08-01,3252.390007019043,5419.240015029907,-2166.8500080108643,-39.98,127,214
1052,Snacks_Crackers_1052,2021-06-01,1818.1200332641602,3028.170026779175,-1210.0499935150146,-39.96,109,202
1146,Snacks_Chocolates_1146,2022-03-01,2029.0000228881836,3378.570016860962,-1349.5699939727783,-39.95,100,195
1084,Household_Paper Products_1084,2023-05-01,5076.339935302734,8452.39001083374,-3376.050075531006,-39.94,106,201
1076,Snacks_Chocolates_1076,2022-09-01,2107.480031967163,3508.9000606536865,-1401.4200286865234,-39.94,94,165
1041,Snacks_Nuts_1041,2022-09-01,1431.0400047302246,2382.840009689331,-951.8000049591064,-39.94,104,183
1003,Household_Cleaning Supplies_1003,2022-06-01,1296,2157,-861,-39.92,108,187
1140,Personal Care_Shampoo_1140,2023-09-01,3118.949935913086,5191.079978942871,-2072.130043029785,-39.92,87,163
1125,Personal Care_Toothpaste_1125,2024-03-01,3832.140048980713,6376.350082397461,-2544.210033416748,-39.90,152,260
1132,Dairy_Butter_1132,2023-02-01,5359.339889526367,8917.159828186035,-3557.819938659668,-39.90,167,278
1077,Household_Cleaning Supplies_1077,2024-03-01,6380.779945373535,10614.799865722656,-4234.019920349121,-39.89,148,241
1198,Dairy_Cheese_1198,2022-03-01,1943.2500228881836,3231.980052947998,-1288.7300300598145,-39.87,75,154
1120,Grocery_Cereals_1120,2021-03-01,4876.199970245361,8107.960132598877,-3231.7601623535156,-39.86,105,192
1153,Electronics_Batteries_1153,2022-09-01,14143.360107421875,23497.419952392578,-9354.059844970703,-39.81,88,154
1026,Snacks_Biscuits_1026,2021-09-01,455.99999618530273,757.53000831604,-301.5300121307373,-39.80,80,142
1114,Electronics_Batteries_1114,2025-06-01,13222.479972839355,21948.479949951172,-8725.999977111816,-39.76,89,144
1022,Household_Cleaning Supplies_1022,2021-02-01,10290.080055236816,17077.120155334473,-6787.040100097656,-39.74,206,346
1195,Snacks_Chocolates_1195,2024-02-01,3152.4400157928467,5231.800025939941,-2079.3600101470947,-39.74,166,272
1177,Snacks_Chips_1177,2022-11-01,224.31000089645386,372.0400002002716,-147.72999930381775,-39.71,87,131
1165,Personal Care_Skincare_1165,2021-06-01,2231.6999473571777,3699.199951171875,-1467.5000038146973,-39.67,129,243
1168,Snacks_Chips_1168,2023-03-01,2263.920066833496,3752.050022125244,-1488.129955291748,-39.66,124,215
1182,Beverages_Tea_1182,2024-03-01,1444.9200038909912,2394.2600059509277,-949.3400020599365,-39.65,111,188
1132,Dairy_Butter_1132,2025-09-01,2991.0798950195312,4955.979907989502,-1964.9000129699707,-39.65,86,151
1080,Snacks_Chips_1080,2025-04-01,2425.300003051758,4019.0400409698486,-1593.7400379180908,-39.65,112,222
1113,Dairy_Cheese_1113,2021-06-01,2781.900100708008,4609.220058441162,-1827.3199577331543,-39.64,110,204
1050,Snacks_Chips_1050,2024-03-01,1905.9600143432617,3157.120002746582,-1251.1599884033203,-39.63,116,198
1079,Beverages_Juices_1079,2024-02-01,856.7000026702881,1418.820011138916,-562.1200084686279,-39.62,179,300
1070,Grocery_Canned Goods_1070,2023-02-01,6265.020057678223,10376.410007476807,-4111.389949798584,-39.62,168,268
1189,Electronics_Batteries_1189,2022-06-01,7487.039840698242,12400.3698387146,-4913.329998016357,-39.62,96,163
1025,Household_Detergent_1025,2024-03-01,1030.4199867248535,1706.029977798462,-675.6099910736084,-39.60,129,222
1027,Snacks_Chips_1027,2023-10-01,508.20000648498535,840.9500102996826,-332.75000381469727,-39.57,84,139
1189,Electronics_Batteries_1189,2024-02-01,11261.629997253418,18635.46006011963,-7373.830062866211,-39.57,157,264
1053,Snacks_Crackers_1053,2025-09-01,1118.399980545044,1850.4799842834473,-732.0800037384033,-39.56,96,168
1130,Snacks_Nuts_1130,2024-03-01,1888.260051727295,3124.040086746216,-1235.780035018921,-39.56,121,203
1113,Dairy_Cheese_1113,2024-09-01,2529.0000915527344,4182.860038757324,-1653.8599472045898,-39.54,100,176
1113,Dairy_Cheese_1113,2021-09-01,2301.3900833129883,3806.0400409698486,-1504.6499576568604,-39.53,91,161
1155,Electronics_Mobile Accessories_1155,2023-03-01,2557.8599548339844,4228.479999542236,-1670.620044708252,-39.51,118,204
1094,Grocery_Rice_1094,2025-09-01,2044.5,3379.299991607666,-1334.799991607666,-39.50,87,151
1077,Household_Cleaning Supplies_1077,2025-06-01,5271.699928283691,8710.799819946289,-3439.0998916625977,-39.48,112,183
1066,Household_Cleaning Supplies_1066,2022-05-01,5600.3598709106445,9247.099822998047,-3646.7399520874023,-39.44,118,209
1100,Electronics_Mobile Accessories_1100,2025-04-01,1555.1699485778809,2567.8799896240234,-1012.7100410461426,-39.44,89,168
1152,Personal Care_Toothpaste_1152,2023-02-01,7608.310104370117,12562.780113220215,-4954.470008850098,-39.44,152,256
1163,Household_Paper Products_1163,2025-02-01,6172.929906845093,10192.249792098999,-4019.3198852539062,-39.44,181,299
1106,Snacks_Chocolates_1106,2024-03-01,1586.1199979782104,2618.38001537323,-1032.2600173950195,-39.42,152,254
1043,Electronics_Batteries_1043,2023-02-01,3681.4000396728516,6076.620059967041,-2395.2200202941895,-39.42,172,286
1127,Grocery_Rice_1127,2022-09-01,1961.280029296875,3236.4299545288086,-1275.1499252319336,-39.40,96,169
1112,Household_Paper Products_1112,2021-09-01,851.1600008010864,1404.240014076233,-553.0800132751465,-39.39,82,144
1050,Snacks_Chips_1050,2021-06-01,2337.0400199890137,3856.0600147247314,-1519.0199947357178,-39.39,131,243
1171,Personal Care_Toothpaste_1171,2024-09-01,3833.639907836914,6325.22998046875,-2491.590072631836,-39.39,92,161
1020,Beverages_Juices_1020,2022-09-01,1035.839997291565,1707.7999811172485,-671.9599838256836,-39.35,104,180
1001,Electronics_Chargers_1001,2024-03-01,24766.640258789062,40836.20050048828,-16069.560241699219,-39.35,164,272
1131,Snacks_Crackers_1131,2022-06-01,2135.769983291626,3520.4599838256836,-1384.6900005340576,-39.33,91,154
1122,Dairy_Yogurt_1122,2025-03-01,4022.6800785064697,6629.680143356323,-2607.0000648498535,-39.32,157,229
1048,Snacks_Biscuits_1048,2024-08-01,1937.2999410629272,3192.4599409103394,-1255.159999847412,-39.32,151,244
1024,Grocery_Canned Goods_1024,2022-06-01,922.9500074386597,1520.6000204086304,-597.6500129699707,-39.30,105,180
1046,Household_Paper Products_1046,2021-10-01,3607.779983520508,5935.379974365234,-2327.5999908447266,-39.22,62,102
1147,Snacks_Crackers_1147,2023-05-01,2239.9199981689453,3685.3299980163574,-1445.409999847412,-39.22,108,202
1168,Snacks_Chips_1168,2022-11-01,1487.5600471496582,2447.360076904297,-959.8000297546387,-39.22,82,128
1166,Grocery_Spices_1166,2024-11-01,3447.4800338745117,5671.800079345703,-2224.3200454711914,-39.22,72,115
1072,Electronics_Chargers_1072,2024-03-01,30604.44012451172,50344.2205657959,-19739.78044128418,-39.21,137,229
1067,Grocery_Cereals_1067,2023-09-01,3816.8900299072266,6275.950122833252,-2459.0600929260254,-39.18,77,146
1037,Electronics_Cables_1037,2024-10-01,10535.630432128906,17321.29071044922,-6785.6602783203125,-39.18,59,97
1156,Personal Care_Soap_1156,2023-02-01,5761.570068359375,9470.820140838623,-3709.250072479248,-39.17,185,307
1083,Dairy_Cheese_1083,2021-11-01,1004.9200019836426,1651.7200012207031,-646.7999992370605,-39.16,73,119
1066,Household_Cleaning Supplies_1066,2024-03-01,5873.799991607666,9651.940006256104,-3778.1400146484375,-39.14,130,214
1041,Snacks_Nuts_1041,2022-05-01,1406.9600009918213,2311.6799640655518,-904.7199630737305,-39.14,106,196
1005,Household_Paper Products_1005,2023-03-01,1543.4400177001953,2534.279977798462,-990.8399600982666,-39.10,93,154
1039,Beverages_Soft Drinks_1039,2023-03-01,2844.9900131225586,4669.839996337891,-1824.849983215332,-39.08,117,199
1104,Grocery_Pasta_1104,2021-09-01,1943.0400619506836,3189.2600440979004,-1246.2199821472168,-39.08,92,158
1105,Beverages_Water_1105,2024-10-01,1090.5600318908691,1789.2000732421875,-698.6400413513184,-39.05,64,105
1163,Household_Paper Products_1163,2021-03-01,4187.679931640625,6870.239896774292,-2682.559965133667,-39.05,112,201
1010,Grocery_Rice_1010,2023-03-01,1774.300009727478,2911.0200300216675,-1136.7200202941895,-39.05,115,192
1074,Personal Care_Skincare_1074,2023-02-01,10246.599914550781,16786.249851226807,-6539.649936676025,-38.96,180,295
1046,Household_Paper Products_1046,2025-09-01,4422.439987182617,7244.570041656494,-2822.130054473877,-38.96,76,133
1170,Dairy_Yogurt_1170,2021-06-01,2087.399948120117,3418.979953765869,-1331.580005645752,-38.95,98,180
1129,Electronics_Chargers_1129,2021-09-01,13144.239685058594,21520.239654541016,-8375.999969482422,-38.92,86,150
1148,Household_Cleaning Supplies_1148,2023-09-01,5253.780059814453,8599.249954223633,-3345.4698944091797,-38.90,98,181
1098,Electronics_Mobile Accessories_1098,2024-12-01,6786.379928588867,11103.569885253906,-4317.189956665039,-38.88,67,109
1143,Dairy_Cheese_1143,2024-09-01,1600.5299377441406,2617.7199878692627,-1017.1900501251221,-38.86,93,160
1027,Snacks_Chips_1027,2021-06-01,701.800012588501,1147.9100122451782,-446.10999965667725,-38.86,116,215
1134,Household_Paper Products_1134,2023-09-01,1203.2100162506104,1966.1700353622437,-762.9600191116333,-38.80,87,165
1091,Dairy_Butter_1091,2021-03-01,978.8799743652344,1599.10999917984,-620.2300248146057,-38.79,112,202
1151,Electronics_Cables_1151,2022-05-01,16628.089797973633,27154.710052490234,-10526.620254516602,-38.77,121,223
1100,Electronics_Mobile Accessories_1100,2024-09-01,1110.8099670410156,1813.7699584960938,-702.9599914550781,-38.76,61,105
1037,Electronics_Cables_1037,2021-06-01,19464.130798339844,31758.890625,-12294.759826660156,-38.71,109,194
1008,Personal Care_Shampoo_1008,2022-09-01,4350.059967041016,7096.730010986328,-2746.6700439453125,-38.70,99,172
1118,Dairy_Milk_1118,2022-03-01,2346.300033569336,3826.920036315918,-1480.620002746582,-38.69,99,193
1139,Dairy_Cream_1139,2022-09-01,2089.3199157714844,3404.3499698638916,-1315.0300540924072,-38.63,92,162
1110,Grocery_Canned Goods_1110,2021-09-01,1638.4899864196777,2669.5299758911133,-1031.0399894714355,-38.62,89,153
1078,Electronics_Cables_1078,2021-09-01,15456.779754638672,25180.49967956543,-9723.719924926758,-38.62,86,151
1016,Grocery_Rice_1016,2025-02-01,2952.6400203704834,4808.880039215088,-1856.2400188446045,-38.60,163,269
1018,Personal Care_Deodorant_1018,2021-09-01,5736.639930725098,9343.639873504639,-3606.999942779541,-38.60,104,181
1136,Personal Care_Shampoo_1136,2023-02-01,6755.680030822754,11003.450035095215,-4247.770004272461,-38.60,120,205
1098,Electronics_Mobile Accessories_1098,2022-03-01,9317.699890136719,15167.330062866211,-5849.630172729492,-38.57,90,165
1048,Snacks_Biscuits_1048,2024-03-01,1724.0699977874756,2806.6599884033203,-1082.5899906158447,-38.57,133,222
1055,Dairy_Butter_1055,2022-09-01,1180.8400106430054,1922.029974937439,-741.1899642944336,-38.56,106,182
1147,Snacks_Crackers_1147,2022-05-01,2768.9199962615967,4506.380038261414,-1737.460041999817,-38.56,140,248
1006,Beverages_Coffee_1006,2021-09-01,1123.1799993515015,1827.5799913406372,-704.3999919891357,-38.54,89,155
1056,Snacks_Nuts_1056,2022-06-01,472.4200038909912,768.5800046920776,-296.1600008010864,-38.53,79,136
1004,Beverages_Juices_1004,2021-09-01,2481.999969482422,4035.939914703369,-1553.9399452209473,-38.50,100,173
1107,Electronics_Mobile Accessories_1107,2024-09-01,13022.370208740234,21173.160263061523,-8150.790054321289,-38.50,81,140
1128,Grocery_Spices_1128,2024-03-01,2781.389940261841,4520.879892349243,-1739.4899520874023,-38.48,115,189
1173,Electronics_Batteries_1173,2024-08-01,17421.100006103516,28315.48011779785,-10894.380111694336,-38.47,115,184
1023,Personal Care_Toothpaste_1023,2021-10-01,3892.4800338745117,6325.280044555664,-2432.8000106811523,-38.46,64,104
1161,Electronics_Batteries_1161,2021-06-01,8761.960235595703,14234.41015625,-5472.449920654297,-38.45,106,191
1197,Electronics_Mobile Accessories_1197,2025-09-01,1775.580005645752,2884.679983139038,-1109.0999774932861,-38.45,101,174
1122,Dairy_Yogurt_1122,2022-09-01,3476.0000610351562,5646.920036315918,-2170.9199752807617,-38.44,110,190
1077,Household_Cleaning Supplies_1077,2023-09-01,4283.999923706055,6959.120018005371,-2675.1200942993164,-38.44,90,166
1148,Household_Cleaning Supplies_1148,2025-08-01,7189.170013427734,11676.36996459961,-4487.199951171875,-38.43,141,229
1088,Household_Cleaning Supplies_1088,2025-04-01,1993.2599878311157,3235.150032043457,-1241.8900442123413,-38.39,96,185
1069,Grocery_Spices_1069,2024-09-01,3715.0999717712402,6028.42013168335,-2313.3201599121094,-38.37,97,169
1085,Personal Care_Skincare_1085,2025-02-01,3796.4798946380615,6159.01983833313,-2362.5399436950684,-38.36,155,259
1177,Snacks_Chips_1177,2024-09-01,278.3199973106384,451.47999596595764,-173.1599986553192,-38.35,98,171
1198,Dairy_Cheese_1198,2025-02-01,4422.48002243042,7172.550060272217,-2750.070037841797,-38.34,186,304
1123,Beverages_Water_1123,2022-06-01,1109.6599655151367,1799.2399549484253,-689.5799894332886,-38.33,113,197
1067,Grocery_Cereals_1067,2023-03-01,4828.250080108643,7829.100120544434,-3000.850040435791,-38.33,104,174
1118,Dairy_Milk_1118,2024-09-01,2109.300033569336,3417.5400314331055,-1308.2399978637695,-38.28,89,152
1039,Beverages_Soft Drinks_1039,2022-02-01,3814.9700889587402,6179.110118865967,-2364.1400299072266,-38.26,175,281
1173,Electronics_Batteries_1173,2021-09-01,13413.560028076172,21723.199996948242,-8309.63996887207,-38.25,82,144
1151,Electronics_Cables_1151,2021-09-01,13131.159713745117,21252.80030822754,-8121.640594482422,-38.21,92,159
1080,Snacks_Chips_1080,2021-06-01,2692.25,4356.7300090789795,-1664.4800090789795,-38.20,121,217
1045,Electronics_Cables_1045,2022-06-01,15250.680587768555,24676.550704956055,-9425.8701171875,-38.20,108,185
1065,Electronics_Chargers_1065,2023-11-01,11879.050003051758,19205.640045166016,-7326.590042114258,-38.15,71,108
1031,Snacks_Chips_1031,2024-04-01,1612.530014038086,2605.879997253418,-993.349983215332,-38.12,111,187
1168,Snacks_Chips_1168,2022-06-01,1892.8800659179688,3059.2000827789307,-1166.320016860962,-38.12,99,162
1120,Grocery_Cereals_1120,2021-09-01,4690.439998626709,7574.760040283203,-2884.320041656494,-38.08,101,173
1019,Electronics_Cables_1019,2024-09-01,22880.88023376465,36926.770263671875,-14045.890029907227,-38.04,108,185
1077,Household_Cleaning Supplies_1077,2024-09-01,4426.799949645996,7144.759979248047,-2717.960029602051,-38.04,93,161
1054,Snacks_Chips_1054,2021-06-01,926.8399782180786,1495.0499863624573,-568.2100081443787,-38.01,94,167
1193,Beverages_Tea_1193,2024-03-01,1871.7899961471558,3019.5599822998047,-1147.769986152649,-38.01,145,236
1150,Electronics_Batteries_1150,2021-06-01,14245.980117797852,22972.87989807129,-8726.899780273438,-37.99,107,196
1133,Electronics_Mobile Accessories_1133,2022-06-01,3114.1999282836914,5018.299896240234,-1904.099967956543,-37.94,92,152
1057,Beverages_Tea_1057,2022-09-01,2855.640031814575,4601.7199993133545,-1746.0799674987793,-37.94,106,180
1076,Snacks_Chocolates_1076,2024-04-01,1938.3200092315674,3123.28000831604,-1184.9599990844727,-37.94,92,148
1038,Electronics_Cables_1038,2021-09-01,10523.679870605469,16956.799682617188,-6433.119812011719,-37.94,106,182
1150,Electronics_Batteries_1150,2023-03-01,16136.480056762695,25989.040130615234,-9852.560073852539,-37.91,130,212
1153,Electronics_Batteries_1153,2023-03-01,17936.579971313477,28881.17985534668,-10944.599884033203,-37.90,123,195
1030,Dairy_Cream_1030,2021-06-01,2755.000114440918,4435.510124206543,-1680.510009765625,-37.89,125,228
1011,Personal Care_Shampoo_1011,2023-03-01,2354.9000511169434,3790.2900218963623,-1435.389970779419,-37.87,122,205
1099,Personal Care_Toothpaste_1099,2021-09-01,3837.6800498962402,6175.500068664551,-2337.8200187683105,-37.86,77,132
1168,Snacks_Chips_1168,2024-11-01,1164.420036315918,1873.7600688934326,-709.3400325775146,-37.86,63,98
1087,Snacks_Crackers_1087,2023-09-01,885.4800071716309,1424.7000093460083,-539.2200021743774,-37.85,94,171
1138,Household_Cleaning Supplies_1138,2023-03-01,4470.5198974609375,7192.119846343994,-2721.5999488830566,-37.84,103,171
1046,Household_Paper Products_1046,2024-02-01,10948.270137786865,17610.890266418457,-6662.620128631592,-37.83,206,334
1076,Snacks_Chocolates_1076,2021-06-01,2242.000026702881,3603.379991531372,-1361.3799648284912,-37.78,100,185
1118,Dairy_Milk_1118,2023-03-01,2607.0000076293945,4189.619945526123,-1582.6199378967285,-37.77,118,193
1170,Dairy_Yogurt_1170,2025-09-01,2151.2999725341797,3456.989965438843,-1305.689992904663,-37.77,101,173
1169,Beverages_Soft Drinks_1169,2024-11-01,466.5000114440918,749.0700187683105,-282.57000732421875,-37.72,78,123
1168,Snacks_Chips_1168,2025-02-01,3329.5100269317627,5345.600034713745,-2016.0900077819824,-37.71,192,306
1050,Snacks_Chips_1050,2021-09-01,1391.5200119018555,2233.8799896240234,-842.359977722168,-37.71,78,133
1047,Household_Detergent_1047,2023-05-01,4188.760070800781,6723.849981307983,-2535.089910507202,-37.70,116,211
1043,Electronics_Batteries_1043,2024-05-01,2016.7000312805176,3237.2100257873535,-1220.509994506836,-37.70,86,143
1181,Personal Care_Soap_1181,2022-02-01,5936.679931640625,9527.379981994629,-3590.700050354004,-37.69,193,283
1093,Snacks_Chips_1093,2021-06-01,1013.4600114822388,1626.2200117111206,-612.7600002288818,-37.68,127,229
1062,Personal Care_Deodorant_1062,2023-03-01,3116.1599655151367,4999.599994659424,-1883.440029144287,-37.67,120,191
1177,Snacks_Chips_1177,2022-02-01,387.6600034236908,621.9600043296814,-234.3000009059906,-37.67,157,264
1080,Snacks_Chips_1080,2024-02-01,3868.990001678467,6204.0100173950195,-2335.0200157165527,-37.64,191,303
1119,Grocery_Pasta_1119,2024-06-01,3599.7999725341797,5771.199951171875,-2171.3999786376953,-37.62,104,160
1137,Snacks_Nuts_1137,2023-03-01,707.079984664917,1132.0999760627747,-425.01999139785767,-37.54,112,185
1144,Household_Detergent_1144,2021-06-01,1879.800012588501,3009.5200366973877,-1129.7200241088867,-37.54,130,230
1039,Beverages_Soft Drinks_1039,2022-03-01,2383.720012664795,3814.9700889587402,-1431.2500762939453,-37.52,92,175
1191,Dairy_Butter_1191,2022-09-01,900.8999843597412,1441.4399795532227,-540.5399951934814,-37.50,91,156
1027,Snacks_Chips_1027,2022-05-01,701.8400068283081,1122.619999885559,-420.779993057251,-37.48,120,220
1143,Dairy_Cheese_1143,2023-05-01,1738.2099266052246,2779.610004425049,-1041.4000778198242,-37.47,101,181
1002,Dairy_Cream_1002,2025-04-01,1150.5699615478516,1839.7199602127075,-689.149998664856,-37.46,85,164
1026,Snacks_Biscuits_1026,2024-08-01,669.1800012588501,1069.8900089263916,-400.7100076675415,-37.45,125,199
1043,Electronics_Batteries_1043,2023-03-01,2302.7900199890137,3681.4000396728516,-1378.610019683838,-37.45,103,172
1001,Electronics_Chargers_1001,2022-06-01,15468.639770507812,24725.1396484375,-9256.499877929688,-37.44,94,159
1174,Electronics_Mobile Accessories_1174,2023-05-01,28661.150329589844,45785.6496887207,-17124.49935913086,-37.40,119,214
1177,Snacks_Chips_1177,2023-05-01,289.6799998283386,462.63000416755676,-172.95000433921814,-37.38,102,182
1169,Beverages_Soft Drinks_1169,2025-04-01,628.4700145721436,1003.3200168609619,-374.85000228881836,-37.36,105,196
1141,Beverages_Coffee_1141,2025-09-01,718.2499904632568,1146.1999917030334,-427.9500012397766,-37.34,85,145
1057,Beverages_Tea_1057,2023-05-01,3178.9200382232666,5071.430006027222,-1892.509967803955,-37.32,118,214
1179,Household_Cleaning Supplies_1179,2023-03-01,2912.76997756958,4647.249963760376,-1734.479986190796,-37.32,108,173
1137,Snacks_Nuts_1137,2022-02-01,977.7599902153015,1559.0399866104126,-581.2799963951111,-37.28,174,271
1129,Electronics_Chargers_1129,2024-09-01,13144.239685058594,20954.799591064453,-7810.559906005859,-37.27,86,148
1112,Household_Paper Products_1112,2023-03-01,1002.5200004577637,1598.2199687957764,-595.6999683380127,-37.27,106,169
1148,Household_Cleaning Supplies_1148,2024-05-01,5736.270065307617,9143.260078430176,-3406.9900131225586,-37.26,107,178
1036,Electronics_Mobile Accessories_1036,2024-02-01,13954.659790039062,22222.699768066406,-8268.039978027344,-37.21,175,274
1069,Grocery_Spices_1069,2025-10-01,2910.7999725341797,4634.299942016602,-1723.4999694824219,-37.19,76,121
1073,Electronics_Chargers_1073,2023-05-01,9871.159980773926,15715.32007598877,-5844.160095214844,-37.19,82,145
1118,Dairy_Milk_1118,2022-09-01,1516.8000259399414,2415.030038833618,-898.2300128936768,-37.19,64,109
1048,Snacks_Biscuits_1048,2025-09-01,1234.4299993515015,1965.0999603271484,-730.669960975647,-37.18,89,151
1125,Personal Care_Toothpaste_1125,2022-02-01,3856.9599781036377,6136.09001159668,-2279.130033493042,-37.14,168,269
1136,Personal Care_Shampoo_1136,2024-05-01,6149.580047607422,9779.150009155273,-3629.5699615478516,-37.12,102,175
1071,Grocery_Canned Goods_1071,2023-10-01,307.4399871826172,488.6099796295166,-181.1699924468994,-37.08,56,89
1034,Household_Cleaning Supplies_1034,2021-10-01,3223.3600311279297,5122.839996337891,-1899.479965209961,-37.08,56,89
1013,Grocery_Cereals_1013,2021-09-01,2636.6200637817383,4190.310012817383,-1553.6899490356445,-37.08,74,125
1083,Dairy_Cheese_1083,2024-09-01,1290.8400030136108,2051.280014038086,-760.4400110244751,-37.07,93,157
1040,Electronics_Mobile Accessories_1040,2021-06-01,9399.479934692383,14929.039772033691,-5529.559837341309,-37.04,111,196
1004,Beverages_Juices_1004,2022-05-01,3021.959970474243,4797.0199909210205,-1775.0600204467773,-37.00,128,221
1084,Household_Paper Products_1084,2022-03-01,5220.00993347168,8285.349960327148,-3065.3400268554688,-37.00,109,211
1108,Dairy_Butter_1108,2022-03-01,4167.919967651367,6615.590000152588,-2447.6700325012207,-37.00,106,196
1188,Grocery_Spices_1188,2021-06-01,2017.6199398040771,3202.4599437713623,-1184.8400039672852,-37.00,99,170
1115,Household_Paper Products_1115,2025-03-01,7269.320117950439,11533.140022277832,-4263.819904327393,-36.97,198,289
1076,Snacks_Chocolates_1076,2021-08-01,2614.3200397491455,4147.940050125122,-1533.6200103759766,-36.97,124,197
1005,Household_Paper Products_1005,2022-06-01,1663.800048828125,2637.2400550842285,-973.4400062561035,-36.91,94,152
1036,Electronics_Mobile Accessories_1036,2022-11-01,4008.680088043213,6353.080154418945,-2344.4000663757324,-36.90,49,71
1004,Beverages_Juices_1004,2021-06-01,3201.779960632324,5073.619987487793,-1871.8400268554688,-36.89,129,225
1047,Household_Detergent_1047,2022-09-01,3430.4500579833984,5434.63005065918,-2004.1799926757812,-36.88,95,158
1023,Personal Care_Toothpaste_1023,2021-03-01,6203.640045166016,9825.840160369873,-3622.2001152038574,-36.86,102,180
1151,Electronics_Cables_1151,2023-09-01,12274.779739379883,19439.550186157227,-7164.770446777344,-36.86,86,150
1009,Electronics_Batteries_1009,2023-09-01,8731.199890136719,13824.400047302246,-5093.200157165527,-36.84,96,172
1139,Dairy_Cream_1139,2021-06-01,3224.819869995117,5104.969944000244,-1880.150074005127,-36.83,142,261
1102,Snacks_Biscuits_1102,2022-11-01,1224.5400466918945,1938.600082397461,-714.0600357055664,-36.83,60,90
1170,Dairy_Yogurt_1170,2022-08-01,2521.9199752807617,3991.6399726867676,-1469.7199974060059,-36.82,127,198
1083,Dairy_Cheese_1083,2023-06-01,1263.0399990081787,1998.7200078964233,-735.6800088882446,-36.81,93,144
1192,Dairy_Milk_1192,2022-06-01,1801.5400123596191,2850.620002746582,-1049.079990386963,-36.80,82,131
1109,Electronics_Batteries_1109,2025-03-01,4260.959980010986,6741.059951782227,-2480.0999717712402,-36.79,148,204
1033,Household_Paper Products_1033,2021-08-01,4532.2399559021,7166.579967498779,-2634.3400115966797,-36.76,149,238
1129,Electronics_Chargers_1129,2023-05-01,17423.75958251953,27549.179481506348,-10125.419898986816,-36.75,114,206
1128,Grocery_Spices_1128,2024-02-01,4520.879892349243,7146.779819488525,-2625.899927139282,-36.74,189,298
1011,Personal Care_Shampoo_1011,2022-09-01,1812.9300556182861,2865.7500438690186,-1052.8199882507324,-36.74,89,151
1090,Dairy_Cheese_1090,2023-03-01,3968.170082092285,6272.200035095215,-2304.0299530029297,-36.73,116,188
1134,Household_Paper Products_1134,2022-02-01,1828.8000144958496,2890.16001701355,-1061.3600025177002,-36.72,154,240
1163,Household_Paper Products_1163,2025-09-01,3626.8299407958984,5731.78995513916,-2104.9600143432617,-36.72,97,163
1176,Snacks_Chocolates_1176,2021-03-01,778.6199913024902,1230.339997291565,-451.7200059890747,-36.72,114,200
1087,Snacks_Crackers_1087,2022-02-01,1518.4400010108948,2398.7399911880493,-880.2999901771545,-36.70,188,305
1036,Electronics_Mobile Accessories_1036,2025-10-01,5100.360153198242,8053.200225830078,-2952.840072631836,-36.67,57,90
1048,Snacks_Biscuits_1048,2021-06-01,1858.5799980163574,2934.0199813842773,-1075.43998336792,-36.65,134,236
1187,Personal Care_Skincare_1187,2021-06-01,7777.149887084961,12275.589893341064,-4498.4400062561035,-36.65,109,194
1157,Household_Cleaning Supplies_1157,2022-03-01,1316.7000064849854,2077.230004310608,-760.5299978256226,-36.61,90,165
1088,Household_Cleaning Supplies_1088,2021-06-01,2666.159980773926,4205.579993247986,-1539.42001247406,-36.60,126,225
1026,Snacks_Biscuits_1026,2023-03-01,712.4999957084656,1123.8200216293335,-411.3200259208679,-36.60,135,221
1194,Dairy_Butter_1194,2024-09-01,828.1799974441528,1306.049991607666,-477.8699941635132,-36.59,86,143
1128,Grocery_Spices_1128,2021-09-01,2179.5599784851074,3436.699960708618,-1257.1399822235107,-36.58,82,134
1018,Personal Care_Deodorant_1018,2021-06-01,7281.119941711426,11478.799877166748,-4197.679935455322,-36.57,132,229
1029,Grocery_Canned Goods_1029,2021-06-01,3208.4999389648438,5055.019916534424,-1846.51997756958,-36.53,115,209
1080,Snacks_Chips_1080,2022-06-01,2136,3365.340000152588,-1229.340000152588,-36.53,96,154
1134,Household_Paper Products_1134,2021-11-01,904.4800052642822,1424.4900169372559,-520.0100116729736,-36.50,66,103
1082,Household_Detergent_1082,2021-09-01,3349.4999618530273,5274.069927215576,-1924.5699653625488,-36.49,75,125
1021,Grocery_Canned Goods_1021,2024-02-01,5125.1399784088135,8070.38995552063,-2945.2499771118164,-36.49,198,309
1138,Household_Cleaning Supplies_1138,2023-11-01,3468.6799087524414,5461.039855957031,-1992.3599472045898,-36.48,76,118
1022,Household_Cleaning Supplies_1022,2021-06-01,5372.36003112793,8453.600044250488,-3081.2400131225586,-36.45,98,172
1062,Personal Care_Deodorant_1062,2023-05-01,2976.3600311279297,4683.099966049194,-1706.7399349212646,-36.44,102,175
1132,Dairy_Butter_1132,2021-03-01,4104.039855957031,6454.879861831665,-2350.840005874634,-36.42,118,200
1176,Snacks_Chocolates_1176,2021-06-01,799.1099910736084,1256.7999868392944,-457.68999576568604,-36.42,117,204
1182,Beverages_Tea_1182,2023-08-01,1831.4200172424316,2880.260033607483,-1048.8400163650513,-36.41,151,233
1191,Dairy_Butter_1191,2023-05-01,1039.4999752044678,1634.0099987983704,-594.5100235939026,-36.38,105,184
1009,Electronics_Batteries_1009,2025-04-01,8421.929908752441,13232.799922943115,-4810.870014190674,-36.36,95,171
1015,Dairy_Cream_1015,2022-03-01,2197.5299491882324,3452.5399799346924,-1255.01003074646,-36.35,81,152
1100,Electronics_Mobile Accessories_1100,2022-05-01,2449.2599487304688,3847.2300338745117,-1397.970085144043,-36.34,136,248
1051,Electronics_Cables_1051,2022-05-01,9471.689903259277,14876.119750976562,-5404.429847717285,-36.33,135,244
1142,Electronics_Mobile Accessories_1142,2024-06-01,1354.4600076675415,2127.040009498596,-772.5800018310547,-36.32,92,136
1141,Beverages_Coffee_1141,2024-04-01,788.7400031089783,1238.1400079727173,-449.400004863739,-36.30,100,159
1130,Snacks_Nuts_1130,2022-06-01,1702.8600616455078,2672.1400756835938,-969.2800140380859,-36.27,101,167
1069,Grocery_Spices_1069,2022-03-01,3485.2999877929688,5466.780025482178,-1981.480037689209,-36.25,91,170
1095,Snacks_Chocolates_1095,2022-05-01,2468.5599756240845,3870.199926376343,-1401.6399507522583,-36.22,121,214
1096,Electronics_Mobile Accessories_1096,2021-06-01,13368.220008850098,20958.800079345703,-7590.5800704956055,-36.22,118,202
1054,Snacks_Chips_1054,2024-11-01,672.9499855041504,1055.0199737548828,-382.0699882507324,-36.21,70,107
1006,Beverages_Coffee_1006,2022-05-01,1599.5399951934814,2507.5599784851074,-908.019983291626,-36.21,129,232
1157,Household_Cleaning Supplies_1157,2024-03-01,2145.1899881362915,3361.849997520447,-1216.6600093841553,-36.19,161,250
1152,Personal Care_Toothpaste_1152,2023-03-01,4854.520008087158,7608.310104370117,-2753.790096282959,-36.19,98,152
1161,Electronics_Batteries_1161,2023-11-01,5802.740127563477,9092.600234985352,-3289.860107421875,-36.18,73,110
1146,Snacks_Chocolates_1146,2021-06-01,2394.2200508117676,3750.760027885437,-1356.5399770736694,-36.17,118,213
1068,Electronics_Chargers_1068,2025-04-01,10887.75961303711,17058.689514160156,-6170.929901123047,-36.17,119,225
1040,Electronics_Mobile Accessories_1040,2023-03-01,9365.519920349121,14666.88020324707,-5301.360282897949,-36.15,115,196
1035,Electronics_Batteries_1035,2023-06-01,23507.36050415039,36807.000732421875,-13299.640228271484,-36.13,98,150
1004,Beverages_Juices_1004,2021-03-01,2779.8399658203125,4352.579984664917,-1572.7400188446045,-36.13,112,195
1079,Beverages_Juices_1079,2022-03-01,556.3999900817871,871.0000004768372,-314.60001039505005,-36.12,107,200
1063,Snacks_Chocolates_1063,2024-09-01,1767.9799461364746,2767.3599853515625,-999.3800392150879,-36.11,109,182
1124,Dairy_Cheese_1124,2025-04-01,2555.6600608825684,3998.310064315796,-1442.6500034332275,-36.08,110,211
1007,Personal Care_Shampoo_1007,2024-02-01,11709.819869995117,18308.01988220215,-6598.200012207031,-36.04,196,295
1045,Electronics_Cables_1045,2023-02-01,25396.800079345703,39673.26037597656,-14276.46029663086,-35.99,198,312
1175,Household_Trash Bags_1175,2022-03-01,6522.560070037842,10187.76014328003,-3665.2000732421875,-35.98,109,194
1012,Beverages_Juices_1012,2023-05-01,1621.500020980835,2531.7000122070312,-910.1999912261963,-35.95,115,201
1147,Snacks_Crackers_1147,2021-06-01,2509.5399990081787,3918.0900230407715,-1408.5500240325928,-35.95,121,211
1011,Personal Care_Shampoo_1011,2024-04-01,2261.0100269317627,3529.7700481414795,-1268.7600212097168,-35.94,117,185
1040,Electronics_Mobile Accessories_1040,2024-03-01,9099.020095825195,14201.040023803711,-5102.019927978516,-35.93,119,183
1061,Personal Care_Skincare_1061,2025-02-01,8172.870063781738,12755.760154724121,-4582.890090942383,-35.93,167,258
1080,Snacks_Chips_1080,2022-03-01,2291.75,3577.0000076293945,-1285.2500076293945,-35.93,103,192
1062,Personal Care_Deodorant_1062,2024-04-01,2131.520004272461,3326.3400077819824,-1194.8200035095215,-35.92,77,123
1171,Personal Care_Toothpaste_1171,2022-05-01,4573.219917297363,7135.699996948242,-2562.480079650879,-35.91,116,200
1199,Electronics_Cables_1199,2025-10-01,17241.74981689453,26897.129821777344,-9655.380004882812,-35.90,75,117
1090,Dairy_Cheese_1090,2023-02-01,6272.200035095215,9785.580060958862,-3513.3800258636475,-35.90,188,293
1107,Electronics_Mobile Accessories_1107,2023-03-01,17524.050018310547,27330.450103759766,-9806.400085449219,-35.88,115,185
1153,Electronics_Batteries_1153,2023-05-01,14946.96011352539,23304.700119018555,-8357.740005493164,-35.86,93,163
1179,Household_Cleaning Supplies_1179,2021-06-01,3806.879970550537,5933.779912948608,-2126.8999423980713,-35.84,132,233
1128,Grocery_Spices_1128,2021-08-01,3436.699960708618,5355.5999755859375,-1918.9000148773193,-35.83,134,215
1061,Personal Care_Skincare_1061,2024-04-01,6291.760005950928,9803.610092163086,-3511.850086212158,-35.82,127,197
1009,Electronics_Batteries_1009,2024-02-01,14283.929702758789,22251.289627075195,-7967.359924316406,-35.81,171,267
1153,Electronics_Batteries_1153,2024-05-01,16393.44012451172,25530.370025634766,-9136.929901123047,-35.79,102,167
1126,Beverages_Soft Drinks_1126,2023-03-01,2934.9400386810303,4570.139923095703,-1635.1998844146729,-35.78,125,196
1180,Grocery_Spices_1180,2023-11-01,587.9999904632568,915.5999851226807,-327.5999946594238,-35.78,77,109
1041,Snacks_Nuts_1041,2024-11-01,857.2399978637695,1334.7200012207031,-477.4800033569336,-35.77,63,97
1052,Snacks_Crackers_1052,2024-03-01,2036.7600402832031,3171.1200637817383,-1134.3600234985352,-35.77,132,209
1038,Electronics_Cables_1038,2022-06-01,9630.159881591797,14991.279838562012,-5361.119956970215,-35.76,97,159
1177,Snacks_Chips_1177,2022-06-01,241.4000005722046,375.5899991989136,-134.18999862670898,-35.73,85,135
1149,Electronics_Chargers_1149,2021-06-01,12533.180145263672,19493.199821472168,-6960.019676208496,-35.70,121,216
1110,Grocery_Canned Goods_1110,2022-09-01,1435.9799880981445,2233.1999855041504,-797.2199974060059,-35.70,78,128
1103,Dairy_Milk_1103,2022-06-01,3838.9999389648438,5969.579933166504,-2130.57999420166,-35.69,100,162
1035,Electronics_Batteries_1035,2024-02-01,40990.450622558594,63736.930908203125,-22746.48028564453,-35.69,181,286
1198,Dairy_Cheese_1198,2025-04-01,1865.520004272461,2899.6199684143066,-1034.0999641418457,-35.66,72,141
1191,Dairy_Butter_1191,2025-03-01,1638.4500126838684,2546.6800022125244,-908.229989528656,-35.66,203,284
1124,Dairy_Cheese_1124,2021-06-01,3259.560085296631,5062.220027923584,-1802.6599426269531,-35.61,138,237
1119,Grocery_Pasta_1119,2022-09-01,3715.2099685668945,5767.319953918457,-2052.1099853515625,-35.58,103,169
1087,Snacks_Crackers_1087,2024-03-01,1197.4800128936768,1858.5300178527832,-661.0500049591064,-35.57,137,219
1155,Electronics_Mobile Accessories_1155,2024-03-01,2909.309976577759,4514.500009536743,-1605.1900329589844,-35.56,136,218
1158,Snacks_Crackers_1158,2024-09-01,661.5699920654297,1026.2900009155273,-364.72000885009766,-35.54,91,149
1192,Dairy_Milk_1192,2024-05-01,1977.2999897003174,3066.889995574951,-1089.5900058746338,-35.53,90,150
1172,Electronics_Chargers_1172,2021-06-01,12366.049865722656,19178.869918823242,-6812.820053100586,-35.52,109,187
1005,Household_Paper Products_1005,2024-03-01,2329.7599925994873,3612.039966583252,-1282.2799739837646,-35.50,145,220
1005,Household_Paper Products_1005,2022-09-01,1628.4000358581543,2522.2500381469727,-893.8500022888184,-35.44,92,151
1146,Snacks_Chocolates_1146,2022-05-01,2201.5000534057617,3408.9800186157227,-1207.479965209961,-35.42,112,194
1181,Personal Care_Soap_1181,2025-09-01,3590.7300567626953,5559.940032958984,-1969.209976196289,-35.42,93,154
1142,Electronics_Mobile Accessories_1142,2023-03-01,2367.8099756240845,3665.5199251174927,-1297.7099494934082,-35.40,160,253
1057,Beverages_Tea_1057,2023-03-01,2462.240015029907,3810.719976425171,-1348.4799613952637,-35.39,99,150
1153,Electronics_Batteries_1153,2022-06-01,13661.200103759766,21134.680168151855,-7473.48006439209,-35.36,85,141
1151,Electronics_Cables_1151,2024-03-01,22151.659698486328,34269.38951873779,-12117.729820251465,-35.36,166,265
1199,Electronics_Cables_1199,2023-09-01,19080.86979675293,29517.70945739746,-10436.839660644531,-35.36,83,145
1190,Dairy_Milk_1190,2024-03-01,3006.519973754883,4650.519952774048,-1643.999979019165,-35.35,158,254
1156,Personal Care_Soap_1156,2025-02-01,6376.080081939697,9857.860137939453,-3481.780055999756,-35.32,204,319
1073,Electronics_Chargers_1073,2022-11-01,8878.070068359375,13723.319961547852,-4845.249893188477,-35.31,79,114
1117,Snacks_Crackers_1117,2022-05-01,1207.7999658584595,1866.8799715042114,-659.080005645752,-35.30,126,220
1091,Dairy_Butter_1091,2023-05-01,943.9199752807617,1458.6999788284302,-514.7800035476685,-35.29,108,190
1005,Household_Paper Products_1005,2021-10-01,973.5000152587891,1504.5000495910645,-531.0000343322754,-35.29,55,85
1025,Household_Detergent_1025,2025-02-01,1275.599983215332,1971.119987487793,-695.5200042724609,-35.29,166,260
1163,Household_Paper Products_1163,2023-09-01,3552.0499420166016,5488.630031585693,-1936.5800895690918,-35.28,95,169
1171,Personal Care_Toothpaste_1171,2024-11-01,2939.8499488830566,4542.029891967773,-1602.1799430847168,-35.27,73,109
1186,Dairy_Yogurt_1186,2021-06-01,687.9599952697754,1062.5899834632874,-374.62998819351196,-35.26,126,216
1147,Snacks_Crackers_1147,2025-02-01,3203.4099559783936,4947.689939498901,-1744.2799835205078,-35.25,172,263
1191,Dairy_Butter_1191,2023-02-01,1707.939992904663,2636.799982070923,-928.8599891662598,-35.23,193,294
1004,Beverages_Juices_1004,2025-03-01,3955.7000484466553,6105.0399742126465,-2149.339925765991,-35.21,205,274
1045,Electronics_Cables_1045,2024-06-01,13909.23040008545,21463.920791625977,-7554.690391540527,-35.20,103,152
1190,Dairy_Milk_1190,2021-09-01,1681.5800037384033,2594.9099674224854,-913.329963684082,-35.20,83,138
1141,Beverages_Coffee_1141,2023-02-01,1293.7700119018555,1996.3900175094604,-702.620005607605,-35.19,174,257
1063,Snacks_Chocolates_1063,2024-05-01,1265.1599731445312,1951.4199523925781,-686.2599792480469,-35.17,78,128
1013,Grocery_Cereals_1013,2025-02-01,5412.620056152344,8347.070087432861,-2934.4500312805176,-35.16,166,259
1019,Electronics_Cables_1019,2025-10-01,12923.460083007812,19914.840118408203,-6991.380035400391,-35.11,61,94
1021,Grocery_Canned Goods_1021,2023-05-01,2854.1699752807617,4397.599966049194,-1543.4299907684326,-35.10,99,177
1134,Household_Paper Products_1134,2021-06-01,1728.750005722046,2663.3600177764893,-934.6100120544434,-35.09,125,218
1110,Grocery_Canned Goods_1110,2025-03-01,2307.1299810409546,3554.2499923706055,-1247.1200113296509,-35.09,161,213
1088,Household_Cleaning Supplies_1088,2022-09-01,2010.1999855041504,3095.2399978637695,-1085.0400123596191,-35.06,95,158
1020,Beverages_Juices_1020,2024-05-01,1065.7199983596802,1641.0199823379517,-575.2999839782715,-35.06,107,171
1008,Personal Care_Shampoo_1008,2024-10-01,2768.219970703125,4262.179981231689,-1493.9600105285645,-35.05,63,97
1032,Snacks_Chocolates_1032,2025-02-01,2379.0599699020386,3661.739960670471,-1282.6799907684326,-35.03,174,264
1074,Personal Care_Skincare_1074,2024-03-01,10547.409900665283,16228.489879608154,-5681.079978942871,-35.01,183,287
1029,Grocery_Canned Goods_1029,2023-06-01,2321.2799530029297,3571.199926376343,-1249.919973373413,-35.00,84,128
1008,Personal Care_Shampoo_1008,2024-09-01,4262.179981231689,6556.319980621338,-2294.1399993896484,-34.99,97,161
1194,Dairy_Butter_1194,2021-03-01,1097.8200025558472,1688.6699905395508,-590.8499879837036,-34.99,114,193
1094,Grocery_Rice_1094,2021-06-01,2867,4408.340017318726,-1541.3400173187256,-34.96,122,204
1099,Personal Care_Toothpaste_1099,2023-05-01,5133.520038604736,7892.000022888184,-2758.4799842834473,-34.95,103,177
1026,Snacks_Biscuits_1026,2024-03-01,686.1800060272217,1054.860013961792,-368.6800079345703,-34.95,132,200
1054,Snacks_Chips_1054,2022-09-01,887.399974822998,1364.119987487793,-476.7200126647949,-34.95,90,151
1126,Beverages_Soft Drinks_1126,2021-02-01,4538.139976501465,6975.479942321777,-2437.3399658203125,-34.94,191,295
1159,Electronics_Batteries_1159,2024-04-01,21351.839920043945,32820.33955383301,-11468.499633789062,-34.94,126,199
1054,Snacks_Chips_1054,2023-05-01,1074.739974975586,1651.3099880218506,-576.5700130462646,-34.92,109,189
1055,Dairy_Butter_1055,2021-10-01,768.6600093841553,1180.8400020599365,-412.17999267578125,-34.91,69,106
1061,Personal Care_Skincare_1061,2024-02-01,8299.32007598877,12747.690139770508,-4448.370063781738,-34.90,168,258
1138,Household_Cleaning Supplies_1138,2024-08-01,5895.959915161133,9056.769874572754,-3160.809959411621,-34.90,133,207
1009,Electronics_Batteries_1009,2024-11-01,5329.679885864258,8185.499908447266,-2855.820022583008,-34.89,60,90
1110,Grocery_Canned Goods_1110,2022-02-01,3042.4900436401367,4671.960066795349,-1629.4700231552124,-34.88,189,296
1039,Beverages_Soft Drinks_1039,2021-08-01,3145.569984436035,4827.179977416992,-1681.609992980957,-34.84,131,201
1131,Snacks_Crackers_1131,2021-06-01,2699.049961090088,4141.159994125366,-1442.1100330352783,-34.82,115,197
1160,Snacks_Nuts_1160,2023-05-01,587.0999979972839,900.7600049972534,-313.6600069999695,-34.82,95,170
1096,Electronics_Mobile Accessories_1096,2021-11-01,7533.740013122559,11555.580017089844,-4021.840003967285,-34.80,71,102
1111,Snacks_Nuts_1111,2022-02-01,1993.9000186920166,3055.2200136184692,-1061.3199949264526,-34.74,182,277
1164,Electronics_Cables_1164,2022-06-01,18250.320053100586,27964.200119018555,-9713.880065917969,-34.74,93,146
1063,Snacks_Chocolates_1063,2023-03-01,1755.1799602508545,2689.5999431610107,-934.4199829101562,-34.74,117,182
1172,Electronics_Chargers_1172,2025-03-01,15485.550064086914,23727.720092773438,-8242.170028686523,-34.74,159,230
1066,Household_Cleaning Supplies_1066,2023-03-01,5346.179901123047,8188.539958953857,-2842.3600578308105,-34.71,117,178
1043,Electronics_Batteries_1043,2025-08-01,3261.500015258789,4994.149993896484,-1732.6499786376953,-34.69,147,227
1132,Dairy_Butter_1132,2021-06-01,4695.299835205078,7186.919786453247,-2491.619951248169,-34.67,135,225
1104,Grocery_Pasta_1104,2024-05-01,2302.080072402954,3523.7900428771973,-1221.7099704742432,-34.67,109,179
1015,Dairy_Cream_1015,2024-02-01,3971.77996635437,6078.39994430542,-2106.61997795105,-34.66,162,247
1054,Snacks_Chips_1054,2022-08-01,1364.119987487793,2086.939968109131,-722.8199806213379,-34.64,151,226
1054,Snacks_Chips_1054,2023-03-01,1169.4899806976318,1788.9799938201904,-619.4900131225586,-34.63,128,199
1043,Electronics_Batteries_1043,2021-06-01,2204.3000526428223,3371.05002784729,-1166.7499752044678,-34.61,94,160
1089,Electronics_Mobile Accessories_1089,2021-06-01,7716.149795532227,11798.379890441895,-4082.230094909668,-34.60,117,188
1063,Snacks_Chocolates_1063,2025-04-01,1417.6199588775635,2166.639986038208,-749.0200271606445,-34.57,88,160
1188,Grocery_Spices_1188,2023-03-01,2249.779947280884,3436.8199424743652,-1187.0399951934814,-34.54,119,182
1140,Personal Care_Shampoo_1140,2024-03-01,4597.599998474121,7020.9200439453125,-2423.3200454711914,-34.52,138,214
1200,Beverages_Juices_1200,2022-05-01,850.1799802780151,1297.990002632141,-447.810022354126,-34.50,120,208
1136,Personal Care_Shampoo_1136,2023-09-01,5727.549987792969,8741.880031585693,-3014.3300437927246,-34.48,95,162
1098,Electronics_Mobile Accessories_1098,2022-11-01,6512.009963989258,9938.8798828125,-3426.869918823242,-34.48,65,96
1074,Personal Care_Skincare_1074,2025-06-01,5420.919860839844,8272.439758300781,-2851.5198974609375,-34.47,90,132
1144,Household_Detergent_1144,2021-09-01,1113.4200134277344,1698.7900190353394,-585.370005607605,-34.46,77,124
1060,Household_Detergent_1060,2023-02-01,5315.910049438477,8108.980049133301,-2793.069999694824,-34.44,156,233
1198,Dairy_Cheese_1198,2025-03-01,2899.6199684143066,4422.48002243042,-1522.8600540161133,-34.43,141,186
1152,Personal Care_Toothpaste_1152,2023-06-01,5447.939918518066,8306.760051727295,-2858.8201332092285,-34.42,101,154
1099,Personal Care_Toothpaste_1099,2021-06-01,7127.120063781738,10867.550064086914,-3740.430000305176,-34.42,143,241
1094,Grocery_Rice_1094,2022-08-01,3341.699993133545,5095.959997177124,-1754.260004043579,-34.42,153,230
1021,Grocery_Canned Goods_1021,2022-06-01,2335.2299728393555,3560.4199810028076,-1225.1900081634521,-34.41,81,132
1165,Personal Care_Skincare_1165,2023-06-01,1577.7599487304688,2404.699951171875,-826.9400024414062,-34.39,92,139
1033,Household_Paper Products_1033,2022-05-01,2879.0499229431152,4387.509931564331,-1508.4600086212158,-34.38,91,160
1096,Electronics_Mobile Accessories_1096,2024-03-01,17384.62006378174,26476.230041503906,-9091.609977722168,-34.34,165,249
1050,Snacks_Chips_1050,2025-09-01,1659.1200141906738,2526.5199966430664,-867.3999824523926,-34.33,93,151
1092,Household_Detergent_1092,2022-05-01,3439.140022277832,5235.979921340942,-1796.8398990631104,-34.32,126,217
1143,Dairy_Cheese_1143,2025-02-01,2906.909999847412,4424.970006942749,-1518.060007095337,-34.31,183,285
1178,Beverages_Soft Drinks_1178,2023-02-01,3309.8099994659424,5038.309999465942,-1728.5,-34.31,154,231
1036,Electronics_Mobile Accessories_1036,2023-11-01,7113.640155792236,10827.080322265625,-3713.4401664733887,-34.30,83,121
1064,Snacks_Biscuits_1064,2024-06-01,1463.9200239181519,2227.6800384521484,-763.7600145339966,-34.28,84,126
1172,Electronics_Chargers_1172,2025-04-01,10176.409881591797,15485.550064086914,-5309.140182495117,-34.28,93,159
1083,Dairy_Cheese_1083,2024-05-01,1346.3600006103516,2048.0600156784058,-701.7000150680542,-34.26,97,157
1058,Personal Care_Soap_1058,2021-06-01,5273.190040588379,8020.0800857543945,-2746.8900451660156,-34.25,117,202
1102,Snacks_Biscuits_1102,2024-02-01,3013.540054321289,4580.6300621032715,-1567.0900077819824,-34.21,154,235
1075,Snacks_Crackers_1075,2023-05-01,1577.6599960327148,2397.6299715042114,-819.9699754714966,-34.20,118,201
1176,Snacks_Chocolates_1176,2025-02-01,973.6800003051758,1479.6799960136414,-505.9999957084656,-34.20,156,238
1177,Snacks_Chips_1177,2023-09-01,315.2399983406067,479.10999941825867,-163.87000107765198,-34.20,111,197
1163,Household_Paper Products_1163,2024-06-01,3888.5299434661865,5907.619903564453,-2019.0899600982666,-34.18,107,158
1061,Personal Care_Skincare_1061,2023-09-01,3713.5800170898438,5640.60001373291,-1927.0199966430664,-34.16,69,118
1177,Snacks_Chips_1177,2024-03-01,375.1599991321564,569.6000082492828,-194.44000911712646,-34.14,143,226
1189,Electronics_Batteries_1189,2021-09-01,6785.129852294922,10302.390190124512,-3517.26033782959,-34.14,87,141
1006,Beverages_Coffee_1006,2023-05-01,1312.4799976348877,1992.4000053405762,-679.9200077056885,-34.13,104,178
1166,Grocery_Spices_1166,2024-04-01,5607.640045166016,8512.440116882324,-2904.8000717163086,-34.12,120,187
1184,Snacks_Chocolates_1184,2021-10-01,1254.9600067138672,1904.8500289916992,-649.890022277832,-34.12,56,85
1005,Household_Paper Products_1005,2023-06-01,1702.740047454834,2584.200050354004,-881.4600028991699,-34.11,98,146
1057,Beverages_Tea_1057,2024-03-01,3253.059976577759,4936.879934310913,-1683.8199577331543,-34.11,129,202
1045,Electronics_Cables_1045,2022-02-01,26124.12042236328,39645.160583496094,-13521.040161132812,-34.11,212,326
1195,Snacks_Chocolates_1195,2021-09-01,2050.1599884033203,3110.92999458313,-1060.7700061798096,-34.10,98,155
1099,Personal Care_Toothpaste_1099,2023-02-01,7660.000091552734,11622.160171508789,-3962.1600799560547,-34.09,169,253
1138,Household_Cleaning Supplies_1138,2024-09-01,3887.5198974609375,5895.959915161133,-2008.4400177001953,-34.06,84,133
1033,Household_Paper Products_1033,2021-06-01,3243.999900817871,4919.489923477173,-1675.4900226593018,-34.06,100,168
1138,Household_Cleaning Supplies_1138,2023-02-01,7192.119846343994,10906.219814300537,-3714.099967956543,-34.05,171,261
1185,Personal Care_Toothpaste_1185,2021-11-01,3931.3699645996094,5959.02995300293,-2027.6599884033203,-34.03,55,77
1178,Beverages_Soft Drinks_1178,2024-09-01,2082.7800254821777,3155.6600017547607,-1072.879976272583,-34.00,87,141
1161,Electronics_Batteries_1161,2024-05-01,8183.3402099609375,12398.990188598633,-4215.649978637695,-34.00,99,157
1140,Personal Care_Shampoo_1140,2022-06-01,3226.4999465942383,4884.59992980957,-1658.099983215332,-33.95,90,140
1035,Electronics_Batteries_1035,2021-03-01,26010.280517578125,39358.64074707031,-13348.360229492188,-33.91,106,176
1082,Household_Detergent_1082,2025-10-01,3394.1599464416504,5135.89994430542,-1741.7399978637695,-33.91,76,115
1030,Dairy_Cream_1030,2025-02-01,3339.9100189208984,5050.960021972656,-1711.0500030517578,-33.88,161,252
1027,Snacks_Chips_1027,2023-09-01,840.9500102996826,1271.710021018982,-430.7600107192993,-33.87,139,236
1060,Household_Detergent_1060,2021-08-01,5143.640029907227,7777.880073547363,-2634.2400436401367,-33.87,142,218
1145,Household_Trash Bags_1145,2024-03-01,1823.200005531311,2756.559986114502,-933.3599805831909,-33.86,172,262
1123,Beverages_Water_1123,2025-04-01,887.6399784088135,1342.0699710845947,-454.42999267578125,-33.86,97,161
1112,Household_Paper Products_1112,2021-06-01,1276.7399978637695,1929.8600158691406,-653.1200180053711,-33.84,123,201
1086,Grocery_Rice_1086,2025-04-01,1492.4200296401978,2255.840043067932,-763.4200134277344,-33.84,103,172
1118,Dairy_Milk_1118,2022-12-01,1531.0200309753418,2311.900053024292,-780.8800220489502,-33.78,65,100
1119,Grocery_Pasta_1119,2023-05-01,3570.9299697875977,5389.250057220459,-1818.3200874328613,-33.74,99,172
1059,Electronics_Cables_1059,2023-05-01,2038.0799560546875,3075.8099575042725,-1037.730001449585,-33.74,96,168
1050,Snacks_Chips_1050,2022-02-01,2533.2800121307373,3822.2200088500977,-1288.9399967193604,-33.72,168,252
1193,Beverages_Tea_1193,2021-09-01,1262.170002937317,1904.0899620056152,-641.9199590682983,-33.71,91,146
1004,Beverages_Juices_1004,2024-03-01,3384.4199867248535,5103.399980545044,-1718.9799938201904,-33.68,147,226
1030,Dairy_Cream_1030,2024-11-01,1432.6000595092773,2159.9200897216797,-727.3200302124023,-33.67,65,98
1116,Personal Care_Skincare_1116,2024-03-01,11276.44009399414,16998.640174865723,-5722.200080871582,-33.66,158,238
1177,Snacks_Chips_1177,2021-06-01,301.0399980545044,453.7999999523163,-152.7600018978119,-33.66,106,170
1128,Grocery_Spices_1128,2024-09-01,2578.2599754333496,3885.8199825286865,-1307.560007095337,-33.65,97,155
1064,Snacks_Biscuits_1064,2021-06-01,2156.9600372314453,3250.380044937134,-1093.4200077056885,-33.64,122,202
1023,Personal Care_Toothpaste_1023,2022-02-01,9701.32007598877,14612.86009979248,-4911.540023803711,-33.61,186,283
1019,Electronics_Cables_1019,2024-03-01,26884.960342407227,40496.92028808594,-13611.959945678711,-33.61,138,209
1047,Household_Detergent_1047,2025-09-01,3322.1200561523438,5001.310043334961,-1679.1899871826172,-33.58,92,146
1112,Household_Paper Products_1112,2022-06-01,923.8200044631958,1390.8000073432922,-466.98000288009644,-33.58,89,140
1145,Household_Trash Bags_1145,2025-04-01,1110.4600143432617,1670.6200094223022,-560.1599950790405,-33.53,99,183
1032,Snacks_Chocolates_1032,2024-04-01,1742.0099897384644,2620.7299766540527,-878.7199869155884,-33.53,121,185
1136,Personal Care_Shampoo_1136,2024-09-01,5606.970024108887,8434.479919433594,-2827.509895324707,-33.52,93,149
1112,Household_Paper Products_1112,2022-02-01,1668.0400295257568,2508.5200238227844,-840.4799942970276,-33.51,188,284
1091,Dairy_Butter_1091,2024-04-01,796.2399849891663,1197.0099964141846,-400.7700114250183,-33.48,95,147
1193,Beverages_Tea_1193,2021-08-01,1904.0899620056152,2862.2699518203735,-958.1799898147583,-33.48,146,224
1047,Household_Detergent_1047,2022-05-01,4613.000045776367,6932.820007324219,-2319.8199615478516,-33.46,133,222
1032,Snacks_Chocolates_1032,2023-09-01,1273.4399871826172,1913.3900032043457,-639.9500160217285,-33.45,84,146
1155,Electronics_Mobile Accessories_1155,2023-05-01,2516.799928665161,3781.799970626831,-1265.00004196167,-33.45,110,182
1007,Personal Care_Shampoo_1007,2024-09-01,6524.220115661621,9799.489906311035,-3275.269790649414,-33.42,97,153
1130,Snacks_Nuts_1130,2022-09-01,1719.7200622558594,2582.5200157165527,-862.7999534606934,-33.41,102,164
1182,Beverages_Tea_1182,2024-09-01,1289.8400421142578,1936.2800188064575,-646.4399766921997,-33.39,92,144
1148,Household_Cleaning Supplies_1148,2024-09-01,5253.780059814453,7886.119979858398,-2632.3399200439453,-33.38,98,156
1068,Electronics_Chargers_1068,2021-06-01,11410.799560546875,17125.79970550537,-5715.000144958496,-33.37,120,200
1025,Household_Detergent_1025,2021-06-01,1000.6399631500244,1501.3599739074707,-500.7200107574463,-33.35,118,207
1096,Electronics_Mobile Accessories_1096,2023-02-01,17713.28005218506,26572.600090026855,-8859.320037841797,-33.34,173,253
1128,Grocery_Spices_1128,2022-10-01,1488.4799880981445,2232.719980239868,-744.2399921417236,-33.33,56,84
1019,Electronics_Cables_1019,2024-10-01,15253.920104980469,22880.88023376465,-7626.96012878418,-33.33,72,108
1169,Beverages_Soft Drinks_1169,2023-05-01,596.8200149536133,895.1300106048584,-298.3099956512451,-33.33,98,165
1136,Personal Care_Shampoo_1136,2021-06-01,8983.210037231445,13468.91012954712,-4485.700092315674,-33.30,149,243
1198,Dairy_Cheese_1198,2024-02-01,5072.72998046875,7602.670051574707,-2529.940071105957,-33.28,215,320
1127,Grocery_Rice_1127,2024-03-01,2945.3400478363037,4408.290079116821,-1462.9500312805176,-33.19,156,233
1081,Snacks_Nuts_1081,2023-03-01,1199.250015258789,1795.0900239944458,-595.8400087356567,-33.19,129,196
1054,Snacks_Chips_1054,2022-02-01,1822.299997329712,2727.340012073517,-905.0400147438049,-33.18,218,329
1042,Grocery_Canned Goods_1042,2024-03-01,6440.620067596436,9639.320083618164,-3198.7000160217285,-33.18,152,236
1088,Household_Cleaning Supplies_1088,2025-02-01,3427.2099933624268,5128.730005264282,-1701.5200119018555,-33.18,175,265
1149,Electronics_Chargers_1149,2022-05-01,10953.520050048828,16390.9599609375,-5437.439910888672,-33.17,109,187
1117,Snacks_Crackers_1117,2021-06-01,1312.0799551010132,1962.899959564209,-650.8200044631958,-33.16,132,217
1197,Electronics_Mobile Accessories_1197,2024-06-01,1856.5200128555298,2777.640031814575,-921.1200189590454,-33.16,111,158
1098,Electronics_Mobile Accessories_1098,2025-09-01,8178.869903564453,12227.040130615234,-4048.1702270507812,-33.11,79,123
1031,Snacks_Chips_1031,2024-08-01,1761.9600143432617,2633.7300205230713,-871.7700061798096,-33.10,122,184
1058,Personal Care_Soap_1058,2023-02-01,5498.5800857543945,8218.570182800293,-2719.9900970458984,-33.10,134,199
1046,Household_Paper Products_1046,2025-08-01,7244.570041656494,10829.080066680908,-3584.510025024414,-33.10,133,194
1064,Snacks_Biscuits_1064,2022-11-01,1076.7000179290771,1608.880027770996,-532.180009841919,-33.08,63,91
1110,Grocery_Canned Goods_1110,2021-06-01,2209.199981689453,3301.2200231552124,-1092.0200414657593,-33.08,120,210
1120,Grocery_Cereals_1120,2024-02-01,9793.580238342285,14630.070369720459,-4836.490131378174,-33.06,234,347
1178,Beverages_Soft Drinks_1178,2023-05-01,2777.0400409698486,4148.670000076294,-1371.6299591064453,-33.06,116,191
1097,Snacks_Crackers_1097,2021-06-01,276.6599910259247,413.0799946784973,-136.42000365257263,-33.03,106,176
1057,Beverages_Tea_1057,2022-10-01,1912.740026473999,2855.640031814575,-942.9000053405762,-33.02,71,106
1124,Dairy_Cheese_1124,2023-03-01,2702.240056991577,4033.5200519561768,-1331.2799949645996,-33.01,120,191
1016,Grocery_Rice_1016,2025-10-01,1302.4800262451172,1944.0000324249268,-641.5200061798096,-33.00,67,100
1089,Electronics_Mobile Accessories_1089,2024-10-01,4154.84992980957,6199.299942016602,-2044.4500122070312,-32.98,63,94
1035,Electronics_Batteries_1035,2024-05-01,27237.180541992188,40634.82081604004,-13397.640274047852,-32.97,111,171
1070,Grocery_Canned Goods_1070,2021-06-01,5442.509883880615,8115.049854278564,-2672.539970397949,-32.93,129,212
1090,Dairy_Cheese_1090,2023-11-01,2353.1600494384766,3507.840087890625,-1154.6800384521484,-32.92,70,96
1078,Electronics_Cables_1078,2024-11-01,9525.689865112305,14198.669799804688,-4672.979934692383,-32.91,53,79
1048,Snacks_Biscuits_1048,2022-02-01,2631.4399967193604,3921.249990463257,-1289.8099937438965,-32.89,229,332
1068,Electronics_Chargers_1068,2023-03-01,11791.079727172852,17568.349899291992,-5777.270172119141,-32.88,132,205
1023,Personal Care_Toothpaste_1023,2024-03-01,6772.460060119629,10090.380199432373,-3317.920139312744,-32.88,119,183
1056,Snacks_Nuts_1056,2022-02-01,961.9100050926208,1432.8799996376038,-470.9699945449829,-32.87,192,273
1074,Personal Care_Skincare_1074,2023-03-01,6881.309860229492,10246.599914550781,-3365.290054321289,-32.84,117,180
1028,Household_Paper Products_1028,2023-02-01,6005.589874267578,8942.549819946289,-2936.959945678711,-32.84,158,237
1107,Electronics_Mobile Accessories_1107,2021-06-01,20257.02032470703,30160.68017578125,-9903.659851074219,-32.84,126,208
1096,Electronics_Mobile Accessories_1096,2022-06-01,12348.610046386719,18381.319969177246,-6032.709922790527,-32.82,109,164
1117,Snacks_Crackers_1117,2023-05-01,1182.8599615097046,1760.3099813461304,-577.4500198364258,-32.80,119,197
1023,Personal Care_Toothpaste_1023,2022-08-01,7341.120170593262,10923.54027557373,-3582.4201049804688,-32.80,128,193
1071,Grocery_Canned Goods_1071,2021-06-01,757.6199684143066,1127.4799766540527,-369.8600082397461,-32.80,138,229
1107,Electronics_Mobile Accessories_1107,2023-11-01,11237.82015991211,16720.080307006836,-5482.260147094727,-32.79,72,104
1038,Electronics_Cables_1038,2023-02-01,15195.02995300293,22596.39991760254,-7401.369964599609,-32.75,170,248
1197,Electronics_Mobile Accessories_1197,2021-06-01,2144.7600059509277,3189.4200582504272,-1044.6600522994995,-32.75,122,205
1182,Beverages_Tea_1182,2024-05-01,1416.0200462341309,2105.340015411377,-689.3199691772461,-32.74,101,162
1078,Electronics_Cables_1078,2023-02-01,33807.15994262695,50234.45002746582,-16427.290084838867,-32.70,204,305
1079,Beverages_Juices_1079,2021-06-01,509.59998893737793,756.8599905967712,-247.2600016593933,-32.67,98,166
1018,Personal Care_Deodorant_1018,2023-03-01,6155.969951629639,9143.229835510254,-2987.2598838806152,-32.67,123,183
1074,Personal Care_Skincare_1074,2023-05-01,7144.379791259766,10607.179824829102,-3462.800033569336,-32.65,114,189
1066,Household_Cleaning Supplies_1066,2023-02-01,8188.539958953857,12158.329971313477,-3969.790012359619,-32.65,178,266
1167,Grocery_Rice_1167,2022-06-01,4370.85009765625,6490.020072937012,-2119.1699752807617,-32.65,99,150
1168,Snacks_Chips_1168,2025-06-01,1945.4600524902344,2887.120092391968,-941.6600399017334,-32.62,106,151
1181,Personal Care_Soap_1181,2024-02-01,6845.730056762695,10160.460090637207,-3314.7300338745117,-32.62,195,287
1199,Electronics_Cables_1199,2021-06-01,28506.35969543457,42299.9395904541,-13793.579895019531,-32.61,124,208
1149,Electronics_Chargers_1149,2023-02-01,16437.900077819824,24387.440055847168,-7949.539978027344,-32.60,171,259
1154,Household_Cleaning Supplies_1154,2024-08-01,2089.440008163452,3100.0199871063232,-1010.5799789428711,-32.60,141,207
1190,Dairy_Milk_1190,2024-09-01,1620.8000030517578,2404.529977798462,-783.7299747467041,-32.59,80,127
1174,Electronics_Mobile Accessories_1174,2024-05-01,23362.450256347656,34646.21990966797,-11283.769653320312,-32.57,97,152
1162,Dairy_Yogurt_1162,2025-10-01,1531.199966430664,2270.399953842163,-739.199987411499,-32.56,58,86
1124,Dairy_Cheese_1124,2024-03-01,3471.160036087036,5145.980060577393,-1674.8200244903564,-32.55,157,236
1195,Snacks_Chocolates_1195,2022-11-01,1693.4799900054932,2510.3999919891357,-816.9200019836426,-32.54,82,120
1007,Personal Care_Shampoo_1007,2021-06-01,8407.500190734863,12453.500160217285,-4045.999969482422,-32.49,125,201
1043,Electronics_Batteries_1043,2023-09-01,1969.8000411987305,2917.180013656616,-947.3799724578857,-32.48,84,147
1094,Grocery_Rice_1094,2022-06-01,2444,3618.920003890991,-1174.9200038909912,-32.47,104,158
1200,Beverages_Juices_1200,2022-03-01,771.4699764251709,1142.4299840927124,-370.9600076675415,-32.47,103,173
1074,Personal Care_Skincare_1074,2022-11-01,4656.479904174805,6893.699798583984,-2237.2198944091797,-32.45,82,110
1186,Dairy_Yogurt_1186,2024-12-01,454.2699956893921,672.4099862575531,-218.139990568161,-32.44,85,127
1089,Electronics_Mobile Accessories_1089,2023-11-01,3788.8599433898926,5605.7498779296875,-1816.889934539795,-32.41,62,85
1103,Dairy_Milk_1103,2022-02-01,5854.190032958984,8656.58000946045,-2802.389976501465,-32.37,181,262
1073,Electronics_Chargers_1073,2024-06-01,11315.71996307373,16732.819915771484,-5417.099952697754,-32.37,94,139
1190,Dairy_Milk_1190,2022-06-01,1863.9200057983398,2755.539994239807,-891.6199884414673,-32.36,92,145
1065,Electronics_Chargers_1065,2024-02-01,29271.340270996094,43257.71032714844,-13986.370056152344,-32.33,182,262
1108,Dairy_Butter_1108,2023-10-01,2634.4399795532227,3892.6799697875977,-1258.239990234375,-32.32,67,99
1079,Beverages_Juices_1079,2022-06-01,571.9999895095825,844.999990940094,-273.0000014305115,-32.31,110,165
1188,Grocery_Spices_1188,2022-05-01,2445.4799270629883,3611.6999521255493,-1166.220025062561,-32.29,126,210
1174,Electronics_Mobile Accessories_1174,2023-03-01,27697.749969482422,40896.0094909668,-13198.259521484375,-32.27,124,189
1196,Grocery_Pasta_1196,2022-06-01,3113.760034561157,4595.8600425720215,-1482.1000080108643,-32.25,104,157
1050,Snacks_Chips_1050,2021-08-01,2233.8799896240234,3297.239995956421,-1063.3600063323975,-32.25,133,196
1028,Household_Paper Products_1028,2021-06-01,4762.919860839844,7029.73983001709,-2266.819969177246,-32.25,114,187
1123,Beverages_Water_1123,2024-03-01,1390.7999877929688,2052.7999877929688,-662,-32.25,156,230
1011,Personal Care_Shampoo_1011,2025-02-01,3275.9700355529785,4835.010028839111,-1559.0399932861328,-32.24,179,265
1092,Household_Detergent_1092,2023-02-01,4390.44993019104,6477.779857635498,-2087.329927444458,-32.22,170,258
1197,Electronics_Mobile Accessories_1197,2022-02-01,3014.5200576782227,4446.940090179443,-1432.4200325012207,-32.21,194,293
1110,Grocery_Canned Goods_1110,2021-12-01,1170.899990081787,1726.8999881744385,-555.9999980926514,-32.20,66,98
1051,Electronics_Cables_1051,2022-06-01,6421.499923706055,9471.689903259277,-3050.1899795532227,-32.20,90,135
1125,Personal Care_Toothpaste_1125,2025-04-01,3136.6200008392334,4625.450046539307,-1488.8300457000732,-32.19,119,200
1097,Snacks_Crackers_1097,2023-05-01,266.21999192237854,392.5299937725067,-126.31000185012817,-32.18,102,162
1005,Household_Paper Products_1005,2021-06-01,2141.7000312805176,3157.3400344848633,-1015.6400032043457,-32.17,121,199
1196,Grocery_Pasta_1196,2022-08-01,4907.570022583008,7232.53998374939,-2324.969961166382,-32.15,174,256
1182,Beverages_Tea_1182,2024-08-01,1936.2800188064575,2853.360007286072,-917.0799884796143,-32.14,144,218
1135,Household_Trash Bags_1135,2024-11-01,3769.080104827881,5553.900123596191,-1784.8200187683105,-32.14,75,110
1112,Household_Paper Products_1112,2025-02-01,1314.8999757766724,1936.019959449768,-621.1199836730957,-32.08,139,205
1055,Dairy_Butter_1055,2022-10-01,802.0800104141235,1180.8400106430054,-378.76000022888184,-32.08,72,106
1199,Electronics_Cables_1199,2024-02-01,44679.579360961914,65772.10902404785,-21092.529663085938,-32.07,214,311
1028,Household_Paper Products_1028,2022-02-01,6309.259857177734,9286.419780731201,-2977.159923553467,-32.06,175,263
1135,Household_Trash Bags_1135,2024-04-01,5465.600059509277,8043.329944610596,-2577.7298851013184,-32.05,115,171
1118,Dairy_Milk_1118,2023-05-01,3009.9000396728516,4428.2900466918945,-1418.390007019043,-32.03,127,209
1015,Dairy_Cream_1015,2022-06-01,2821.5199298858643,4150.959907531738,-1329.439977645874,-32.03,104,160
1094,Grocery_Rice_1094,2023-09-01,2115,3111.400001525879,-996.4000015258789,-32.02,90,151
1088,Household_Cleaning Supplies_1088,2024-02-01,3790.2600021362305,5575.389970779419,-1785.1299686431885,-32.02,198,293
1195,Snacks_Chocolates_1195,2023-03-01,1945.7000007629395,2861.6800117492676,-915.9800109863281,-32.01,100,150
1125,Personal Care_Toothpaste_1125,2022-09-01,2211.5400009155273,3252.390007019043,-1040.8500061035156,-32.00,82,127
1155,Electronics_Mobile Accessories_1155,2023-08-01,3175.399971008301,4666.899971008301,-1491.5,-31.96,156,235
1021,Grocery_Canned Goods_1021,2025-07-01,3321.419994354248,4879.419944763184,-1557.9999504089355,-31.93,122,175
1175,Household_Trash Bags_1175,2025-04-01,5678.830039978027,8341.92000579834,-2663.0899658203125,-31.92,97,173
1199,Electronics_Cables_1199,2024-03-01,30426.189651489258,44679.579360961914,-14253.389709472656,-31.90,143,214
1117,Snacks_Crackers_1117,2024-03-01,1219.6999855041504,1790.8099870681763,-571.1100015640259,-31.89,132,198
1093,Snacks_Chips_1093,2024-12-01,590.1300082206726,866.2500057220459,-276.1199975013733,-31.88,76,111
1103,Dairy_Milk_1103,2022-12-01,3002.089958190918,4407.129932403564,-1405.0399742126465,-31.88,79,119
1075,Snacks_Crackers_1075,2024-02-01,2294.470004081726,3368.5200214385986,-1074.0500173568726,-31.88,188,276
1056,Snacks_Nuts_1056,2025-02-01,880.0399975776672,1291.5199971199036,-411.4799995422363,-31.86,158,239
1113,Dairy_Cheese_1113,2023-02-01,3743.270050048828,5492.350044250488,-1749.0799942016602,-31.85,163,244
1157,Household_Cleaning Supplies_1157,2024-09-01,1111.8800029754639,1631.4999732971191,-519.6199703216553,-31.85,76,120
1067,Grocery_Cereals_1067,2023-05-01,5105.710037231445,7490.290145874023,-2384.580108642578,-31.84,103,167
1085,Personal Care_Skincare_1085,2022-06-01,2609.7399368286133,3827.989912033081,-1218.2499752044678,-31.82,98,151
1192,Dairy_Milk_1192,2024-03-01,2776.629981994629,4072.4999389648438,-1295.8699569702148,-31.82,139,210
1182,Beverages_Tea_1182,2021-10-01,841.2000274658203,1233.7600402832031,-392.5600128173828,-31.82,60,88
1099,Personal Care_Toothpaste_1099,2024-06-01,6015.710060119629,8821.68009185791,-2805.9700317382812,-31.81,124,177
1144,Household_Detergent_1144,2023-11-01,1064.9800100326538,1561.6800174713135,-496.70000743865967,-31.81,74,108
1072,Electronics_Chargers_1072,2025-02-01,38824.34014892578,56932.060607910156,-18107.720458984375,-31.81,182,264
1167,Grocery_Rice_1167,2024-03-01,6084.1398849487305,8920.83984375,-2836.6999588012695,-31.80,154,222
1102,Snacks_Biscuits_1102,2025-10-01,1572.420066833496,2304.780097961426,-732.3600311279297,-31.78,73,107
1130,Snacks_Nuts_1130,2024-02-01,3124.040086746216,4579.000120162964,-1454.960033416748,-31.77,203,298
1021,Grocery_Canned Goods_1021,2024-03-01,3497.3399658203125,5125.1399784088135,-1627.800012588501,-31.76,130,198
1023,Personal Care_Toothpaste_1023,2021-09-01,6325.280044555664,9269.120178222656,-2943.840133666992,-31.76,104,160
1161,Electronics_Batteries_1161,2023-05-01,9753.880249023438,14292.199768066406,-4538.319519042969,-31.75,118,199
1044,Snacks_Biscuits_1044,2024-03-01,3064.630069732666,4489.630096435547,-1425.0000267028809,-31.74,154,226
1003,Household_Cleaning Supplies_1003,2022-10-01,852,1248,-396,-31.73,71,104
1062,Personal Care_Deodorant_1062,2022-08-01,3548.140012741089,5196.680015563965,-1648.540002822876,-31.72,129,192
1020,Beverages_Juices_1020,2023-10-01,557.7599935531616,816.7199964523315,-258.9600028991699,-31.71,56,82
1121,Grocery_Rice_1121,2021-02-01,6484.720026016235,9495.900053024292,-3011.1800270080566,-31.71,228,331
1006,Beverages_Coffee_1006,2021-06-01,1665.8399934768677,2439.1199855804443,-773.2799921035767,-31.70,132,210
1033,Household_Paper Products_1033,2024-03-01,4124.429927825928,6038.309951782227,-1913.8800239562988,-31.70,139,201
1034,Household_Cleaning Supplies_1034,2023-10-01,3971.6400032043457,5813.560035705566,-1841.9200325012207,-31.68,69,101
1022,Household_Cleaning Supplies_1022,2024-11-01,3670.190040588379,5372.360061645508,-1702.170021057129,-31.68,68,98
1121,Grocery_Rice_1121,2023-05-01,3506.7999382019043,5132.479919433594,-1625.6799812316895,-31.67,110,174
1085,Personal Care_Skincare_1085,2023-11-01,2074.4799480438232,3035.819932937622,-961.3399848937988,-31.67,80,114
1193,Beverages_Tea_1193,2023-05-01,1761.4899969100952,2578.0400075912476,-816.5500106811523,-31.67,127,205
1047,Household_Detergent_1047,2023-09-01,3538.780059814453,5178.429946899414,-1639.649887084961,-31.66,98,169
1026,Snacks_Biscuits_1026,2023-05-01,547.1999921798706,800.639995098114,-253.4400029182434,-31.65,96,157
1102,Snacks_Biscuits_1102,2025-09-01,2304.780097961426,3371.429962158203,-1066.6498641967773,-31.64,107,167
1047,Household_Detergent_1047,2023-10-01,2419.3700408935547,3538.780059814453,-1119.4100189208984,-31.63,67,98
1073,Electronics_Chargers_1073,2023-02-01,20024.880096435547,29287.920043945312,-9263.039947509766,-31.63,183,270
1040,Electronics_Mobile Accessories_1040,2024-09-01,7875.239974975586,11516.27993774414,-3641.0399627685547,-31.62,93,146
1105,Beverages_Water_1105,2024-03-01,2355.520008087158,3444.9599800109863,-1089.4399719238281,-31.62,148,222
1102,Snacks_Biscuits_1102,2022-06-01,2132.460090637207,3118.120101928711,-985.6600112915039,-31.61,99,155
1019,Electronics_Cables_1019,2025-03-01,25189.96028137207,36831.76045227051,-11641.800170898438,-31.61,148,189
1083,Dairy_Cheese_1083,2023-11-01,797.3800067901611,1165.9199991226196,-368.5399923324585,-31.61,62,84
1049,Electronics_Batteries_1049,2023-03-01,14486.500274658203,21180.680450439453,-6694.18017578125,-31.61,131,198
1074,Personal Care_Skincare_1074,2023-08-01,7896.739883422852,11544.289810180664,-3647.5499267578125,-31.60,142,208
1195,Snacks_Chocolates_1195,2025-02-01,3926.440013885498,5740.080018997192,-1813.6400051116943,-31.60,206,302
1056,Snacks_Nuts_1056,2021-06-01,627.9000072479248,917.8700075149536,-289.9700002670288,-31.59,105,169
1124,Dairy_Cheese_1124,2025-09-01,2125.8000469207764,3106.200050354004,-980.4000034332275,-31.56,90,140
1070,Grocery_Canned Goods_1070,2022-06-01,4050.239887237549,5917.059864044189,-1866.8199768066406,-31.55,96,149
1193,Beverages_Tea_1193,2021-04-01,1015.8799896240234,1484.0899963378906,-468.2100067138672,-31.55,83,107
1026,Snacks_Biscuits_1026,2021-06-01,849.2999887466431,1240.1600074768066,-390.8600187301636,-31.52,149,240
1091,Dairy_Butter_1091,2025-03-01,1105.779993057251,1614.380000114441,-508.60000705718994,-31.50,152,200
1139,Dairy_Cream_1139,2024-02-01,4224.799942016602,6167.489879608154,-1942.6899375915527,-31.50,203,295
1194,Dairy_Butter_1194,2023-03-01,1228.6599988937378,1793.609992980957,-564.9499940872192,-31.50,134,203
1082,Household_Detergent_1082,2022-06-01,4153.379940032959,6062.529922485352,-1909.1499824523926,-31.49,93,139
1082,Household_Detergent_1082,2023-03-01,5609.349937438965,8186.059894561768,-2576.7099571228027,-31.48,131,201
1001,Electronics_Chargers_1001,2022-02-01,30443.599655151367,44431.1993560791,-13987.599700927734,-31.48,216,320
1144,Household_Detergent_1144,2022-05-01,1424.2600173950195,2078.200038909912,-653.9400215148926,-31.47,101,165
1167,Grocery_Rice_1167,2022-05-01,6490.020072937012,9469.76010131836,-2979.7400283813477,-31.47,150,256
1126,Beverages_Soft Drinks_1126,2024-11-01,1691.1200256347656,2467.200035095215,-776.0800094604492,-31.46,70,96
1144,Household_Detergent_1144,2024-11-01,991.2400064468384,1446.0000143051147,-454.76000785827637,-31.45,71,100
1166,Grocery_Spices_1166,2025-06-01,4870.350048065186,7102.080039978027,-2231.729991912842,-31.42,106,144
1122,Dairy_Yogurt_1122,2022-06-01,2938.800064086914,4281.80006980896,-1343.000005722046,-31.37,93,140
1073,Electronics_Chargers_1073,2024-03-01,15956.18002319336,23250.980018615723,-7294.799995422363,-31.37,142,214
1145,Household_Trash Bags_1145,2023-03-01,1418.8700113296509,2066.6799869537354,-647.8099756240845,-31.35,136,200
1017,Household_Paper Products_1017,2024-08-01,6061.110050201416,8828.040054321289,-2766.930004119873,-31.34,149,220
1194,Dairy_Butter_1194,2023-02-01,1793.609992980957,2612.069974899292,-818.459981918335,-31.33,203,301
1031,Snacks_Chips_1031,2023-06-01,1426.270037651062,2076.7200622558594,-650.4500246047974,-31.32,96,136
1181,Personal Care_Soap_1181,2022-06-01,3938.2200622558594,5733.6700439453125,-1795.4499816894531,-31.31,102,157
1102,Snacks_Biscuits_1102,2024-09-01,1809.3600769042969,2632.5399780273438,-823.1799011230469,-31.27,84,131
1036,Electronics_Mobile Accessories_1036,2021-06-01,12079.800338745117,17573.800216674805,-5493.9998779296875,-31.26,135,221
1107,Electronics_Mobile Accessories_1107,2022-09-01,16880.85028076172,24549.240295410156,-7668.3900146484375,-31.24,105,164
1043,Electronics_Batteries_1043,2024-02-01,4281.6800537109375,6224.3600730896,-1942.680019378662,-31.21,200,292
1068,Electronics_Chargers_1068,2023-02-01,17568.349899291992,25537.199966430664,-7968.850067138672,-31.20,205,302
1145,Household_Trash Bags_1145,2022-11-01,804.5000114440918,1168.9200162887573,-364.4200048446655,-31.18,73,102
1140,Personal Care_Shampoo_1140,2022-02-01,5817.009910583496,8451.949920654297,-2634.940010070801,-31.18,197,267
1145,Household_Trash Bags_1145,2021-06-01,1478.3400173187256,2147.940022468567,-669.6000051498413,-31.17,129,207
1009,Electronics_Batteries_1009,2021-06-01,10186.399795532227,14797.369903564453,-4610.970108032227,-31.16,112,187
1112,Household_Paper Products_1112,2021-08-01,1404.240014076233,2039.3600225448608,-635.1200084686279,-31.14,144,212
1158,Snacks_Crackers_1158,2025-02-01,1130.5299906730652,1641.649998664856,-511.12000799179077,-31.13,169,251
1121,Grocery_Rice_1121,2024-10-01,1976.559959411621,2869.1999435424805,-892.6399841308594,-31.11,62,90
1059,Electronics_Cables_1059,2023-11-01,1155.9799842834473,1677.16996383667,-521.1899795532227,-31.08,59,79
1053,Snacks_Crackers_1053,2021-09-01,1130.0499801635742,1638.5099792480469,-508.45999908447266,-31.03,97,151
1021,Grocery_Canned Goods_1021,2025-10-01,1729.7999858856201,2508.2099742889404,-778.4099884033203,-31.03,60,87
1053,Snacks_Crackers_1053,2021-06-01,1724.19997215271,2499.0999641418457,-774.8999919891357,-31.01,148,238
1058,Personal Care_Soap_1058,2023-05-01,4236.580032348633,6141.050109863281,-1904.4700775146484,-31.01,94,152
1147,Snacks_Crackers_1147,2021-02-01,3825.6099739074707,5544.989948272705,-1719.3799743652344,-31.01,202,290
1139,Dairy_Cream_1139,2023-03-01,2811.539915084839,4074.8999633789062,-1263.3600482940674,-31.00,128,197
1125,Personal Care_Toothpaste_1125,2024-11-01,1860.9299926757812,2696.999988555908,-836.069995880127,-31.00,69,100
1134,Household_Paper Products_1134,2024-03-01,2014.7399940490723,2919.5099925994873,-904.769998550415,-30.99,159,234
1119,Grocery_Pasta_1119,2024-11-01,3385.2099685668945,4905.519958496094,-1520.3099899291992,-30.99,97,136
1113,Dairy_Cheese_1113,2023-05-01,3262.4101181030273,4727.780040740967,-1465.3699226379395,-30.99,129,210
1106,Snacks_Chocolates_1106,2021-06-01,1421.2799758911133,2059.099970817566,-637.8199949264526,-30.98,126,203
1106,Snacks_Chocolates_1106,2023-03-01,1245.179988861084,1803.860008239746,-558.6800193786621,-30.97,117,174
1092,Household_Detergent_1092,2021-06-01,3439.1800422668457,4982.389976501465,-1543.2099342346191,-30.97,122,196
1059,Electronics_Cables_1059,2023-03-01,2424.189956665039,3511.999973297119,-1087.81001663208,-30.97,128,184
1069,Grocery_Spices_1069,2023-03-01,4358.539943695068,6312.380073547363,-1953.840129852295,-30.95,124,181
1056,Snacks_Nuts_1056,2024-02-01,865.3199982643127,1253.0599966049194,-387.7399983406067,-30.94,159,227
1024,Grocery_Canned Goods_1024,2023-03-01,1082.850016593933,1567.9499821662903,-485.0999655723572,-30.94,131,197
1127,Grocery_Rice_1127,2024-04-01,2033.930040359497,2945.3400478363037,-911.4100074768066,-30.94,105,156
1139,Dairy_Cream_1139,2022-06-01,2270.9999084472656,3287.1799030303955,-1016.1799945831299,-30.91,100,154
1166,Grocery_Spices_1166,2022-06-01,4685.399993896484,6781.500118255615,-2096.100124359131,-30.91,95,144
1010,Grocery_Rice_1010,2023-05-01,1807.300033569336,2615.3700132369995,-808.0699796676636,-30.90,110,174
1156,Personal Care_Soap_1156,2024-04-01,3566.490047454834,5160.600063323975,-1594.1100158691406,-30.89,109,164
1132,Dairy_Butter_1132,2023-09-01,3164.9798889160156,4576.659950256348,-1411.680061340332,-30.85,91,151
1037,Electronics_Cables_1037,2022-08-01,26767.310638427734,38686.80062866211,-11919.489990234375,-30.81,161,232
1082,Household_Detergent_1082,2023-05-01,5046.579925537109,7293.109943389893,-2246.530017852783,-30.80,113,184
1075,Snacks_Crackers_1075,2021-09-01,1270.149998664856,1835.3799829483032,-565.2299842834473,-30.80,95,148
1087,Snacks_Crackers_1087,2021-09-01,866.640007019043,1252.1199913024902,-385.47998428344727,-30.79,92,143
1167,Grocery_Rice_1167,2023-08-01,6154.510040283203,8891.810020446777,-2737.299980163574,-30.78,154,228
1017,Household_Paper Products_1017,2021-06-01,5706.360000610352,8241.569988250732,-2535.209987640381,-30.76,132,208
1148,Household_Cleaning Supplies_1148,2023-03-01,6304.600021362305,9103.140098571777,-2798.5400772094727,-30.74,124,186
1174,Electronics_Mobile Accessories_1174,2024-03-01,30563.72998046875,44123.389221191406,-13559.659240722656,-30.73,135,203
1177,Snacks_Chips_1177,2025-06-01,275.4799978733063,397.59999799728394,-122.12000012397766,-30.71,104,140
1135,Household_Trash Bags_1135,2024-06-01,4513.770095825195,6513.210159301758,-1999.4400634765625,-30.70,93,129
1091,Dairy_Butter_1091,2024-02-01,1466.7000122070312,2116.550013065338,-649.8500008583069,-30.70,187,266
1159,Electronics_Batteries_1159,2021-09-01,17451.840072631836,25180.320098876953,-7728.480026245117,-30.69,98,151
1174,Electronics_Mobile Accessories_1174,2022-02-01,38837.33981323242,55998.00988769531,-17160.67007446289,-30.65,189,271
1049,Electronics_Batteries_1049,2022-11-01,9511.840301513672,13706.560424804688,-4194.720123291016,-30.60,84,116
1156,Personal Care_Soap_1156,2023-03-01,3999.3100547790527,5761.570068359375,-1762.2600135803223,-30.59,126,185
1056,Snacks_Nuts_1056,2024-05-01,657.8000068664551,947.6200032234192,-289.8199963569641,-30.58,110,169
1199,Electronics_Cables_1199,2023-02-01,35955.15937805176,51794.7693939209,-15839.61001586914,-30.58,172,249
1189,Electronics_Batteries_1189,2022-11-01,5794.6499099731445,8344.929824829102,-2550.279914855957,-30.56,75,107
1001,Electronics_Chargers_1001,2023-03-01,15830.76986694336,22792.000427246094,-6961.230560302734,-30.54,106,155
1171,Personal Care_Toothpaste_1171,2025-02-01,6356.809913635254,9150.799964904785,-2793.9900512695312,-30.53,168,240
1131,Snacks_Crackers_1131,2024-04-01,2893.880002975464,4164.800029754639,-1270.9200267791748,-30.52,130,192
1095,Snacks_Chocolates_1095,2023-05-01,2029.2399921417236,2920.7399864196777,-891.4999942779541,-30.52,97,157
1110,Grocery_Canned Goods_1110,2024-02-01,3247.7099838256836,4674.529989242554,-1426.8200054168701,-30.52,195,277
1113,Dairy_Cheese_1113,2021-02-01,4051.8500595092773,5831.040077209473,-1779.1900177001953,-30.51,177,249
1144,Household_Detergent_1144,2021-08-01,1698.7900190353394,2444.770028114319,-745.9800090789795,-30.51,124,180
1155,Electronics_Mobile Accessories_1155,2022-02-01,3334.759994506836,4799.079973220825,-1464.3199787139893,-30.51,168,245
1016,Grocery_Rice_1016,2023-02-01,2680.4000205993652,3857.3200397491455,-1176.9200191497803,-30.51,152,219
1094,Grocery_Rice_1094,2024-11-01,1306.6199989318848,1880,-573.3800010681152,-30.50,57,80
1102,Snacks_Biscuits_1102,2023-09-01,2218.6200942993164,3192.020004272461,-973.3999099731445,-30.49,103,169
1127,Grocery_Rice_1127,2023-10-01,1164.5100173950195,1675.260025024414,-510.75000762939453,-30.49,57,82
1009,Electronics_Batteries_1009,2021-11-01,6830.27986907959,9822.599838256836,-2992.319969177246,-30.46,79,108
1083,Dairy_Cheese_1083,2022-06-01,1790.519995689392,2574.7399978637695,-784.2200021743774,-30.46,129,197
1128,Grocery_Spices_1128,2024-08-01,3885.8199825286865,5586.819997787476,-1701.000015258789,-30.45,155,225
1095,Snacks_Chocolates_1095,2024-09-01,2238.439992904663,3217.6800060272217,-979.2400131225586,-30.43,107,163
1112,Household_Paper Products_1112,2023-05-01,1183.3199996948242,1700.7800068855286,-517.4600071907043,-30.42,114,189
1139,Dairy_Cream_1139,2024-03-01,2939.5399436950684,4224.799942016602,-1285.2599983215332,-30.42,141,203
1078,Electronics_Cables_1078,2024-03-01,26177.62989807129,37617.41976928711,-11439.78987121582,-30.41,159,230
1051,Electronics_Cables_1051,2024-09-01,7349.049911499023,10560.200073242188,-3211.150161743164,-30.41,103,156
1171,Personal Care_Toothpaste_1171,2025-09-01,4542.029899597168,6525.330001831055,-1983.3001022338867,-30.39,109,163
1182,Beverages_Tea_1182,2022-06-01,1598.2800521850586,2295.9800567626953,-697.7000045776367,-30.39,114,174
1127,Grocery_Rice_1127,2023-05-01,2492.4600372314453,3580.0300369262695,-1087.5699996948242,-30.38,122,193
1137,Snacks_Nuts_1137,2023-05-01,779.5199809074402,1119.499981880188,-339.9800009727478,-30.37,116,185
1124,Dairy_Cheese_1124,2021-10-01,1464.440034866333,2102.1800537109375,-637.7400188446045,-30.34,62,89
1048,Snacks_Biscuits_1048,2025-10-01,859.9399976730347,1234.4299993515015,-374.4900016784668,-30.34,62,89
1013,Grocery_Cereals_1013,2024-04-01,3789.320037841797,5439.320049285889,-1650.0000114440918,-30.33,116,166
1022,Household_Cleaning Supplies_1022,2023-02-01,9942.000030517578,14270.120124816895,-4328.120094299316,-30.33,201,284
1053,Snacks_Crackers_1053,2023-09-01,931.9999847412109,1337.4199752807617,-405.4199905395508,-30.31,80,130
1077,Household_Cleaning Supplies_1077,2021-08-01,7278.040035247803,10443.440059661865,-3165.4000244140625,-30.31,163,234
1125,Personal Care_Toothpaste_1125,2021-06-01,3506.0999851226807,5030.230003356934,-1524.130018234253,-30.30,130,213
1120,Grocery_Cereals_1120,2022-06-01,4876.199970245361,6989.219974517822,-2113.020004272461,-30.23,105,156
1142,Electronics_Mobile Accessories_1142,2023-05-01,1595.2800035476685,2286.409977912903,-691.1299743652344,-30.23,102,163
1011,Personal Care_Shampoo_1011,2023-02-01,3790.2900218963623,5432.820037841797,-1642.5300159454346,-30.23,205,296
1120,Grocery_Cereals_1120,2021-02-01,8107.960132598877,11618.680221557617,-3510.7200889587402,-30.22,192,273
1094,Grocery_Rice_1094,2025-08-01,3379.299991607666,4840.999996185303,-1461.7000045776367,-30.19,151,219
1171,Personal Care_Toothpaste_1171,2024-05-01,4750.379867553711,6802.72993850708,-2052.350070953369,-30.17,114,175
1166,Grocery_Spices_1166,2025-10-01,4340.160041809082,6214.3200759887695,-1874.1600341796875,-30.16,88,126
1103,Dairy_Milk_1103,2023-11-01,2600.869960784912,3723.8299407958984,-1122.9599800109863,-30.16,73,97
1009,Electronics_Batteries_1009,2023-11-01,6098.2399253845215,8731.19985961914,-2632.959934234619,-30.16,73,96
1011,Personal Care_Shampoo_1011,2021-02-01,3822.0300331115723,5472.600021362305,-1650.5699882507324,-30.16,201,296
1026,Snacks_Biscuits_1026,2024-09-01,467.39999198913574,669.1800012588501,-201.78000926971436,-30.15,82,125
1135,Household_Trash Bags_1135,2021-06-01,6513.210163116455,9323.12007522583,-2809.909912109375,-30.14,129,206
1163,Household_Paper Products_1163,2024-09-01,3701.6099395751953,5298.089958190918,-1596.4800186157227,-30.13,99,149
1197,Electronics_Mobile Accessories_1197,2023-02-01,2838.7799711227417,4060.499975204468,-1221.720004081726,-30.09,181,255
1102,Snacks_Biscuits_1102,2025-03-01,3453.1200675964355,4938.210052490234,-1485.0899848937988,-30.07,199,254
1046,Household_Paper Products_1046,2023-08-01,6982.6699295043945,9985.229991912842,-3002.5600624084473,-30.07,133,189
1187,Personal Care_Skincare_1187,2024-02-01,12243.900032043457,17506.099990844727,-5262.1999588012695,-30.06,186,268
1072,Electronics_Chargers_1072,2022-06-01,24540.77980041504,35083.919921875,-10543.140121459961,-30.05,103,154
1023,Personal Care_Toothpaste_1023,2023-02-01,9533.880210876465,13630.260231018066,-4096.380020141602,-30.05,174,249
1130,Snacks_Nuts_1130,2022-02-01,3072.2000455856323,4391.240077018738,-1319.0400314331055,-30.04,209,300
1183,Electronics_Batteries_1183,2024-02-01,23312.77980041504,33320.1696472168,-10007.389846801758,-30.03,187,272
1064,Snacks_Biscuits_1064,2023-03-01,2008.280014038086,2868.8300161361694,-860.5500020980835,-30.00,122,181
1016,Grocery_Rice_1016,2024-12-01,1392.8800325393677,1988.720022201538,-595.8399896621704,-29.96,75,103
1018,Personal Care_Deodorant_1018,2024-02-01,8803.919845581055,12565.95979309082,-3762.0399475097656,-29.94,174,247
1093,Snacks_Chips_1093,2022-05-01,1007.3800044059753,1437.7800245285034,-430.4000201225281,-29.94,131,211
1176,Snacks_Chocolates_1176,2025-06-01,703.4399919509888,1004.00998878479,-300.56999683380127,-29.94,108,147
1081,Snacks_Nuts_1081,2023-11-01,810.8400239944458,1156.9000329971313,-346.06000900268555,-29.91,82,115
1189,Electronics_Batteries_1189,2025-10-01,5303.319931030273,7565.02986907959,-2261.7099380493164,-29.90,68,97
1174,Electronics_Mobile Accessories_1174,2023-10-01,14691.850189208984,20953.950317382812,-6262.100128173828,-29.89,61,87
1027,Snacks_Chips_1027,2023-11-01,356.3300037384033,508.20000648498535,-151.87000274658203,-29.88,61,84
1131,Snacks_Crackers_1131,2022-02-01,3291.4200286865234,4693.640012741089,-1402.2199840545654,-29.87,165,236
1087,Snacks_Crackers_1087,2025-06-01,918.3400049209595,1309.3800106048584,-391.0400056838989,-29.86,103,139
1119,Grocery_Pasta_1119,2025-09-01,3354.5099716186523,4782.599952697754,-1428.0899810791016,-29.86,93,142
1119,Grocery_Pasta_1119,2025-03-01,5764.099990844727,8215.0200881958,-2450.920097351074,-29.83,194,251
1101,Snacks_Crackers_1101,2024-03-01,3322.940044403076,4734.560054779053,-1411.6200103759766,-29.82,144,208
1108,Dairy_Butter_1108,2024-03-01,5280.560005187988,7521.5999755859375,-2241.039970397949,-29.79,143,215
1088,Household_Cleaning Supplies_1088,2024-09-01,2010.1999855041504,2862.6400146484375,-852.4400291442871,-29.78,95,143
1180,Grocery_Spices_1180,2021-08-01,1092.8399982452393,1556.0999941825867,-463.2599959373474,-29.77,138,196
1082,Household_Detergent_1082,2023-09-01,4555.319942474365,6484.809944152832,-1929.4900016784668,-29.75,102,163
1027,Snacks_Chips_1027,2022-09-01,477.9500045776367,680.2500038146973,-202.29999923706055,-29.74,79,120
1013,Grocery_Cereals_1013,2021-08-01,4190.310012817383,5962.930028915405,-1772.6200160980225,-29.73,125,176
1121,Grocery_Rice_1121,2024-02-01,5561.699995040894,7909.720003128052,-2348.020008087158,-29.69,192,270
1040,Electronics_Mobile Accessories_1040,2024-02-01,14201.040023803711,20188,-5986.959976196289,-29.66,183,260
1012,Beverages_Juices_1012,2024-08-01,1813.2599821090698,2577.4799909591675,-764.2200088500977,-29.65,139,193
1037,Electronics_Cables_1037,2022-05-01,20892.73062133789,29687.560302734375,-8794.829681396484,-29.62,121,196
1033,Household_Paper Products_1033,2021-11-01,2374.6199378967285,3373.7598876953125,-999.139949798584,-29.62,75,104
1180,Grocery_Spices_1180,2023-03-01,759.3599872589111,1078.5599918365479,-319.2000045776367,-29.60,95,138
1196,Grocery_Pasta_1196,2024-04-01,3414.660020828247,4850.38002204895,-1435.7200012207031,-29.60,120,177
1027,Snacks_Chips_1027,2022-11-01,506.96000504493713,719.950008392334,-212.99000334739685,-29.58,88,119
1182,Beverages_Tea_1182,2023-09-01,1289.8400421142578,1831.4200172424316,-541.5799751281738,-29.57,92,151
1177,Snacks_Chips_1177,2022-05-01,375.5899991989136,533.2100026607513,-157.62000346183777,-29.56,135,226
1126,Beverages_Soft Drinks_1126,2022-02-01,4040.7700424194336,5736.85001373291,-1696.0799713134766,-29.56,185,257
1151,Electronics_Cables_1151,2025-03-01,21423.680068969727,30408.569694519043,-8984.889625549316,-29.55,178,230
1112,Household_Paper Products_1112,2024-11-01,811.7400016784668,1152.1800031661987,-340.44000148773193,-29.55,81,111
1093,Snacks_Chips_1093,2024-06-01,882.6600074768066,1252.860011100769,-370.2000036239624,-29.55,116,157
1001,Electronics_Chargers_1001,2023-05-01,21557.35968017578,30600.119750976562,-9042.760070800781,-29.55,131,208
1015,Dairy_Cream_1015,2023-03-01,3608.149932861328,5120.719947814941,-1512.5700149536133,-29.54,140,209
1013,Grocery_Cereals_1013,2025-04-01,4279.160062789917,6071.240005493164,-1792.079942703247,-29.52,121,204
1055,Dairy_Butter_1055,2023-03-01,1183.0099906921387,1678.3699960708618,-495.36000537872314,-29.51,112,170
1132,Dairy_Butter_1132,2023-08-01,4576.659950256348,6489.439903259277,-1912.7799530029297,-29.48,151,212
1037,Electronics_Cables_1037,2021-09-01,18035.570739746094,25570.900268554688,-7535.329528808594,-29.47,101,154
1171,Personal Care_Toothpaste_1171,2023-09-01,4292.009857177734,6084.199897766113,-1792.190040588379,-29.46,103,165
1165,Personal Care_Skincare_1165,2025-09-01,1781.89994430542,2525.7999534606934,-743.9000091552734,-29.45,103,154
1114,Electronics_Batteries_1114,2021-08-01,23381.379974365234,33136.34004211426,-9754.960067749023,-29.44,161,229
1127,Grocery_Rice_1127,2021-06-01,2696.760040283203,3821.160011291504,-1124.3999710083008,-29.43,132,210
1099,Personal Care_Toothpaste_1099,2021-08-01,6175.500068664551,8749.840099334717,-2574.340030670166,-29.42,132,191
1065,Electronics_Chargers_1065,2022-11-01,15062.2099609375,21339.600021362305,-6277.390060424805,-29.42,91,120
1150,Electronics_Batteries_1150,2022-05-01,17108.460105895996,24231.000122070312,-7122.540016174316,-29.39,130,206
1173,Electronics_Batteries_1173,2025-09-01,18484.54005432129,26172.54002380371,-7687.999969482422,-29.37,113,173
1092,Household_Detergent_1092,2025-03-01,3802.5699729919434,5382.659900665283,-1580.0899276733398,-29.36,161,213
1087,Snacks_Crackers_1087,2021-02-01,1715.2500190734863,2428.0200214385986,-712.7700023651123,-29.36,199,282
1033,Household_Paper Products_1033,2022-10-01,2108.599941253662,2984.479911804199,-875.8799705505371,-29.35,65,92
1081,Snacks_Nuts_1081,2023-02-01,1795.0900239944458,2540.4700174331665,-745.3799934387207,-29.34,196,280
1169,Beverages_Soft Drinks_1169,2022-06-01,621.1800155639648,878.5400204658508,-257.360004901886,-29.29,102,150
1194,Dairy_Butter_1194,2022-12-01,953.4000034332275,1348.2100114822388,-394.81000804901123,-29.28,100,147
1189,Electronics_Batteries_1189,2022-09-01,8968.84984588623,12681.070236206055,-3712.220390319824,-29.27,115,173
1133,Electronics_Mobile Accessories_1133,2023-02-01,5629.009998321533,7957.719970703125,-2328.709972381592,-29.26,181,260
1065,Electronics_Chargers_1065,2024-03-01,20708.560119628906,29271.340270996094,-8562.780151367188,-29.25,125,182
1001,Electronics_Chargers_1001,2021-06-01,23202.95965576172,32796.81954956055,-9593.859893798828,-29.25,141,215
1007,Personal Care_Shampoo_1007,2025-09-01,6456.960105895996,9126.729850769043,-2669.769744873047,-29.25,96,147
1020,Beverages_Juices_1020,2022-06-01,976.0800018310547,1379.459993839264,-403.37999200820923,-29.24,98,142
1163,Household_Paper Products_1163,2025-04-01,3394.9999465942383,4796.840017318726,-1401.8400707244873,-29.22,92,158
1096,Electronics_Mobile Accessories_1096,2024-10-01,7137.27001953125,10082.810020446777,-2945.5400009155273,-29.21,63,89
1164,Electronics_Cables_1164,2023-11-01,15561.84017944336,21978.8800201416,-6417.039840698242,-29.20,80,112
1156,Personal Care_Soap_1156,2024-03-01,5160.600063323975,7289.370086669922,-2128.7700233459473,-29.20,164,233
1029,Grocery_Canned Goods_1029,2022-09-01,2706.299949645996,3822.300037384033,-1116.000087738037,-29.20,97,146
1046,Household_Paper Products_1046,2023-10-01,4655.199993133545,6575.469982147217,-1920.2699890136719,-29.20,80,113
1006,Beverages_Coffee_1006,2024-03-01,1396.5499782562256,1972.1299657821655,-575.5799875259399,-29.19,118,169
1060,Household_Detergent_1060,2024-02-01,5665.700035095215,7999.320030212402,-2333.6199951171875,-29.17,163,231
1104,Grocery_Pasta_1104,2023-05-01,1858.5600605010986,2623.440010070801,-764.8799495697021,-29.16,88,141
1192,Dairy_Milk_1192,2023-03-01,2386.090003967285,3367.4699840545654,-981.3799800872803,-29.14,116,171
1153,Electronics_Batteries_1153,2023-02-01,28881.17985534668,40750.269622802734,-11869.089767456055,-29.13,195,275
1129,Electronics_Chargers_1129,2024-02-01,27281.500061035156,38484.44021606445,-11202.940155029297,-29.11,195,277
1096,Electronics_Mobile Accessories_1096,2025-06-01,9799.620040893555,13821.380012512207,-4021.7599716186523,-29.10,90,122
1065,Electronics_Chargers_1065,2023-02-01,29378.020278930664,41435.20031738281,-12057.180038452148,-29.10,182,260
1130,Snacks_Nuts_1130,2023-05-01,1871.4600677490234,2637.020037651062,-765.5599699020386,-29.03,111,177
1183,Electronics_Batteries_1183,2024-10-01,8830.139633178711,12442.469482421875,-3612.329849243164,-29.03,66,93
1095,Snacks_Chocolates_1095,2024-04-01,2752.0000076293945,3877.300022125244,-1125.3000144958496,-29.02,141,202
1091,Dairy_Butter_1091,2021-06-01,1022.5799732208252,1440.6999769210815,-418.12000370025635,-29.02,117,187
1184,Snacks_Chocolates_1184,2022-06-01,1837.6200103759766,2588.430025100708,-750.8100147247314,-29.01,82,123
1160,Snacks_Nuts_1160,2023-08-01,929.1399993896484,1308.4800062179565,-379.3400068283081,-28.99,167,234
1029,Grocery_Canned Goods_1029,2021-11-01,1565.1899719238281,2204.099956512451,-638.909984588623,-28.99,57,79
1050,Snacks_Chips_1050,2023-03-01,2322.6600227355957,3270.440013885498,-947.7799911499023,-28.98,141,203
1106,Snacks_Chocolates_1106,2023-02-01,1803.860008239746,2538.8700189590454,-735.0100107192993,-28.95,174,248
1084,Household_Paper Products_1084,2022-11-01,3642.0599460601807,5124.229934692383,-1482.1699886322021,-28.92,82,107
1078,Electronics_Cables_1078,2022-02-01,27543.820037841797,38732.18002319336,-11188.359985351562,-28.89,173,252
1015,Dairy_Cream_1015,2024-04-01,2992.3799629211426,4207.8399295806885,-1215.459966659546,-28.89,118,162
1071,Grocery_Canned Goods_1071,2025-09-01,532.5299777984619,748.7499928474426,-216.2200150489807,-28.88,97,145
1138,Household_Cleaning Supplies_1138,2024-02-01,8383.819839477539,11787.87977218628,-3404.0599327087402,-28.88,196,282
1116,Personal Care_Skincare_1116,2023-05-01,7421.400192260742,10433.310089111328,-3011.909896850586,-28.87,95,155
1162,Dairy_Yogurt_1162,2025-02-01,4832.519943237305,6792.719930648804,-1960.199987411499,-28.86,200,284
1032,Snacks_Chocolates_1032,2023-08-01,1913.3900032043457,2689.6400175094604,-776.2500143051147,-28.86,146,203
1026,Snacks_Biscuits_1026,2021-03-01,598.4999885559082,841.1600141525269,-242.66002559661865,-28.85,105,161
1018,Personal Care_Deodorant_1018,2021-10-01,4081.839973449707,5736.639930725098,-1654.7999572753906,-28.85,74,104
1149,Electronics_Chargers_1149,2024-04-01,12501.979995727539,17572.080078125,-5070.100082397461,-28.85,127,183
1170,Dairy_Yogurt_1170,2024-10-01,1576.1999816894531,2215.1999702453613,-638.9999885559082,-28.85,74,104
1050,Snacks_Chips_1050,2022-06-01,1837.5200157165527,2582.3400182724,-744.8200025558472,-28.84,103,150
1071,Grocery_Canned Goods_1071,2022-05-01,671.2299766540527,943.1799821853638,-271.95000553131104,-28.83,130,199
1004,Beverages_Juices_1004,2022-02-01,3953.0400009155273,5554.140022277832,-1601.1000213623047,-28.83,182,257
1076,Snacks_Chocolates_1076,2021-09-01,1860.8600158691406,2614.3200397491455,-753.4600238800049,-28.82,83,124
1101,Snacks_Crackers_1101,2023-02-01,3969.5600452423096,5576.800067901611,-1607.2400226593018,-28.82,174,246
1070,Grocery_Canned Goods_1070,2022-05-01,5917.059864044189,8311.079853057861,-2394.019989013672,-28.81,149,232
1014,Dairy_Butter_1014,2022-05-01,937.5799922943115,1317.0900087356567,-379.5100164413452,-28.81,126,199
1023,Personal Care_Toothpaste_1023,2022-06-01,5108.880073547363,7176.820064544678,-2067.9399909973145,-28.81,84,121
1101,Snacks_Crackers_1101,2021-09-01,2766.120023727417,3885.2100353240967,-1119.0900115966797,-28.80,111,165
1121,Grocery_Rice_1121,2023-03-01,4067.6199531555176,5713.119993209839,-1645.5000400543213,-28.80,141,196
1032,Snacks_Chocolates_1032,2021-02-01,2852.1799716949463,4005.149980545044,-1152.9700088500977,-28.79,210,288
1072,Electronics_Chargers_1072,2022-05-01,35083.919921875,49260.90005493164,-14176.98013305664,-28.78,154,239
1150,Electronics_Batteries_1150,2022-11-01,8534.260025024414,11982.600067138672,-3448.340042114258,-28.78,69,90
1048,Snacks_Biscuits_1048,2023-11-01,889.1299982070923,1248.299997329712,-359.16999912261963,-28.77,69,90
1028,Household_Paper Products_1028,2024-03-01,5988.829902648926,8407.849815368652,-2419.0199127197266,-28.77,160,220
1186,Dairy_Yogurt_1186,2023-12-01,417.1399965286255,585.5899891853333,-168.44999265670776,-28.77,77,109
1199,Electronics_Cables_1199,2021-10-01,13103.729888916016,18391.199829101562,-5287.469940185547,-28.75,57,80
1023,Personal Care_Toothpaste_1023,2022-09-01,5230.52001953125,7341.120170593262,-2110.6001510620117,-28.75,86,128
1147,Snacks_Crackers_1147,2021-08-01,2433.1499824523926,3414.24995136261,-981.0999689102173,-28.74,126,177
1040,Electronics_Mobile Accessories_1040,2022-06-01,8213.959976196289,11516.479934692383,-3302.5199584960938,-28.68,97,138
1005,Household_Paper Products_1005,2025-02-01,3170.359984397888,4443.639953613281,-1273.279969215393,-28.65,197,276
1147,Snacks_Crackers_1147,2022-03-01,1783.6399993896484,2499.6200256347656,-715.9800262451172,-28.64,86,143
1037,Electronics_Cables_1037,2022-09-01,19106.990783691406,26767.310638427734,-7660.319854736328,-28.62,107,161
1106,Snacks_Chocolates_1106,2022-05-01,1576.379979133606,2208.059986114502,-631.680006980896,-28.61,147,226
1158,Snacks_Crackers_1158,2023-10-01,472.5499973297119,661.5699949264526,-189.01999759674072,-28.57,65,91
1026,Snacks_Biscuits_1026,2025-09-01,530.0999927520752,742.1400051116943,-212.04001235961914,-28.57,93,139
1031,Snacks_Chips_1031,2025-02-01,2155.399990081787,3017.4199714660645,-862.0199813842773,-28.57,153,218
1171,Personal Care_Toothpaste_1171,2021-10-01,2708.5499267578125,3791.969902038574,-1083.4199752807617,-28.57,65,91
1097,Snacks_Crackers_1097,2024-03-01,354.65999603271484,496.34999775886536,-141.6900017261505,-28.55,145,209
1146,Snacks_Chocolates_1146,2022-02-01,3378.570016860962,4727.93999004364,-1349.3699731826782,-28.54,195,270
1024,Grocery_Canned Goods_1024,2021-06-01,1151.4900102615356,1611.4600253105164,-459.9700150489807,-28.54,131,202
1188,Grocery_Spices_1188,2025-03-01,3552.8300170898438,4972.119903564453,-1419.2898864746094,-28.54,219,274
1122,Dairy_Yogurt_1122,2025-04-01,2875.6000576019287,4022.6800785064697,-1147.080020904541,-28.52,94,157
1117,Snacks_Crackers_1117,2024-02-01,1790.8099870681763,2504.5499773025513,-713.739990234375,-28.50,198,277
1101,Snacks_Crackers_1101,2023-05-01,3189.7600326538086,4459.810009002686,-1270.049976348877,-28.48,128,201
1162,Dairy_Yogurt_1162,2023-05-01,2507.999954223633,3505.9199752807617,-997.9200210571289,-28.46,95,146
1163,Household_Paper Products_1163,2023-10-01,2542.5199584960938,3552.0499420166016,-1009.5299835205078,-28.42,68,95
1137,Snacks_Nuts_1137,2024-11-01,485.859986782074,678.7199835777283,-192.8599967956543,-28.42,73,101
1121,Grocery_Rice_1121,2021-12-01,1944.6799640655518,2716.2399520874023,-771.5599880218506,-28.41,61,90
1151,Electronics_Cables_1151,2023-02-01,21066.90980529785,29423.719696044922,-8356.80989074707,-28.40,159,227
1069,Grocery_Spices_1069,2024-03-01,4990.880031585693,6969.320095062256,-1978.4400634765625,-28.39,142,201
1029,Grocery_Canned Goods_1029,2024-02-01,5385.199956893921,7517.079967498779,-2131.8800106048584,-28.36,208,294
1038,Electronics_Cables_1038,2023-07-01,10741.699829101562,14991.259811401367,-4249.559982299805,-28.35,128,152
1130,Snacks_Nuts_1130,2023-08-01,2225.6700344085693,3105.8800315856934,-880.209997177124,-28.34,147,211
1159,Electronics_Batteries_1159,2021-08-01,25180.320098876953,35134.85998535156,-9954.53988647461,-28.33,151,214
1074,Personal Care_Skincare_1074,2025-10-01,5076.26985168457,7081.70979309082,-2005.43994140625,-28.32,81,113
1159,Electronics_Batteries_1159,2021-06-01,22616.160049438477,31546.819931030273,-8930.659881591797,-28.31,127,194
1166,Grocery_Spices_1166,2022-08-01,6613.969993591309,9225.520072937012,-2611.550079345703,-28.31,142,201
1048,Snacks_Biscuits_1048,2023-02-01,2857.2799758911133,3984.2699642181396,-1126.9899883270264,-28.29,224,321
1023,Personal Care_Toothpaste_1023,2023-03-01,6836.300045013428,9533.880210876465,-2697.580165863037,-28.29,119,174
1197,Electronics_Mobile Accessories_1197,2023-03-01,2035.6600227355957,2838.7799711227417,-803.119948387146,-28.29,121,181
1043,Electronics_Batteries_1043,2025-04-01,2391.950019836426,3335.069974899292,-943.1199550628662,-28.28,105,171
1123,Beverages_Water_1123,2021-06-01,1296.2399597167969,1806.5799646377563,-510.3400049209595,-28.25,132,205
1117,Snacks_Crackers_1117,2021-10-01,606.3399772644043,844.8999719619751,-238.5599946975708,-28.24,61,85
1179,Household_Cleaning Supplies_1179,2022-08-01,3784.119918823242,5272.339923858643,-1488.2200050354004,-28.23,139,194
1199,Electronics_Cables_1199,2022-06-01,25287.89974975586,35230.66970825195,-9942.769958496094,-28.22,110,156
1183,Electronics_Batteries_1183,2022-10-01,11238.359512329102,15653.429428100586,-4415.069915771484,-28.21,84,117
1057,Beverages_Tea_1057,2025-02-01,4935.519945144653,6875.259883880615,-1939.739938735962,-28.21,200,281
1001,Electronics_Chargers_1001,2023-02-01,22792.000427246094,31735.88037109375,-8943.879943847656,-28.18,155,211
1143,Dairy_Cheese_1143,2024-05-01,1548.8999481201172,2156.509973526001,-607.6100254058838,-28.18,90,135
1157,Household_Cleaning Supplies_1157,2024-08-01,1631.4999732971191,2270.839988708496,-639.340015411377,-28.15,120,164
1110,Grocery_Canned Goods_1110,2024-03-01,2333.579990386963,3247.7099838256836,-914.1299934387207,-28.15,138,195
1123,Beverages_Water_1123,2025-03-01,1342.0699710845947,1867.6299839019775,-525.5600128173828,-28.14,161,208
1077,Household_Cleaning Supplies_1077,2023-05-01,5235.999938964844,7285.179985046387,-2049.180046081543,-28.13,110,171
1173,Electronics_Batteries_1173,2022-06-01,20283.920120239258,28217.340156555176,-7933.420036315918,-28.12,124,183
1053,Snacks_Crackers_1053,2022-02-01,2161.4199714660645,3006.1999740600586,-844.7800025939941,-28.10,220,308
1092,Household_Detergent_1092,2022-02-01,4940.039934158325,6870.9499168396,-1930.9099826812744,-28.10,201,280
1092,Household_Detergent_1092,2022-10-01,2452.530029296875,3410.9900436401367,-958.4600143432617,-28.10,87,121
1020,Beverages_Juices_1020,2024-11-01,859.5399942398071,1195.1999893188477,-335.6599950790405,-28.08,87,120
1199,Electronics_Cables_1199,2025-08-01,30345.409622192383,42184.68960571289,-11839.279983520508,-28.07,139,196
1171,Personal Care_Toothpaste_1171,2023-11-01,2758.5899391174316,3833.639907836914,-1075.0499687194824,-28.04,69,92
1045,Electronics_Cables_1045,2021-02-01,24860.220184326172,34540.200286865234,-9679.980102539062,-28.03,196,268
1144,Household_Detergent_1144,2024-03-01,2116.130003929138,2940.330018043518,-824.2000141143799,-28.03,160,220
1098,Electronics_Mobile Accessories_1098,2023-11-01,7676.609924316406,10663.589874267578,-2986.979949951172,-28.01,85,103
1108,Dairy_Butter_1108,2024-02-01,7521.5999755859375,10447.03995513916,-2925.4399795532227,-28.00,215,287
1145,Household_Trash Bags_1145,2023-05-01,1432.5000162124634,1989.1400032043457,-556.6399869918823,-27.98,125,197
1132,Dairy_Butter_1132,2024-06-01,3481.5298957824707,4834.419830322266,-1352.889934539795,-27.98,104,139
1090,Dairy_Cheese_1090,2023-06-01,3843.980079650879,5334.840133666992,-1490.8600540161133,-27.95,108,146
1181,Personal Care_Soap_1181,2021-12-01,2895.760040283203,4019.3400554656982,-1123.5800151824951,-27.95,76,108
1098,Electronics_Mobile Accessories_1098,2024-03-01,15022.160034179688,20840.520141601562,-5818.360107421875,-27.92,158,222
1118,Dairy_Milk_1118,2024-04-01,2871.0800132751465,3982.519992828369,-1111.4399795532227,-27.91,130,176
1035,Electronics_Batteries_1035,2021-10-01,15213.560302734375,21102.680419921875,-5889.1201171875,-27.91,62,86
1191,Dairy_Butter_1191,2025-09-01,980.0999813079834,1359.2699851989746,-379.1700038909912,-27.90,99,147
1175,Household_Trash Bags_1175,2021-06-01,7061.120056152344,9792.800090789795,-2731.680034637451,-27.89,118,180
1016,Grocery_Rice_1016,2022-03-01,1846.8000354766846,2561.2200241088867,-714.4199886322021,-27.89,95,156
1080,Snacks_Chips_1080,2022-05-01,3365.340000152588,4667.269994735718,-1301.9299945831299,-27.89,154,243
1172,Electronics_Chargers_1172,2025-02-01,23727.720092773438,32899.95015716553,-9172.23006439209,-27.88,230,323
1076,Snacks_Chocolates_1076,2025-02-01,4177.200008392334,5791.560035705566,-1614.3600273132324,-27.87,204,282
1142,Electronics_Mobile Accessories_1142,2024-04-01,1967.289969444275,2727.2799501419067,-759.9899806976318,-27.87,136,187
1147,Snacks_Crackers_1147,2023-02-01,3357.899965286255,4655.269939422607,-1297.3699741363525,-27.87,176,251
1076,Snacks_Chocolates_1076,2024-02-01,3506.800003051758,4860.000017166138,-1353.2000141143799,-27.84,172,240
1153,Electronics_Batteries_1153,2024-03-01,23914.99998474121,33132.14962768555,-9217.149642944336,-27.82,159,227
1199,Electronics_Cables_1199,2025-02-01,31012.5595703125,42966.76934814453,-11954.209777832031,-27.82,152,201
1132,Dairy_Butter_1132,2023-06-01,3791.0198669433594,5251.779815673828,-1460.7599487304688,-27.81,109,151
1128,Grocery_Spices_1128,2023-05-01,3428.8199615478516,4749.459949493408,-1320.6399879455566,-27.81,129,198
1089,Electronics_Mobile Accessories_1089,2025-03-01,11395.439876556396,15785.559772491455,-4390.119895935059,-27.81,216,265
1060,Household_Detergent_1060,2022-11-01,2921.5199794769287,4046.7399673461914,-1125.2199878692627,-27.81,86,107
1051,Electronics_Cables_1051,2024-05-01,8276.59992980957,11462.519958496094,-3185.9200286865234,-27.79,116,174
1186,Dairy_Yogurt_1186,2024-05-01,551.4599885940552,763.3199944496155,-211.8600058555603,-27.76,101,150
1063,Snacks_Chocolates_1063,2022-02-01,2578.219961166382,3567.5199432373047,-989.2999820709229,-27.73,197,264
1166,Grocery_Spices_1166,2021-12-01,3817.4000244140625,5282.160049438477,-1464.760025024414,-27.73,79,108
1014,Dairy_Butter_1014,2025-02-01,1271.3399772644043,1758.1499767303467,-486.8099994659424,-27.69,180,248
1039,Beverages_Soft Drinks_1039,2025-08-01,3795.9000091552734,5249.470031738281,-1453.5700225830078,-27.69,155,213
1200,Beverages_Juices_1200,2024-03-01,891.8699855804443,1233.189992904663,-341.32000732421875,-27.68,127,179
1144,Household_Detergent_1144,2024-09-01,1576.1400127410889,2178.710027694702,-602.5700149536133,-27.66,109,161
1157,Household_Cleaning Supplies_1157,2023-05-01,1740.9700059890747,2406.279983520508,-665.3099775314331,-27.65,119,184
1157,Household_Cleaning Supplies_1157,2021-06-01,1960.4200010299683,2709.2099952697754,-748.7899942398071,-27.64,134,208
1087,Snacks_Crackers_1087,2023-03-01,853.6000089645386,1179.1500072479248,-325.54999828338623,-27.61,98,137
1078,Electronics_Cables_1078,2022-05-01,18377.43978881836,25387.11000061035,-7009.670211791992,-27.61,107,166
1185,Personal Care_Toothpaste_1185,2021-02-01,12850.409851074219,17741.40983581543,-4890.999984741211,-27.57,186,254
1161,Electronics_Batteries_1161,2025-06-01,8803.36018371582,12151.020217895508,-3347.6600341796875,-27.55,110,147
1117,Snacks_Crackers_1117,2025-02-01,1593.9699821472168,2199.8799810409546,-605.9099988937378,-27.54,174,245
1110,Grocery_Canned Goods_1110,2023-11-01,1187.4799900054932,1638.4899864196777,-451.00999641418457,-27.53,68,89
1082,Household_Detergent_1082,2024-04-01,5444.039932250977,7511.719902038574,-2067.6799697875977,-27.53,131,182
1034,Household_Cleaning Supplies_1034,2024-03-01,8078.749897003174,11147.009731292725,-3068.259834289551,-27.53,148,213
1195,Snacks_Chocolates_1195,2023-02-01,2861.6800117492676,3948.3800296783447,-1086.7000179290771,-27.52,150,209
1091,Dairy_Butter_1091,2025-02-01,1614.380000114441,2227.1600217819214,-612.7800216674805,-27.51,200,286
1100,Electronics_Mobile Accessories_1100,2023-09-01,1383.9599647521973,1908.5799674987793,-524.620002746582,-27.49,76,122
1147,Snacks_Crackers_1147,2023-03-01,2434.769992828369,3357.899965286255,-923.1299724578857,-27.49,128,176
1017,Household_Paper Products_1017,2024-04-01,5492.559986114502,7574.219993591309,-2081.6600074768066,-27.48,136,186
1008,Personal Care_Shampoo_1008,2021-10-01,2900.0399322509766,3998.540012359619,-1098.5000801086426,-27.47,66,91
1184,Snacks_Chocolates_1184,2022-02-01,3092.900032043457,4263.90002822876,-1170.9999961853027,-27.46,170,230
1090,Dairy_Cheese_1090,2024-03-01,5082.800054550171,7004.840061187744,-1922.0400066375732,-27.44,152,210
1167,Grocery_Rice_1167,2023-05-01,4679.90007019043,6448.040069580078,-1768.1399993896484,-27.42,106,167
1018,Personal Care_Deodorant_1018,2023-02-01,9143.229835510254,12596.389808654785,-3453.1599731445312,-27.41,183,251
1119,Grocery_Pasta_1119,2021-08-01,5532.819931030273,7619.3199462890625,-2086.500015258789,-27.38,164,228
1077,Household_Cleaning Supplies_1077,2025-08-01,5064.640022277832,6973.400043487549,-1908.7600212097168,-27.37,114,158
1045,Electronics_Cables_1045,2021-06-01,17651.25065612793,24302.400466918945,-6651.149810791016,-27.37,125,188
1184,Snacks_Chocolates_1184,2024-03-01,3654.060043334961,5031.270046234131,-1377.21000289917,-27.37,174,247
1102,Snacks_Biscuits_1102,2022-05-01,3118.120101928711,4292.420074462891,-1174.2999725341797,-27.36,155,228
1098,Electronics_Mobile Accessories_1098,2024-08-01,15726.480072021484,21648.570152282715,-5922.0900802612305,-27.36,161,224
1051,Electronics_Cables_1051,2024-02-01,12208.299987792969,16803.349983215332,-4595.049995422363,-27.35,190,261
1184,Snacks_Chocolates_1184,2023-05-01,2711.610038757324,3732.630069732666,-1021.0200309753418,-27.35,121,191
1025,Household_Detergent_1025,2024-02-01,1706.029977798462,2348.0099697113037,-641.9799919128418,-27.34,222,301
1078,Electronics_Cables_1078,2024-05-01,14917.589767456055,20525.129852294922,-5607.540084838867,-27.32,83,120
1109,Electronics_Batteries_1109,2024-03-01,4652.369941711426,6400.799942016602,-1748.4300003051758,-27.32,137,196
1200,Beverages_Juices_1200,2023-02-01,1256.8499927520752,1728.7899894714355,-471.93999671936035,-27.30,185,251
1180,Grocery_Spices_1180,2023-06-01,873.5999774932861,1201.19997215271,-327.5999946594238,-27.27,105,143
1122,Dairy_Yogurt_1122,2022-10-01,2528.00004196167,3476.0000610351562,-948.0000190734863,-27.27,80,110
1020,Beverages_Juices_1020,2023-06-01,1057.759991645813,1454.1599941253662,-396.4000024795532,-27.26,107,146
1197,Electronics_Mobile Accessories_1197,2023-11-01,1023.180009841919,1406.4000091552734,-383.2199993133545,-27.25,61,80
1087,Snacks_Crackers_1087,2021-06-01,1055.0400085449219,1449.560004234314,-394.5199956893921,-27.22,112,172
1163,Household_Paper Products_1163,2023-05-01,3925.949935913086,5393.37996673584,-1467.430030822754,-27.21,105,157
1045,Electronics_Cables_1045,2024-03-01,15737.94010925293,21619.41015625,-5881.47004699707,-27.20,120,169
1067,Grocery_Cereals_1067,2024-03-01,7142.650047302246,9809.390125274658,-2666.740077972412,-27.19,157,215
1125,Personal Care_Toothpaste_1125,2024-04-01,2790.010040283203,3832.140048980713,-1042.1300086975098,-27.19,108,152
1165,Personal Care_Skincare_1165,2025-10-01,1297.4999732971191,1781.89994430542,-484.3999710083008,-27.18,75,103
1090,Dairy_Cheese_1090,2022-11-01,3007.220054626465,4129.02010345459,-1121.800048828125,-27.17,90,113
1109,Electronics_Batteries_1109,2023-05-01,4403.189926147461,6046.019996643066,-1642.8300704956055,-27.17,121,184
1182,Beverages_Tea_1182,2023-10-01,939.340030670166,1289.8400421142578,-350.5000114440918,-27.17,67,92
1110,Grocery_Canned Goods_1110,2022-06-01,2061.9199829101562,2830.6099977493286,-768.6900148391724,-27.16,112,161
1074,Personal Care_Skincare_1074,2025-02-01,10907.769931793213,14975.069931030273,-4067.2999992370605,-27.16,191,261
1126,Beverages_Soft Drinks_1126,2025-03-01,3857.5700149536133,5294.919933319092,-1437.3499183654785,-27.15,184,223
1171,Personal Care_Toothpaste_1171,2024-03-01,5996.349960327148,8229.900039672852,-2233.550079345703,-27.14,155,220
1066,Household_Cleaning Supplies_1066,2023-09-01,4330.859893798828,5943.4399337768555,-1612.5800399780273,-27.13,87,134
1198,Dairy_Cheese_1198,2023-05-01,3471.9400482177734,4763.690055847168,-1291.7500076293945,-27.12,134,203
1055,Dairy_Butter_1055,2021-09-01,1180.8400020599365,1620.1000051498413,-439.2600030899048,-27.11,106,154
1096,Electronics_Mobile Accessories_1096,2024-04-01,12671.599998474121,17384.62006378174,-4713.020065307617,-27.11,117,165
1047,Household_Detergent_1047,2024-06-01,5189.040088653564,7113.670120239258,-1924.6300315856934,-27.06,147,197
1057,Beverages_Tea_1057,2024-08-01,3917.540002822876,5369.64999961853,-1452.1099967956543,-27.04,157,212
1177,Snacks_Chips_1177,2023-10-01,230.03999733924866,315.2399983406067,-85.20000100135803,-27.03,81,111
1179,Household_Cleaning Supplies_1179,2024-02-01,4815.799980163574,6597.99995803833,-1782.1999778747559,-27.01,185,251
1056,Snacks_Nuts_1056,2022-08-01,790.3799977302551,1082.7600002288818,-292.3800024986267,-27.00,141,194
1134,Household_Paper Products_1134,2024-05-01,1410.6600093841553,1932.1400146484375,-521.4800052642822,-26.99,102,148
1034,Household_Cleaning Supplies_1034,2025-02-01,8697.659851074219,11909.859798431396,-3212.1999473571777,-26.97,164,233
1024,Grocery_Canned Goods_1024,2022-02-01,1531.3300304412842,2096.010040283203,-564.680009841919,-26.94,207,279
1175,Household_Trash Bags_1175,2022-02-01,10187.76014328003,13942.720169067383,-3754.9600257873535,-26.93,194,269
1197,Electronics_Mobile Accessories_1197,2024-03-01,2460.959985733032,3367.919966697693,-906.9599809646606,-26.93,152,212
1043,Electronics_Batteries_1043,2021-10-01,1336.6500358581543,1829.1000175476074,-492.4499816894531,-26.92,57,78
1077,Household_Cleaning Supplies_1077,2024-10-01,3236.7999267578125,4426.799949645996,-1190.0000228881836,-26.88,68,93
1019,Electronics_Cables_1019,2022-05-01,26217.740188598633,35857.880279541016,-9640.140090942383,-26.88,127,198
1133,Electronics_Mobile Accessories_1133,2023-03-01,4116.159942626953,5629.009998321533,-1512.85005569458,-26.88,127,181
1049,Electronics_Batteries_1049,2024-08-01,14178.880096435547,19389.579833984375,-5210.699737548828,-26.87,128,176
1135,Household_Trash Bags_1135,2025-03-01,9198.80997467041,12577.639915466309,-3378.8299407958984,-26.86,229,274
1179,Household_Cleaning Supplies_1179,2021-11-01,2341.840000152588,3201.239978790283,-859.3999786376953,-26.85,86,111
1162,Dairy_Yogurt_1162,2022-02-01,4679.399940490723,6395.3999099731445,-1715.9999694824219,-26.83,215,284
1149,Electronics_Chargers_1149,2024-10-01,6214.800033569336,8493.56005859375,-2278.760025024414,-26.83,60,82
1029,Grocery_Canned Goods_1029,2024-03-01,3941.300003051758,5385.199956893921,-1443.899953842163,-26.81,154,208
1051,Electronics_Cables_1051,2025-08-01,10010.74006652832,13671.230117797852,-3660.4900512695312,-26.78,147,203
1065,Electronics_Chargers_1065,2023-09-01,13515.079986572266,18458.449798583984,-4943.369812011719,-26.78,76,119
1113,Dairy_Cheese_1113,2024-02-01,4259.340019226074,5817.260047912598,-1557.9200286865234,-26.78,190,254
1045,Electronics_Cables_1045,2025-06-01,13132.570495605469,17933.670669555664,-4801.100173950195,-26.77,97,127
1166,Grocery_Spices_1166,2025-02-01,10028.920051574707,13693.360137939453,-3664.440086364746,-26.76,226,303
1112,Household_Paper Products_1112,2024-02-01,1684.8599672317505,2300.279960632324,-615.4199934005737,-26.75,179,244
1094,Grocery_Rice_1094,2025-03-01,3898.6499938964844,5320.68994140625,-1422.0399475097656,-26.73,201,253
1135,Household_Trash Bags_1135,2022-05-01,7093.900135040283,9681.770076751709,-2587.869941711426,-26.73,146,223
1200,Beverages_Juices_1200,2021-06-01,883.8199729919434,1205.97998046875,-322.16000747680664,-26.71,118,176
1024,Grocery_Canned Goods_1024,2023-05-01,1098.7500066757202,1498.9200239181519,-400.17001724243164,-26.70,125,192
1026,Snacks_Biscuits_1026,2021-11-01,442.88999104499817,604.199990272522,-161.3099992275238,-26.70,78,106
1069,Grocery_Spices_1069,2023-11-01,2499.0999813079834,3408.699966430664,-909.5999851226807,-26.68,67,89
1086,Grocery_Rice_1086,2022-06-01,1686.7200336456299,2300.5800495147705,-613.8600158691406,-26.68,112,161
1055,Dairy_Butter_1055,2025-02-01,2115.5999898910522,2884.8499908447266,-769.2500009536743,-26.67,207,281
1068,Electronics_Chargers_1068,2024-04-01,10982.969802856445,14972.189819335938,-3989.220016479492,-26.64,121,169
1121,Grocery_Rice_1121,2021-08-01,4906.069976806641,6686.579933166504,-1780.5099563598633,-26.63,167,224
1170,Dairy_Yogurt_1170,2023-03-01,2722.139980316162,3709.7999954223633,-987.6600151062012,-26.62,139,194
1165,Personal Care_Skincare_1165,2024-08-01,2575.969955444336,3510.169937133789,-934.1999816894531,-26.61,159,217
1030,Dairy_Cream_1030,2021-02-01,3728.719997406006,5080.75004196167,-1352.030044555664,-26.61,186,252
1024,Grocery_Canned Goods_1024,2023-02-01,1567.9499821662903,2135.279987335205,-567.3300051689148,-26.57,197,268
1028,Household_Paper Products_1028,2022-05-01,5316.559852600098,7238.99983215332,-1922.4399795532227,-26.56,130,204
1142,Electronics_Mobile Accessories_1142,2025-06-01,1872.890009880066,2549.320004463196,-676.4299945831299,-26.53,122,163
1099,Personal Care_Toothpaste_1099,2025-06-01,4797.100063323975,6529.040065765381,-1731.9400024414062,-26.53,101,131
1090,Dairy_Cheese_1090,2023-05-01,5334.840133666992,7260.23003578186,-1925.3899021148682,-26.52,146,222
1103,Dairy_Milk_1103,2024-03-01,5981.029979705811,8138.439975738525,-2157.409996032715,-26.51,169,236
1101,Snacks_Crackers_1101,2021-08-01,3885.2100353240967,5285.800064086914,-1400.5900287628174,-26.50,165,227
1136,Personal Care_Shampoo_1136,2024-03-01,8338.38005065918,11337.930000305176,-2999.549949645996,-26.46,150,205
1137,Snacks_Nuts_1137,2022-03-01,719.0399842262268,977.7599902153015,-258.7200059890747,-26.46,107,174
1147,Snacks_Crackers_1147,2025-06-01,2089.620008468628,2841.379991531372,-751.7599830627441,-26.46,104,137
1082,Household_Detergent_1082,2024-02-01,8255.259841918945,11222.85986328125,-2967.6000213623047,-26.44,206,281
1022,Household_Cleaning Supplies_1022,2022-06-01,6523.580101013184,8867.300064086914,-2343.7199630737305,-26.43,119,170
1179,Household_Cleaning Supplies_1179,2024-12-01,2240.8599967956543,3045.519962310791,-804.6599655151367,-26.42,78,107
1188,Grocery_Spices_1188,2023-02-01,3436.8199424743652,4669.659931182861,-1232.839988708496,-26.40,182,250
1152,Personal Care_Toothpaste_1152,2024-09-01,5070.359996795654,6888.469955444336,-1818.1099586486816,-26.39,94,136
1039,Beverages_Soft Drinks_1039,2023-02-01,4669.839996337891,6343.500030517578,-1673.6600341796875,-26.38,199,269
1193,Beverages_Tea_1193,2022-05-01,1886.2699947357178,2562.2400007247925,-675.9700059890747,-26.38,141,209
1139,Dairy_Cream_1139,2024-06-01,2491.319911956787,3383.789863586426,-892.4699516296387,-26.37,113,149
1165,Personal Care_Skincare_1165,2022-02-01,3032.459949493408,4118.179950714111,-1085.7200012207031,-26.36,207,277
1122,Dairy_Yogurt_1122,2023-11-01,2327.340040206909,3160.0000553131104,-832.6600151062012,-26.35,74,100
1151,Electronics_Cables_1151,2021-06-01,18697.629638671875,25384.55983734131,-6686.930198669434,-26.34,131,194
1169,Beverages_Soft Drinks_1169,2024-02-01,919.3799982070923,1248.0300016403198,-328.65000343322754,-26.33,168,226
1126,Beverages_Soft Drinks_1126,2024-02-01,3973.9599380493164,5393.759929656982,-1419.799991607666,-26.32,171,230
1064,Snacks_Biscuits_1064,2023-02-01,2868.8300161361694,3892.4500427246094,-1023.6200265884399,-26.30,181,235
1132,Dairy_Butter_1132,2023-03-01,3950.859909057617,5359.339889526367,-1408.47998046875,-26.28,121,167
1011,Personal Care_Shampoo_1011,2023-11-01,1667.2800559997559,2261.0700607299805,-593.7900047302246,-26.26,85,111
1125,Personal Care_Toothpaste_1125,2022-05-01,3094.849977493286,4194.130001068115,-1099.280023574829,-26.21,119,185
1194,Dairy_Butter_1194,2022-02-01,1749.9499921798706,2371.0599789619446,-621.109986782074,-26.20,212,279
1175,Household_Trash Bags_1175,2023-08-01,8365.420078277588,11333.460094451904,-2968.0400161743164,-26.19,161,213
1135,Household_Trash Bags_1135,2022-02-01,8040.900020599365,10893.570049285889,-2852.6700286865234,-26.19,196,251
1142,Electronics_Mobile Accessories_1142,2021-10-01,969.680006980896,1313.7600030899048,-344.0799961090088,-26.19,62,84
1063,Snacks_Chocolates_1063,2025-10-01,1005.6399841308594,1362.4799537658691,-356.83996963500977,-26.19,62,84
1172,Electronics_Chargers_1172,2022-02-01,20166.04995727539,27313.48991394043,-7147.439956665039,-26.17,209,281
1043,Electronics_Batteries_1043,2024-03-01,3162.080032348633,4281.6800537109375,-1119.6000213623047,-26.15,144,200
1005,Household_Paper Products_1005,2021-02-01,3444.5599603652954,4663.199962615967,-1218.6400022506714,-26.13,217,286
1183,Electronics_Batteries_1183,2024-04-01,14328.829635620117,19392.759826660156,-5063.930191040039,-26.11,115,155
1199,Electronics_Cables_1199,2025-03-01,22919.789810180664,31012.5595703125,-8092.769760131836,-26.10,124,152
1047,Household_Detergent_1047,2025-10-01,2455.4800415039062,3322.1200561523438,-866.6400146484375,-26.09,68,92
1081,Snacks_Nuts_1081,2021-10-01,855.1000242233276,1156.9000396728516,-301.8000154495239,-26.09,85,115
1162,Dairy_Yogurt_1162,2025-07-01,3339.5999546051025,4514.399919509888,-1174.7999649047852,-26.02,134,176
1186,Dairy_Yogurt_1186,2025-06-01,496.87999629974365,671.5799942016602,-174.6999979019165,-26.01,92,123
1170,Dairy_Yogurt_1170,2023-05-01,2108.699981689453,2849.9999961853027,-741.3000144958496,-26.01,99,148
1138,Household_Cleaning Supplies_1138,2025-03-01,7053.639945983887,9529.319801330566,-2475.6798553466797,-25.98,195,226
1050,Snacks_Chips_1050,2022-11-01,1346.9600105285645,1819.6800155639648,-472.7200050354004,-25.98,79,102
1054,Snacks_Chips_1054,2025-03-01,1563.5800046920776,2110.899987220764,-547.3199825286865,-25.93,191,233
1125,Personal Care_Toothpaste_1125,2021-10-01,1618.2000102996826,2184.570001602173,-566.3699913024902,-25.93,60,81
1097,Snacks_Crackers_1097,2022-10-01,156.59999465942383,211.4099931716919,-54.809998512268066,-25.93,60,81
1195,Snacks_Chocolates_1195,2023-05-01,2196.5999965667725,2965.689965248108,-769.0899686813354,-25.93,105,157
1164,Electronics_Cables_1164,2024-03-01,31859.119903564453,43005.360122680664,-11146.240219116211,-25.92,179,243
1135,Household_Trash Bags_1135,2024-03-01,8043.329944610596,10855.769931793213,-2812.439987182617,-25.91,171,233
1128,Grocery_Spices_1128,2021-06-01,4119.899961471558,5560.119951248169,-1440.2199897766113,-25.90,155,230
1061,Personal Care_Skincare_1061,2024-08-01,7960.120090484619,10742.660152435303,-2782.5400619506836,-25.90,155,209
1051,Electronics_Cables_1051,2023-08-01,8305.140090942383,11201.95011138916,-2896.8100204467773,-25.86,137,180
1012,Beverages_Juices_1012,2022-05-01,1688.600019454956,2277.699996948242,-589.0999774932861,-25.86,126,189
1041,Snacks_Nuts_1041,2023-03-01,1092.599998474121,1473.2999801635742,-380.6999816894531,-25.84,85,118
1044,Snacks_Biscuits_1044,2021-08-01,3579.990104675293,4827.4301109313965,-1247.4400062561035,-25.84,175,236
1131,Snacks_Crackers_1131,2022-03-01,2440.8799686431885,3291.4200286865234,-850.540060043335,-25.84,104,165
1142,Electronics_Mobile Accessories_1142,2024-11-01,962.6700038909912,1298.1200113296509,-335.45000743865967,-25.84,64,83
1148,Household_Cleaning Supplies_1148,2021-08-01,7634.18000793457,10293.249954223633,-2659.0699462890625,-25.83,154,205
1079,Beverages_Juices_1079,2021-09-01,577.1999912261963,777.9199895858765,-200.71999835968018,-25.80,111,159
1038,Electronics_Cables_1038,2024-04-01,12380.279891967773,16669.299865722656,-4289.019973754883,-25.73,134,182
1027,Snacks_Chips_1027,2025-02-01,1057.00000333786,1423.220004081726,-366.22000074386597,-25.73,189,256
1143,Dairy_Cheese_1143,2023-02-01,3345.8099966049194,4504.980010032654,-1159.1700134277344,-25.73,213,288
1044,Snacks_Biscuits_1044,2023-05-01,2375.1100997924805,3197.5100593566895,-822.399959564209,-25.72,109,164
1174,Electronics_Mobile Accessories_1174,2022-06-01,29383.700469970703,39559.6803894043,-10175.979919433594,-25.72,122,171
1009,Electronics_Batteries_1009,2021-08-01,13015.340026855469,17517.580001831055,-4502.239974975586,-25.70,151,206
1031,Snacks_Chips_1031,2022-06-01,1832.4000549316406,2466.0400495529175,-633.6399946212769,-25.69,120,168
1018,Personal Care_Deodorant_1018,2022-08-01,6050.759899139404,8141.19987487793,-2090.4399757385254,-25.68,117,158
1091,Dairy_Butter_1091,2022-09-01,891.4799766540527,1199.559983253479,-308.08000659942627,-25.68,102,148
1118,Dairy_Milk_1118,2021-06-01,2962.5000495910645,3985.8800506591797,-1023.3800010681152,-25.68,125,195
1198,Dairy_Cheese_1198,2024-11-01,2157.000015258789,2901.9200325012207,-744.9200172424316,-25.67,85,112
1190,Dairy_Milk_1190,2021-08-01,2594.9099674224854,3490.3899726867676,-895.4800052642822,-25.66,138,184
1018,Personal Care_Deodorant_1018,2024-05-01,5626.319953918457,7568.10990524292,-1941.789951324463,-25.66,102,145
1054,Snacks_Chips_1054,2025-04-01,1162.47997713089,1563.5800046920776,-401.10002756118774,-25.65,120,191
1081,Snacks_Nuts_1081,2021-09-01,1156.9000396728516,1555.9500141143799,-399.0499744415283,-25.65,115,163
1059,Electronics_Cables_1059,2021-06-01,2717.43994140625,3654.45991897583,-937.0199775695801,-25.64,128,196
1121,Grocery_Rice_1121,2025-10-01,1849.0399570465088,2486.639949798584,-637.5999927520752,-25.64,58,78
1191,Dairy_Butter_1191,2024-04-01,1071.7799797058105,1440.7999858856201,-369.02000617980957,-25.61,113,156
1164,Electronics_Cables_1164,2021-06-01,28062.319915771484,37707.50010681152,-9645.180191040039,-25.58,143,213
1151,Electronics_Cables_1151,2021-02-01,25334.51983642578,34033.88962554932,-8699.369789123535,-25.56,194,262
1197,Electronics_Mobile Accessories_1197,2021-10-01,1177.860008239746,1582.200008392334,-404.3400001525879,-25.56,67,90
1182,Beverages_Tea_1182,2025-03-01,2504.8100509643555,3363.8599910736084,-859.0499401092529,-25.54,221,263
1073,Electronics_Chargers_1073,2024-02-01,23250.980018615723,31226.080123901367,-7975.1001052856445,-25.54,214,284
1072,Electronics_Chargers_1072,2024-11-01,21121.749908447266,28352.940170288086,-7231.19026184082,-25.50,89,119
1154,Household_Cleaning Supplies_1154,2022-02-01,2971.729949951172,3988.839909553528,-1017.109959602356,-25.50,217,296
1138,Household_Cleaning Supplies_1138,2021-06-01,6155.239837646484,8260.939819335938,-2105.699981689453,-25.49,133,200
1170,Dairy_Yogurt_1170,2025-02-01,4357.30001449585,5847.100002288818,-1489.7999877929688,-25.48,225,299
1062,Personal Care_Deodorant_1062,2022-06-01,3180.62003326416,4267.500032424927,-1086.8799991607666,-25.47,109,150
1104,Grocery_Pasta_1104,2022-06-01,2259.8400688171387,3030.720090866089,-770.8800220489502,-25.44,107,150
1035,Electronics_Batteries_1035,2021-02-01,39358.64074707031,52780.861267089844,-13422.220520019531,-25.43,176,234
1081,Snacks_Nuts_1081,2024-04-01,1506.4900226593018,2019.9400310516357,-513.450008392334,-25.42,159,217
1118,Dairy_Milk_1118,2022-02-01,3826.920036315918,5130.240058898926,-1303.3200225830078,-25.40,193,257
1041,Snacks_Nuts_1041,2021-06-01,2022.720006942749,2710.7399711608887,-688.0199642181396,-25.38,147,214
1100,Electronics_Mobile Accessories_1100,2021-09-01,1784.5799598693848,2391.0599327087402,-606.4799728393555,-25.36,98,140
1015,Dairy_Cream_1015,2025-02-01,5061.049942016602,6779.699951171875,-1718.6500091552734,-25.35,202,276
1175,Household_Trash Bags_1175,2024-12-01,4550.780033111572,6094.740051269531,-1543.960018157959,-25.33,78,105
1106,Snacks_Chocolates_1106,2025-02-01,2018.2200202941895,2702.530023574829,-684.3100032806396,-25.32,196,270
1169,Beverages_Soft Drinks_1169,2021-10-01,395.8500099182129,529.8300132751465,-133.9800033569336,-25.29,65,87
1110,Grocery_Canned Goods_1110,2023-06-01,2187.1199798583984,2927.1899757385254,-740.069995880127,-25.28,120,159
1111,Snacks_Nuts_1111,2021-08-01,1872.300030708313,2505.2400407791138,-632.9400100708008,-25.26,159,213
1160,Snacks_Nuts_1160,2023-11-01,466.61999702453613,624.1799983978271,-157.56000137329102,-25.24,79,101
1166,Grocery_Spices_1166,2023-05-01,5573.160057067871,7452.560043334961,-1879.3999862670898,-25.22,113,171
1169,Beverages_Soft Drinks_1169,2021-04-01,491.8900098800659,657.7200164794922,-165.83000659942627,-25.21,93,108
1110,Grocery_Canned Goods_1110,2021-08-01,2669.5299758911133,3568.8999671936035,-899.3699913024902,-25.20,153,206
1196,Grocery_Pasta_1196,2024-03-01,4850.38002204895,6482.140029907227,-1631.7600078582764,-25.17,177,236
1105,Beverages_Water_1105,2024-08-01,2367.1799926757812,3163.080032348633,-795.9000396728516,-25.16,147,197
1060,Household_Detergent_1060,2024-05-01,4387.119964599609,5862.359991073608,-1475.240026473999,-25.16,116,168
1028,Household_Paper Products_1028,2023-05-01,4971.819854736328,6642.759826660156,-1670.9399719238281,-25.15,119,176
1194,Dairy_Butter_1194,2024-03-01,1412.639991760254,1887.119987487793,-474.47999572753906,-25.14,160,216
1190,Dairy_Milk_1190,2023-03-01,2662.2600078582764,3555.4999656677246,-893.2399578094482,-25.12,141,195
1015,Dairy_Cream_1015,2021-11-01,1869.2399616241455,2495.959936141968,-626.7199745178223,-25.11,74,92
1072,Electronics_Chargers_1072,2022-11-01,18560.459930419922,24779.039840698242,-6218.57991027832,-25.10,80,104
1097,Snacks_Crackers_1097,2024-04-01,265.6499996185303,354.65999603271484,-89.00999641418457,-25.10,110,145
1036,Electronics_Mobile Accessories_1036,2024-08-01,10961.170021057129,14629.769912719727,-3668.5998916625977,-25.08,129,174
1129,Electronics_Chargers_1129,2024-03-01,20442.129943847656,27281.500061035156,-6839.3701171875,-25.07,142,195
1115,Household_Paper Products_1115,2024-04-01,5322.030071258545,7099.77006149292,-1777.739990234375,-25.04,128,173
1186,Dairy_Yogurt_1186,2024-09-01,567.8399906158447,757.5199766159058,-189.67998600006104,-25.04,104,147
1180,Grocery_Spices_1180,2022-08-01,1278.479992866516,1705.6199951171875,-427.1400022506714,-25.04,161,217
1026,Snacks_Biscuits_1026,2023-08-01,833.3399963378906,1111.49999666214,-278.16000032424927,-25.03,167,216
1009,Electronics_Batteries_1009,2022-06-01,10095.449844360352,13460.569763183594,-3365.119918823242,-25.00,111,151
1066,Household_Cleaning Supplies_1066,2023-11-01,3210.8399353027344,4281.079895019531,-1070.2399597167969,-25.00,68,86
1043,Electronics_Batteries_1043,2023-06-01,2180.8500366210938,2907.8000526428223,-726.9500160217285,-25.00,95,124
1130,Snacks_Nuts_1130,2025-06-01,1580.5400485992432,2107.5000762939453,-526.9600276947021,-25.00,98,125
1151,Electronics_Cables_1151,2021-10-01,9848.36979675293,13131.159713745117,-3282.7899169921875,-25.00,69,92
1047,Household_Detergent_1047,2023-02-01,7190.820062637329,9584.850080490112,-2394.030017852783,-24.98,220,289
1179,Household_Cleaning Supplies_1179,2023-05-01,3403.1199645996094,4536.329936981201,-1133.2099723815918,-24.98,118,181
1007,Personal Care_Shampoo_1007,2024-03-01,8787.44995880127,11709.819869995117,-2922.3699111938477,-24.96,141,196
1041,Snacks_Nuts_1041,2021-11-01,971.4200057983398,1293.4400024414062,-322.0199966430664,-24.90,76,94
1106,Snacks_Chocolates_1106,2022-06-01,1184.3999853134155,1576.379979133606,-391.97999382019043,-24.87,105,147
1130,Snacks_Nuts_1130,2021-08-01,2646.6600227355957,3522.380051612854,-875.7200288772583,-24.86,166,223
1070,Grocery_Canned Goods_1070,2024-02-01,7716.320045471191,10268.770038604736,-2552.449993133545,-24.86,206,271
1173,Electronics_Batteries_1173,2021-06-01,20120.34001159668,26761.340034484863,-6641.000022888184,-24.82,123,181
1076,Snacks_Chocolates_1076,2023-05-01,2174.740026473999,2892.4400119781494,-717.6999855041504,-24.81,97,142
1151,Electronics_Cables_1151,2022-09-01,13131.159744262695,17456.140182495117,-4324.980438232422,-24.78,92,131
1157,Household_Cleaning Supplies_1157,2025-02-01,2661.6199798583984,3538.289981842041,-876.6700019836426,-24.78,196,267
1163,Household_Paper Products_1163,2022-11-01,2953.7399673461914,3925.949935913086,-972.2099685668945,-24.76,86,105
1105,Beverages_Water_1105,2023-07-01,2157.1300115585327,2866.100067138672,-708.9700555801392,-24.74,140,171
1089,Electronics_Mobile Accessories_1089,2022-05-01,8276.699836730957,10996.800079345703,-2720.100242614746,-24.74,128,203
1087,Snacks_Crackers_1087,2022-06-01,1017.3600082397461,1351.740008354187,-334.3800001144409,-24.74,108,145
1061,Personal Care_Skincare_1061,2023-08-01,5640.60001373291,7492.080005645752,-1851.4799919128418,-24.71,118,156
1025,Household_Detergent_1025,2025-09-01,839.5199756622314,1114.9499998092651,-275.4300241470337,-24.70,99,140
1141,Beverages_Coffee_1141,2022-02-01,1301.5400114059448,1728.3500204086304,-426.81000900268555,-24.69,178,237
1183,Electronics_Batteries_1183,2025-03-01,22489.64019012451,29861.669845581055,-7372.029655456543,-24.69,214,249
1025,Household_Detergent_1025,2023-10-01,491.83997917175293,652.9599838256836,-161.12000465393066,-24.68,58,77
1078,Electronics_Cables_1078,2023-05-01,21387.869659423828,28388.07000732422,-7000.200347900391,-24.66,119,177
1050,Snacks_Chips_1050,2022-03-01,1908.8800163269043,2533.2800121307373,-624.399995803833,-24.65,107,168
1009,Electronics_Batteries_1009,2025-02-01,15584.509780883789,20682.389526367188,-5097.879745483398,-24.65,185,249
1088,Household_Cleaning Supplies_1088,2024-04-01,2810.249990463257,3729.7899856567383,-919.5399951934814,-24.65,141,189
1184,Snacks_Chocolates_1184,2022-03-01,2330.6400260925293,3092.900032043457,-762.2600059509277,-24.65,104,170
1012,Beverages_Juices_1012,2024-05-01,1565.100025177002,2076.7000017166138,-511.5999765396118,-24.64,111,157
1179,Household_Cleaning Supplies_1179,2024-06-01,2826.3599815368652,3749.199962615967,-922.8399810791016,-24.61,104,130
1014,Dairy_Butter_1014,2022-02-01,1295.560004234314,1718.2900047302246,-422.73000049591064,-24.60,196,259
1010,Grocery_Rice_1010,2024-03-01,2634.87002658844,3494.420033454895,-859.5500068664551,-24.60,171,232
1038,Electronics_Cables_1038,2025-02-01,17116.07991027832,22700.66990661621,-5584.589996337891,-24.60,188,251
1011,Personal Care_Shampoo_1011,2024-08-01,3028.7700538635254,4016.6400604248047,-987.8700065612793,-24.59,157,208
1111,Snacks_Nuts_1111,2024-08-01,2017.9800434112549,2676.020049095154,-658.0400056838989,-24.59,171,226
1086,Grocery_Rice_1086,2025-03-01,2255.840043067932,2990.7800617218018,-734.9400186538696,-24.57,172,219
1077,Household_Cleaning Supplies_1077,2024-08-01,7144.759979248047,9472.400032043457,-2327.64005279541,-24.57,161,212
1133,Electronics_Mobile Accessories_1133,2021-06-01,3655.79988861084,4845.739929199219,-1189.940040588379,-24.56,108,159
1027,Snacks_Chips_1027,2023-02-01,856.7600030899048,1135.6000037193298,-278.84000062942505,-24.55,155,205
1134,Household_Paper Products_1134,2024-08-01,1935.11998462677,2564.3999967575073,-629.2800121307373,-24.54,150,196
1036,Electronics_Mobile Accessories_1036,2023-09-01,8590.080215454102,11381.520164489746,-2791.4399490356445,-24.53,96,144
1009,Electronics_Batteries_1009,2023-05-01,10095.449798583984,13374.149940490723,-3278.7001419067383,-24.52,111,167
1064,Snacks_Biscuits_1064,2025-03-01,2678.9800338745117,3549.4900302886963,-870.5099964141846,-24.52,186,218
1198,Dairy_Cheese_1198,2024-05-01,3135.1100425720215,4153.30001449585,-1018.1899719238281,-24.52,121,172
1011,Personal Care_Shampoo_1011,2023-05-01,2342.5500717163086,3102.7700204849243,-760.2199487686157,-24.50,115,176
1104,Grocery_Pasta_1104,2023-02-01,3795.0600090026855,5026.2400188446045,-1231.180009841919,-24.50,195,262
1183,Electronics_Batteries_1183,2023-11-01,10910.549682617188,14449.31948852539,-3538.769805908203,-24.49,84,108
1047,Household_Detergent_1047,2024-08-01,4990.500030517578,6608.240051269531,-1617.7400207519531,-24.48,148,194
1031,Snacks_Chips_1031,2025-06-01,1557.4800281524658,2061.4500617980957,-503.9700336456299,-24.45,108,135
1088,Household_Cleaning Supplies_1088,2024-06-01,2302.179988861084,3047.0399780273438,-744.8599891662598,-24.45,113,144
1065,Electronics_Chargers_1065,2022-06-01,21161.770050048828,28008.179916381836,-6846.409866333008,-24.44,119,162
1124,Dairy_Cheese_1124,2022-07-01,2195.6400184631348,2905.2600860595703,-709.6200675964355,-24.43,101,123
1105,Beverages_Water_1105,2024-09-01,1789.2000732421875,2367.1799926757812,-577.9799194335938,-24.42,105,147
1126,Beverages_Soft Drinks_1126,2022-11-01,2156.2600173950195,2852.700038909912,-696.4400215148926,-24.41,86,111
1050,Snacks_Chips_1050,2025-03-01,2738.6699981689453,3621.8800048828125,-883.2100067138672,-24.39,188,223
1126,Beverages_Soft Drinks_1126,2023-02-01,4570.139923095703,6043.879951477051,-1473.7400283813477,-24.38,196,258
1136,Personal Care_Shampoo_1136,2023-05-01,6571.610008239746,8690.700004577637,-2119.0899963378906,-24.38,109,161
1078,Electronics_Cables_1078,2021-06-01,23185.169662475586,30653.009719848633,-7467.840057373047,-24.36,129,189
1150,Electronics_Batteries_1150,2024-04-01,18113.720100402832,23945.33006286621,-5831.609962463379,-24.35,144,195
1168,Snacks_Chips_1168,2021-06-01,2734.1600971221924,3612.7800788879395,-878.6199817657471,-24.32,143,204
1167,Grocery_Rice_1167,2023-03-01,4785.860054016113,6322.559860229492,-1536.699806213379,-24.31,119,160
1108,Dairy_Butter_1108,2023-03-01,4411.839973449707,5829.020004272461,-1417.180030822754,-24.31,119,161
1055,Dairy_Butter_1055,2024-09-01,1236.5400094985962,1633.4999904632568,-396.95998096466064,-24.30,111,156
1179,Household_Cleaning Supplies_1179,2021-02-01,4139.569972991943,5467.599950790405,-1328.029977798462,-24.29,159,207
1187,Personal Care_Skincare_1187,2023-02-01,12215.349983215332,16132.650009155273,-3917.3000259399414,-24.28,185,251
1083,Dairy_Cheese_1083,2024-02-01,2613.1600379943848,3450.2000465393066,-837.0400085449219,-24.26,207,273
1101,Snacks_Crackers_1101,2021-06-01,3065.1600399017334,4047.100019454956,-981.9399795532227,-24.26,123,186
1142,Electronics_Mobile Accessories_1142,2022-06-01,1782.9600048065186,2353.8200092315674,-570.8600044250488,-24.25,114,152
1138,Household_Cleaning Supplies_1138,2022-11-01,3470.9999084472656,4581.719879150391,-1110.719970703125,-24.24,75,99
1129,Electronics_Chargers_1129,2024-08-01,20954.799591064453,27649.199462890625,-6694.399871826172,-24.21,148,192
1116,Personal Care_Skincare_1116,2025-10-01,5624.64013671875,7421.400215148926,-1796.7600784301758,-24.21,72,95
1078,Electronics_Cables_1078,2025-09-01,19590.569702148438,25845.41975402832,-6254.850051879883,-24.20,109,152
1065,Electronics_Chargers_1065,2025-03-01,25803.03018951416,34037.220123291016,-8234.189933776855,-24.19,176,210
1004,Beverages_Juices_1004,2024-11-01,1844.1199760437012,2432.3599700927734,-588.2399940490723,-24.18,75,98
1100,Electronics_Mobile Accessories_1100,2022-02-01,3118.799991607666,4111.239974975586,-992.4399833679199,-24.14,205,259
1140,Personal Care_Shampoo_1140,2023-10-01,2366.0999450683594,3118.949935913086,-752.8499908447266,-24.14,66,87
1139,Dairy_Cream_1139,2022-02-01,3536.760015487671,4660.809982299805,-1124.0499668121338,-24.12,188,247
1125,Personal Care_Toothpaste_1125,2023-11-01,2067.2499713897705,2723.9699993133545,-656.720027923584,-24.11,77,101
1155,Electronics_Mobile Accessories_1155,2022-06-01,2791.3599224090576,3677.9599056243896,-886.599983215332,-24.11,122,165
1164,Electronics_Cables_1164,2024-05-01,21586.400192260742,28444.790313720703,-6858.390121459961,-24.11,110,155
1173,Electronics_Batteries_1173,2023-05-01,16030.839950561523,21117.759872436523,-5086.919921875,-24.09,98,150
1179,Household_Cleaning Supplies_1179,2021-03-01,3143.5599517822266,4139.569972991943,-996.0100212097168,-24.06,109,159
1196,Grocery_Pasta_1196,2022-02-01,5719.179912567139,7530.959907531738,-1811.7799949645996,-24.06,223,304
1065,Electronics_Chargers_1065,2022-09-01,19027.81004333496,25056.550079345703,-6028.740036010742,-24.06,107,151
1055,Dairy_Butter_1055,2025-06-01,1336.8400135040283,1760.120005607605,-423.27999210357666,-24.05,122,158
1166,Grocery_Spices_1166,2024-02-01,8465.560020446777,11146.000129699707,-2680.4401092529297,-24.05,188,250
1181,Personal Care_Soap_1181,2024-03-01,5200.890045166016,6845.730056762695,-1644.8400115966797,-24.03,147,195
1100,Electronics_Mobile Accessories_1100,2023-02-01,2756.2199783325195,3627.659942626953,-871.4399642944336,-24.02,165,222
1088,Household_Cleaning Supplies_1088,2022-05-01,2745.5099868774414,3613.0700178146362,-867.5600309371948,-24.01,134,201
1084,Household_Paper Products_1084,2022-06-01,5315.789932250977,6991.999931335449,-1676.2099990844727,-23.97,111,152
1186,Dairy_Yogurt_1186,2025-02-01,887.3999905586243,1167.1999950408936,-279.8000044822693,-23.97,181,236
1076,Snacks_Chocolates_1076,2024-10-01,1636.6600189208984,2152.320026397705,-515.6600074768066,-23.96,73,96
1024,Grocery_Canned Goods_1024,2025-07-01,1001.0899906158447,1316.250012397766,-315.1600217819214,-23.94,123,155
1123,Beverages_Water_1123,2021-10-01,530.2799835205078,697.2199783325195,-166.93999481201172,-23.94,54,71
1154,Household_Cleaning Supplies_1154,2024-11-01,1136.1500053405762,1493.6600065231323,-357.51000118255615,-23.94,75,94
1173,Electronics_Batteries_1173,2022-02-01,29116.660469055176,38276.86058807373,-9160.200119018555,-23.93,207,277
1105,Beverages_Water_1105,2025-02-01,2587.919990539551,3401.5199661254883,-813.5999755859375,-23.92,169,219
1154,Household_Cleaning Supplies_1154,2024-05-01,1636.6700038909912,2150.839988708496,-514.1699848175049,-23.91,103,146
1032,Snacks_Chocolates_1032,2023-02-01,2424.4599924087524,3186.4299745559692,-761.9699821472168,-23.91,174,231
1013,Grocery_Cereals_1013,2024-11-01,2846.8400688171387,3741.1500701904297,-894.310001373291,-23.90,82,105
1047,Household_Detergent_1047,2022-11-01,3132.520050048828,4116.540069580078,-984.02001953125,-23.90,92,114
1127,Grocery_Rice_1127,2023-02-01,3770.9100666046143,4955.040092468262,-1184.1300258636475,-23.90,203,268
1111,Snacks_Nuts_1111,2024-11-01,1041.8400268554688,1369.0400304794312,-327.2000036239624,-23.90,84,109
1110,Grocery_Canned Goods_1110,2023-03-01,2087.7599868774414,2742.299997329712,-654.5400104522705,-23.87,120,162
1179,Household_Cleaning Supplies_1179,2025-10-01,1932.2799949645996,2537.9199829101562,-605.6399879455566,-23.86,67,88
1123,Beverages_Water_1123,2021-08-01,1399.5199928283691,1837.9599900245667,-438.4399971961975,-23.85,151,201
1099,Personal Care_Toothpaste_1099,2025-08-01,7272.060070037842,9549.840084075928,-2277.780014038086,-23.85,156,204
1063,Snacks_Chocolates_1063,2024-10-01,1346.2599620819092,1767.9799461364746,-421.71998405456543,-23.85,83,109
1078,Electronics_Cables_1078,2025-10-01,14917.589782714844,19590.569702148438,-4672.979919433594,-23.85,83,109
1069,Grocery_Spices_1069,2025-09-01,4634.299942016602,6085.870105743408,-1451.5701637268066,-23.85,121,168
1066,Household_Cleaning Supplies_1066,2025-06-01,4890.939884185791,6421.619842529297,-1530.6799583435059,-23.84,101,129
1008,Personal Care_Shampoo_1008,2021-06-01,5887.959987640381,7731.43000793457,-1843.4700202941895,-23.84,134,191
1055,Dairy_Butter_1055,2024-05-01,1180.8400106430054,1550.1800003051758,-369.3399896621704,-23.83,106,147
1045,Electronics_Cables_1045,2025-02-01,26159.340240478516,34342.53024291992,-8183.190002441406,-23.83,204,269
1094,Grocery_Rice_1094,2024-02-01,3752.5399646759033,4926.029941558838,-1173.4899768829346,-23.82,172,232
1099,Personal Care_Toothpaste_1099,2022-06-01,4984.000053405762,6541.500057220459,-1557.5000038146973,-23.81,100,136
1131,Snacks_Crackers_1131,2024-11-01,1681.629997253418,2206.1799869537354,-524.5499897003174,-23.78,72,94
1092,Household_Detergent_1092,2022-06-01,2621.6700344085693,3439.140022277832,-817.4699878692627,-23.77,93,126
1019,Electronics_Cables_1019,2024-04-01,20497.440307617188,26884.960342407227,-6387.520034790039,-23.76,104,138
1182,Beverages_Tea_1182,2021-07-01,1517.800012588501,1990.8400650024414,-473.04005241394043,-23.76,115,142
1037,Electronics_Cables_1037,2022-02-01,32410.810180664062,42500.07015991211,-10089.259979248047,-23.74,217,279
1066,Household_Cleaning Supplies_1066,2021-02-01,10226.889995574951,13407.729961395264,-3180.8399658203125,-23.72,226,295
1175,Household_Trash Bags_1175,2025-02-01,7928.520122528076,10390.700141906738,-2462.180019378662,-23.70,143,193
1114,Electronics_Batteries_1114,2024-02-01,25248.759674072266,33083.33940124512,-7834.579727172852,-23.68,185,246
1007,Personal Care_Shampoo_1007,2021-02-01,12917.149856567383,16922.479820251465,-4005.329963684082,-23.67,212,272
1009,Electronics_Batteries_1009,2022-10-01,6184.599899291992,8094.549865722656,-1909.949966430664,-23.60,68,89
1041,Snacks_Nuts_1041,2024-03-01,1996.8399934768677,2613.5599699020386,-616.7199764251709,-23.60,155,210
1034,Household_Cleaning Supplies_1034,2024-02-01,11147.009731292725,14589.289752960205,-3442.2800216674805,-23.59,213,280
1192,Dairy_Milk_1192,2022-11-01,1544.4899883270264,2021.2400169372559,-476.7500286102295,-23.59,71,92
1167,Grocery_Rice_1167,2022-02-01,7439.0600662231445,9734.750114440918,-2295.6900482177734,-23.58,190,253
1026,Snacks_Biscuits_1026,2021-08-01,757.53000831604,990.9700121879578,-233.44000387191772,-23.56,142,187
1037,Electronics_Cables_1037,2022-11-01,15017.730506896973,19642.700805664062,-4624.97029876709,-23.55,89,110
1100,Electronics_Mobile Accessories_1100,2021-06-01,2767.9199256896973,3620.4199600219727,-852.5000343322754,-23.55,152,226
1079,Beverages_Juices_1079,2024-04-01,560.0399923324585,732.4199981689453,-172.38000583648682,-23.54,117,150
1062,Personal Care_Deodorant_1062,2022-09-01,2713.7400283813477,3548.140012741089,-834.3999843597412,-23.52,93,129
1035,Electronics_Batteries_1035,2025-03-01,42279.49035644531,55283.701110839844,-13004.210754394531,-23.52,211,246
1002,Dairy_Cream_1002,2025-03-01,1839.7199602127075,2404.749948501587,-565.0299882888794,-23.50,164,193
1116,Personal Care_Skincare_1116,2022-10-01,4843.440116882324,6327.720191955566,-1484.2800750732422,-23.46,62,81
1159,Electronics_Batteries_1159,2023-02-01,29730.669540405273,38830.64938354492,-9099.979843139648,-23.44,183,241
1021,Grocery_Canned Goods_1021,2021-11-01,2251.619976043701,2940.65997505188,-689.0399990081787,-23.43,79,102
1055,Dairy_Butter_1055,2024-10-01,946.9000091552734,1236.5400094985962,-289.64000034332275,-23.42,85,111
1068,Electronics_Chargers_1068,2022-10-01,8082.649688720703,10554.98959350586,-2472.3399047851562,-23.42,85,111
1008,Personal Care_Shampoo_1008,2023-09-01,4833.399997711182,6309.570026397705,-1476.1700286865234,-23.40,110,165
1196,Grocery_Pasta_1196,2023-05-01,3502.9800300598145,4573.170011520386,-1070.1899814605713,-23.40,117,176
1043,Electronics_Batteries_1043,2023-05-01,2907.8000526428223,3795.4100379943848,-887.6099853515625,-23.39,124,182
1104,Grocery_Pasta_1104,2021-08-01,3189.2600440979004,4162.970026016235,-973.709981918335,-23.39,158,209
1160,Snacks_Nuts_1160,2021-02-01,1155.6300029754639,1508.3100004196167,-352.67999744415283,-23.38,204,271
1165,Personal Care_Skincare_1165,2021-08-01,2629.5999755859375,3431.489944458008,-801.8899688720703,-23.37,161,212
1042,Grocery_Canned Goods_1042,2023-08-01,6770.919975280762,8836.319953918457,-2065.3999786376953,-23.37,171,223
1035,Electronics_Batteries_1035,2022-02-01,42880.86001586914,55947.67984008789,-13066.81982421875,-23.36,210,280
1049,Electronics_Batteries_1049,2023-05-01,13470.240417480469,17576.480140686035,-4106.239723205566,-23.36,114,169
1095,Snacks_Chocolates_1095,2024-10-01,1715.4399948120117,2238.439992904663,-522.9999980926514,-23.36,82,107
1115,Household_Paper Products_1115,2023-11-01,3999.6600971221924,5217.960144042969,-1218.3000469207764,-23.35,95,118
1024,Grocery_Canned Goods_1024,2021-02-01,1574.5199823379517,2053.9799852371216,-479.4600028991699,-23.34,200,258
1049,Electronics_Batteries_1049,2021-08-01,21433.67984008789,27956.019958496094,-6522.340118408203,-23.33,195,254
1052,Snacks_Crackers_1052,2024-02-01,3171.1200637817383,4136.100082397461,-964.9800186157227,-23.33,209,270
1113,Dairy_Cheese_1113,2022-06-01,2453.1300888061523,3199.220100402832,-746.0900115966797,-23.32,97,130
1102,Snacks_Biscuits_1102,2023-06-01,2296.130081176758,2994.060127258301,-697.930046081543,-23.31,110,139
1139,Dairy_Cream_1139,2025-08-01,3506.5099697113037,4571.639953613281,-1065.1299839019775,-23.30,163,213
1148,Household_Cleaning Supplies_1148,2023-05-01,6057.930068969727,7896.989936828613,-1839.0598678588867,-23.29,113,171
1122,Dairy_Yogurt_1122,2021-08-01,4907.480031967163,6397.420066833496,-1489.940034866333,-23.29,166,215
1004,Beverages_Juices_1004,2022-11-01,1942.1499729156494,2531.6399688720703,-589.4899959564209,-23.28,80,102
1006,Beverages_Coffee_1006,2024-11-01,1036.0599975585938,1350.3399982452393,-314.2800006866455,-23.27,87,107
1053,Snacks_Crackers_1053,2023-05-01,1351.399980545044,1760.9199619293213,-409.51998138427734,-23.26,116,170
1167,Grocery_Rice_1167,2025-02-01,9342.529823303223,12174.84977722168,-2832.319953918457,-23.26,235,305
1057,Beverages_Tea_1057,2022-02-01,4290.890031814575,5590.700004577637,-1299.8099727630615,-23.25,194,240
1116,Personal Care_Skincare_1116,2021-06-01,10155.600242614746,13229.650249481201,-3074.050006866455,-23.24,130,186
1129,Electronics_Chargers_1129,2021-06-01,19410.67953491211,25287.349578857422,-5876.6700439453125,-23.24,127,183
1198,Dairy_Cheese_1198,2021-06-01,3135.1100158691406,4083.310028076172,-948.2000122070312,-23.22,121,173
1153,Electronics_Batteries_1153,2022-05-01,21134.680168151855,27523.299995422363,-6388.619827270508,-23.21,141,203
1136,Personal Care_Shampoo_1136,2025-04-01,6824.810005187988,8886.440090179443,-2061.630084991455,-23.20,115,178
1028,Household_Paper Products_1028,2023-03-01,4612.3798828125,6005.589874267578,-1393.2099914550781,-23.20,117,158
1100,Electronics_Mobile Accessories_1100,2024-02-01,3123.179958343506,4065.5699729919434,-942.3900146484375,-23.18,188,242
1089,Electronics_Mobile Accessories_1089,2025-08-01,10987.740005493164,14298.619934082031,-3310.879928588867,-23.16,176,230
1138,Household_Cleaning Supplies_1138,2022-05-01,5067.659866333008,6594.899856567383,-1527.239990234375,-23.16,112,162
1161,Electronics_Batteries_1161,2022-06-01,8844.620147705078,11510.540237426758,-2665.9200897216797,-23.16,107,146
1016,Grocery_Rice_1016,2024-04-01,2540.5600481033325,3306.4000282287598,-765.8399801254272,-23.16,142,183
1061,Personal Care_Skincare_1061,2023-05-01,7857.720062255859,10223.380039215088,-2365.6599769592285,-23.14,146,214
1009,Electronics_Batteries_1009,2023-02-01,14565.939636230469,18945.22964477539,-4379.290008544922,-23.12,178,229
1118,Dairy_Milk_1118,2025-03-01,3614.25,4701.359920501709,-1087.109920501709,-23.12,175,220
1113,Dairy_Cheese_1113,2023-03-01,2877.9500617980957,3743.270050048828,-865.3199882507324,-23.12,119,163
1064,Snacks_Biscuits_1064,2022-05-01,2161.3800315856934,2811.1200199127197,-649.7399883270264,-23.11,127,187
1093,Snacks_Chips_1093,2022-02-01,1248.3200135231018,1623.1800231933594,-374.86000967025757,-23.09,184,241
1073,Electronics_Chargers_1073,2024-11-01,9263.25,12038.000022888184,-2774.7500228881836,-23.05,78,100
1165,Personal Care_Skincare_1165,2023-02-01,2600.6999654769897,3378.999963760376,-778.2999982833862,-23.03,161,212
1074,Personal Care_Skincare_1074,2022-02-01,12424.019912719727,16137.129928588867,-3713.1100158691406,-23.01,229,297
1059,Electronics_Cables_1059,2023-02-01,3511.999973297119,4561.8999671936035,-1049.8999938964844,-23.01,184,236
1013,Grocery_Cereals_1013,2025-08-01,5865.010028839111,7618.060031890869,-1753.0500030517578,-23.01,175,226
1004,Beverages_Juices_1004,2021-10-01,1911.1399765014648,2481.999969482422,-570.859992980957,-23.00,77,100
1028,Household_Paper Products_1028,2022-06-01,4094.4398803710938,5316.559852600098,-1222.119972229004,-22.99,98,130
1076,Snacks_Chocolates_1076,2022-05-01,2892.26003074646,3755.9199867248535,-863.6599559783936,-22.99,133,196
1059,Electronics_Cables_1059,2024-03-01,3465.0599365234375,4499.149932861328,-1034.0899963378906,-22.98,174,229
1058,Personal Care_Soap_1058,2025-04-01,3686.7400245666504,4786.530025482178,-1099.7900009155273,-22.98,86,135
1014,Dairy_Butter_1014,2023-05-01,1072.7099895477295,1392.5500144958496,-319.8400249481201,-22.97,137,200
1066,Household_Cleaning Supplies_1066,2022-02-01,8936.119831085205,11599.659770965576,-2663.539939880371,-22.96,210,279
1084,Household_Paper Products_1084,2021-10-01,3543.8599548339844,4597.43994140625,-1053.5799865722656,-22.92,74,96
1141,Beverages_Coffee_1141,2022-06-01,1030.8999843597412,1337.2599925994873,-306.3600082397461,-22.91,122,163
1126,Beverages_Soft Drinks_1126,2025-08-01,4307.319969177246,5587.179944992065,-1279.8599758148193,-22.91,180,230
1122,Dairy_Yogurt_1122,2023-05-01,3823.600082397461,4959.6200523376465,-1136.0199699401855,-22.91,121,178
1027,Snacks_Chips_1027,2024-12-01,425.8900065422058,552.3600096702576,-126.47000312805176,-22.90,73,92
1010,Grocery_Rice_1010,2025-02-01,2787.930027961731,3615.1400384902954,-827.2100105285645,-22.88,189,238
1116,Personal Care_Skincare_1116,2022-05-01,10995.390243530273,14256.900218963623,-3261.5099754333496,-22.88,144,219
1095,Snacks_Chocolates_1095,2022-06-01,1903.7199840545654,2468.5599756240845,-564.839991569519,-22.88,91,121
1139,Dairy_Cream_1139,2023-08-01,2897.9799671173096,3756.4699420928955,-858.4899749755859,-22.85,146,189
1039,Beverages_Soft Drinks_1039,2025-03-01,4874.099967956543,6317.590030670166,-1443.490062713623,-22.85,231,268
1007,Personal Care_Shampoo_1007,2022-05-01,8071.280162811279,10459.46015548706,-2388.1799926757812,-22.83,124,182
1099,Personal Care_Toothpaste_1099,2022-02-01,7201.880058288574,9332.540061950684,-2130.6600036621094,-22.83,168,221
1156,Personal Care_Soap_1156,2021-06-01,4820.900032043457,6244.899990081787,-1423.99995803833,-22.80,142,207
1030,Dairy_Cream_1030,2021-12-01,1948.3100700378418,2523.630096435547,-575.3200263977051,-22.80,91,122
1182,Beverages_Tea_1182,2023-05-01,1598.2800521850586,2070.3800382614136,-472.099986076355,-22.80,114,164
1177,Snacks_Chips_1177,2022-08-01,381.15999722480774,493.68000078201294,-112.5200035572052,-22.79,142,183
1193,Beverages_Tea_1193,2021-06-01,1872.450002670288,2425.0399837493896,-552.5899810791016,-22.79,135,195
1131,Snacks_Crackers_1131,2023-06-01,2736.6099796295166,3543.9700050354004,-807.3600254058838,-22.78,117,151
1108,Dairy_Butter_1108,2025-10-01,3066.959976196289,3971.319969177246,-904.359992980957,-22.77,78,101
1002,Dairy_Cream_1002,2024-03-01,1944.1299476623535,2517.339958190918,-573.2100105285645,-22.77,153,200
1074,Personal Care_Skincare_1074,2024-04-01,8147.169841766357,10547.409900665283,-2400.240058898926,-22.76,138,183
1033,Household_Paper Products_1033,2025-02-01,6018.669937133789,7789.989921569824,-1771.3199844360352,-22.74,207,258
1012,Beverages_Juices_1012,2021-10-01,958.8000106811523,1240.8000183105469,-282.00000762939453,-22.73,68,88
1073,Electronics_Chargers_1073,2025-02-01,25345.580123901367,32803.10014343262,-7457.52001953125,-22.73,232,295
1190,Dairy_Milk_1190,2024-08-01,2404.529977798462,3111.51997756958,-706.9899997711182,-22.72,127,164
1126,Beverages_Soft Drinks_1126,2022-05-01,3411.6500396728516,4413.430038452148,-1001.7799987792969,-22.70,134,199
1162,Dairy_Yogurt_1162,2023-02-01,4088.0399627685547,5286.599967956543,-1198.5600051879883,-22.67,170,222
1030,Dairy_Cream_1030,2022-10-01,1278.320053100586,1653.0000686645508,-374.68001556396484,-22.67,58,75
1032,Snacks_Chocolates_1032,2024-03-01,2620.7299766540527,3388.7799978256226,-768.0500211715698,-22.66,185,243
1154,Household_Cleaning Supplies_1154,2025-06-01,1966.4400119781494,2542.4000120162964,-575.960000038147,-22.65,129,160
1139,Dairy_Cream_1139,2025-02-01,4098.769969940186,5298.779922485352,-1200.009952545166,-22.65,197,259
1027,Snacks_Chips_1027,2021-10-01,496.1000061035156,641.3000116348267,-145.20000553131104,-22.64,82,106
1002,Dairy_Cream_1002,2025-06-01,1455.4099607467651,1881.009937286377,-425.5999765396118,-22.63,109,137
1004,Beverages_Juices_1004,2025-08-01,4159.999942779541,5376.319915771484,-1216.3199729919434,-22.62,176,232
1070,Grocery_Canned Goods_1070,2025-03-01,7268.949905395508,9393.410007476807,-2124.460102081299,-22.62,211,242
1138,Household_Cleaning Supplies_1138,2024-10-01,3008.199920654297,3887.5198974609375,-879.3199768066406,-22.62,65,84
1170,Dairy_Yogurt_1170,2022-02-01,4026.279972076416,5203.379940032959,-1177.099967956543,-22.62,218,287
1173,Electronics_Batteries_1173,2024-10-01,10632.700057983398,13740.720031738281,-3108.019973754883,-22.62,65,84
1067,Grocery_Cereals_1067,2021-11-01,3529.3900032043457,4560.440071105957,-1031.0500679016113,-22.61,73,92
1015,Dairy_Cream_1015,2021-06-01,3526.899913787842,4556.6599407196045,-1029.7600269317627,-22.60,130,188
1082,Household_Detergent_1082,2021-12-01,4010.479949951172,5180.519950866699,-1170.0400009155273,-22.59,91,122
1058,Personal Care_Soap_1058,2024-06-01,4709.820014953613,6084.450035095215,-1374.6300201416016,-22.59,106,135
1155,Electronics_Mobile Accessories_1155,2022-11-01,1789.1999530792236,2310.879934310913,-521.6799812316895,-22.57,81,101
1105,Beverages_Water_1105,2022-02-01,2705.1000080108643,3493.199987411499,-788.0999794006348,-22.56,181,244
1111,Snacks_Nuts_1111,2023-02-01,2550.760046005249,3293.8400650024414,-743.0800189971924,-22.56,220,285
1077,Household_Cleaning Supplies_1077,2023-06-01,4055.5199432373047,5235.999938964844,-1180.479995727539,-22.55,86,110
1036,Electronics_Mobile Accessories_1036,2021-08-01,14137.639976501465,18253.62993621826,-4115.989959716797,-22.55,168,220
1068,Electronics_Chargers_1068,2022-06-01,9984.449615478516,12884.76961517334,-2900.319999694824,-22.51,105,143
1180,Grocery_Spices_1180,2023-05-01,1201.19997215271,1550.2199749946594,-349.02000284194946,-22.51,143,208
1184,Snacks_Chocolates_1184,2024-04-01,2831.6000328063965,3654.060043334961,-822.4600105285645,-22.51,136,174
1194,Dairy_Butter_1194,2021-06-01,1473.3900079727173,1901.1899886131287,-427.7999806404114,-22.50,153,220
1111,Snacks_Nuts_1111,2023-05-01,1808.6400394439697,2333.2400188446045,-524.5999794006348,-22.48,144,212
1090,Dairy_Cheese_1090,2021-12-01,3953.6200942993164,5097.360116958618,-1143.7400226593018,-22.44,109,144
1124,Dairy_Cheese_1124,2023-02-01,4033.5200519561768,5199.14008140564,-1165.620029449463,-22.42,191,239
1035,Electronics_Batteries_1035,2024-11-01,22464.560424804688,28954.840576171875,-6490.2801513671875,-22.42,94,118
1029,Grocery_Canned Goods_1029,2023-05-01,3571.199926376343,4603.419931411743,-1032.2200050354004,-22.42,128,187
1003,Household_Cleaning Supplies_1003,2021-06-01,1584,2041.8000011444092,-457.8000011444092,-22.42,132,192
1040,Electronics_Mobile Accessories_1040,2022-08-01,13540.149894714355,17448.019927978516,-3907.87003326416,-22.40,169,222
1162,Dairy_Yogurt_1162,2024-03-01,3521.7599506378174,4538.159948348999,-1016.3999977111816,-22.40,143,189
1029,Grocery_Canned Goods_1029,2022-06-01,2901.5999488830566,3738.5199279785156,-836.919979095459,-22.39,104,138
1059,Electronics_Cables_1059,2024-04-01,2689.9899673461914,3465.0599365234375,-775.0699691772461,-22.37,135,174
1195,Snacks_Chocolates_1195,2022-02-01,3321.0499477386475,4278.139925956726,-957.0899782180786,-22.37,182,250
1148,Household_Cleaning Supplies_1148,2021-06-01,8470.380096435547,10909.87996673584,-2439.499870300293,-22.36,158,228
1100,Electronics_Mobile Accessories_1100,2022-08-01,2678.7899436950684,3449.989933013916,-771.1999893188477,-22.35,157,200
1179,Household_Cleaning Supplies_1179,2025-06-01,3381.489948272705,4354.839973449707,-973.350025177002,-22.35,120,151
1185,Personal Care_Toothpaste_1185,2022-05-01,9886.53995513916,12730.42007446289,-2843.8801193237305,-22.34,131,188
1070,Grocery_Canned Goods_1070,2024-03-01,5993.009960174561,7716.320045471191,-1723.3100852966309,-22.33,150,206
1031,Snacks_Chips_1031,2024-03-01,2605.879997253418,3354.1100006103516,-748.2300033569336,-22.31,187,236
1119,Grocery_Pasta_1119,2024-02-01,6902.070072174072,8884.120121002197,-1982.050048828125,-22.31,214,270
1081,Snacks_Nuts_1081,2025-02-01,1834.820008277893,2361.430022239685,-526.610013961792,-22.30,201,258
1149,Electronics_Chargers_1149,2023-06-01,10544.44009399414,13568.979995727539,-3024.5399017333984,-22.29,102,131
1163,Household_Paper Products_1163,2025-03-01,4796.840017318726,6172.929906845093,-1376.0898895263672,-22.29,158,181
1115,Household_Paper Products_1115,2022-06-01,5129.5201416015625,6599.76016998291,-1470.2400283813477,-22.28,116,153
1194,Dairy_Butter_1194,2024-02-01,1887.119987487793,2428.1999940872192,-541.0800065994263,-22.28,216,268
1152,Personal Care_Toothpaste_1152,2024-04-01,5704.149963378906,7338.609966278076,-1634.46000289917,-22.27,117,147
1078,Electronics_Cables_1078,2021-08-01,25180.49967956543,32396.759552001953,-7216.259872436523,-22.27,151,195
1050,Snacks_Chips_1050,2024-02-01,3157.120002746582,4060.680019378662,-903.5600166320801,-22.25,198,250
1051,Electronics_Cables_1051,2024-06-01,6435.739940643311,8276.59992980957,-1840.8599891662598,-22.24,92,116
1040,Electronics_Mobile Accessories_1040,2024-08-01,11516.27993774414,14810.309875488281,-3294.0299377441406,-22.24,146,186
1115,Household_Paper Products_1115,2024-12-01,4216.410099029541,5421.360147476196,-1204.9500484466553,-22.23,97,124
1096,Electronics_Mobile Accessories_1096,2023-03-01,13775.990051269531,17713.28005218506,-3937.2900009155273,-22.23,129,173
1099,Personal Care_Toothpaste_1099,2022-05-01,6541.500057220459,8410.500057220459,-1869,-22.22,136,195
1132,Dairy_Butter_1132,2024-10-01,2678.0599060058594,3443.2198791503906,-765.1599731445312,-22.22,77,99
1060,Household_Detergent_1060,2023-05-01,3819.819969177246,4911.219993591309,-1091.4000244140625,-22.22,101,146
1076,Snacks_Chocolates_1076,2023-10-01,1255.5200099945068,1614.2400245666504,-358.72001457214355,-22.22,56,72
1194,Dairy_Butter_1194,2025-10-01,741.5100030899048,953.3700037002563,-211.86000061035156,-22.22,77,99
1186,Dairy_Yogurt_1186,2022-10-01,382.1999988555908,491.3999967575073,-109.1999979019165,-22.22,70,90
1053,Snacks_Crackers_1053,2022-05-01,1307.7299728393555,1680.7599830627441,-373.0300102233887,-22.19,114,169
1144,Household_Detergent_1144,2025-03-01,2995.860029220581,3849.8100328445435,-853.9500036239624,-22.18,245,291
1144,Household_Detergent_1144,2023-07-01,1900.21999168396,2440.9000120162964,-540.6800203323364,-22.15,149,174
1037,Electronics_Cables_1037,2023-05-01,23035.53094482422,29589.41032409668,-6553.879379272461,-22.15,129,185
1185,Personal Care_Toothpaste_1185,2023-05-01,10602.429916381836,13616.54993057251,-3014.120014190674,-22.14,137,198
1168,Snacks_Chips_1168,2023-11-01,1399.600046157837,1797.2800579071045,-397.6800117492676,-22.13,76,94
1045,Electronics_Cables_1045,2025-08-01,21760.52020263672,27945.559951782227,-6185.039749145508,-22.13,160,208
1052,Snacks_Crackers_1052,2025-02-01,3058.580062866211,3926.800079345703,-868.2200164794922,-22.11,206,260
1080,Snacks_Chips_1080,2023-02-01,4313.890007019043,5538.769992828369,-1224.8799858093262,-22.11,217,271
1096,Electronics_Mobile Accessories_1096,2023-06-01,11736.830070495605,15067.570037841797,-3330.7399673461914,-22.11,105,133
1106,Snacks_Chocolates_1106,2023-05-01,1342.3199787139893,1723.2599964141846,-380.9400177001953,-22.11,119,170
1172,Electronics_Chargers_1172,2024-02-01,20959.600059509277,26910.010124206543,-5950.410064697266,-22.11,202,257
1082,Household_Detergent_1082,2022-05-01,6062.529922485352,7781.330051422119,-1718.8001289367676,-22.09,139,208
1120,Grocery_Cereals_1120,2025-02-01,7399.8501052856445,9496.460174560547,-2096.6100692749023,-22.08,173,224
1067,Grocery_Cereals_1067,2023-08-01,6275.950122833252,8050.560150146484,-1774.6100273132324,-22.04,146,182
1008,Personal Care_Shampoo_1008,2022-05-01,5184.9399337768555,6646.339988708496,-1461.4000549316406,-21.99,119,172
1142,Electronics_Mobile Accessories_1142,2025-10-01,1110.4400129318237,1423.240008354187,-312.7999954223633,-21.98,71,91
1095,Snacks_Chocolates_1095,2024-08-01,3217.6800060272217,4123.630014419556,-905.950008392334,-21.97,163,212
1080,Snacks_Chips_1080,2024-03-01,3019.169994354248,3868.990001678467,-849.8200073242188,-21.96,145,191
1097,Snacks_Crackers_1097,2021-10-01,167.0399944782257,214.01999354362488,-46.97999906539917,-21.95,64,82
1092,Household_Detergent_1092,2025-02-01,5382.659900665283,6896.399881362915,-1513.7399806976318,-21.95,213,273
1104,Grocery_Pasta_1104,2024-03-01,2940.790050506592,3767.600040435791,-826.8099899291992,-21.95,152,194
1103,Dairy_Milk_1103,2022-11-01,4407.129932403564,5643.32991027832,-1236.1999778747559,-21.91,119,147
1122,Dairy_Yogurt_1122,2021-06-01,3697.200059890747,4732.100059509277,-1034.8999996185303,-21.87,117,165
1165,Personal Care_Skincare_1165,2023-05-01,2404.699951171875,3077.7599716186523,-673.0600204467773,-21.87,139,196
1169,Beverages_Soft Drinks_1169,2024-04-01,835.0200123786926,1068.4800066947937,-233.45999431610107,-21.85,146,188
1171,Personal Care_Toothpaste_1171,2022-02-01,6146.150001525879,7864.849990844727,-1718.6999893188477,-21.85,165,225
1178,Beverages_Soft Drinks_1178,2024-10-01,1627.9200248718262,2082.7800254821777,-454.86000061035156,-21.84,68,87
1189,Electronics_Batteries_1189,2021-10-01,5303.319900512695,6785.129852294922,-1481.8099517822266,-21.84,68,87
1066,Household_Cleaning Supplies_1066,2024-06-01,4863.54988861084,6222.499847412109,-1358.9499588012695,-21.84,101,125
1021,Grocery_Canned Goods_1021,2024-10-01,1960.4399814605713,2508.2099781036377,-547.7699966430664,-21.84,68,87
1178,Beverages_Soft Drinks_1178,2022-05-01,3130.2400302886963,4004.600004196167,-874.3599739074707,-21.83,135,199
1006,Beverages_Coffee_1006,2022-08-01,1666.019983291626,2131.100010871887,-465.08002758026123,-21.82,141,182
1097,Snacks_Crackers_1097,2023-10-01,224.45999217033386,287.0999917984009,-62.63999962806702,-21.82,86,110
1034,Household_Cleaning Supplies_1034,2021-06-01,6676.959930419922,8539.03988647461,-1862.0799560546875,-21.81,116,163
1089,Electronics_Mobile Accessories_1089,2024-08-01,10717.550018310547,13704.969955444336,-2987.419937133789,-21.80,176,219
1153,Electronics_Batteries_1153,2022-02-01,27684.019981384277,35398.58010864258,-7714.560127258301,-21.79,201,258
1190,Dairy_Milk_1190,2025-02-01,3315.439966201782,4238.259960174561,-922.8199939727783,-21.77,180,229
1191,Dairy_Butter_1191,2024-02-01,1631.0399894714355,2084.5999870300293,-453.55999755859375,-21.76,180,230
1107,Electronics_Mobile Accessories_1107,2025-02-01,29324.06982421875,37474.7399597168,-8150.670135498047,-21.75,195,258
1005,Household_Paper Products_1005,2022-08-01,2522.2500381469727,3223.1700477600098,-700.9200096130371,-21.75,151,192
1064,Snacks_Biscuits_1064,2023-06-01,2075.500011444092,2652.000045776367,-576.5000343322754,-21.74,124,150
1060,Household_Detergent_1060,2023-03-01,4160.379995346069,5315.910049438477,-1155.5300540924072,-21.74,119,156
1104,Grocery_Pasta_1104,2021-10-01,1520.6400508880615,1943.0400619506836,-422.40001106262207,-21.74,72,92
1173,Electronics_Batteries_1173,2024-02-01,35594.659759521484,45483.019790649414,-9888.36003112793,-21.74,235,298
1101,Snacks_Crackers_1101,2023-06-01,2497.040012359619,3189.7600326538086,-692.7200202941895,-21.72,103,128
1182,Beverages_Tea_1182,2025-06-01,1503.720043182373,1920.740062713623,-417.02001953125,-21.71,111,137
1088,Household_Cleaning Supplies_1088,2023-05-01,2898.919979095459,3702.1600341796875,-803.2400550842285,-21.70,137,199
1106,Snacks_Chocolates_1106,2022-10-01,936.2399845123291,1195.6799821853638,-259.43999767303467,-21.70,83,106
1132,Dairy_Butter_1132,2021-02-01,6454.879861831665,8244.139879226685,-1789.2600173950195,-21.70,200,260
1036,Electronics_Mobile Accessories_1036,2025-02-01,17583.079765319824,22446.379653930664,-4863.29988861084,-21.67,216,275
1013,Grocery_Cereals_1013,2022-06-01,4026.190082550049,5139.550081253052,-1113.359998703003,-21.66,113,152
1072,Electronics_Chargers_1072,2021-10-01,18107.7599029541,23111.220016479492,-5003.460113525391,-21.65,76,97
1129,Electronics_Chargers_1129,2025-03-01,24087.779747009277,30743.210327148438,-6655.43058013916,-21.65,187,222
1136,Personal Care_Shampoo_1136,2023-03-01,5293.35998916626,6755.680030822754,-1462.3200416564941,-21.65,98,120
1035,Electronics_Batteries_1035,2021-08-01,36831.320068359375,47002.32034301758,-10171.000274658203,-21.64,161,205
1006,Beverages_Coffee_1006,2023-08-01,1865.6199960708618,2380.659996986389,-515.0400009155273,-21.63,167,215
1166,Grocery_Spices_1166,2023-02-01,7632.080139160156,9735.520080566406,-2103.43994140625,-21.61,169,216
1116,Personal Care_Skincare_1116,2024-06-01,8390.04019165039,10702.440269470215,-2312.400077819824,-21.61,111,137
1191,Dairy_Butter_1191,2022-06-01,1168.1999816894531,1490.0199790000916,-321.8199973106384,-21.60,118,154
1122,Dairy_Yogurt_1122,2024-03-01,4757.380102157593,6067.200120925903,-1309.8200187683105,-21.59,163,210
1078,Electronics_Cables_1078,2024-04-01,20525.129852294922,26177.62989807129,-5652.500045776367,-21.59,120,159
1075,Snacks_Crackers_1075,2025-03-01,1818.4199752807617,2319.1100091934204,-500.6900339126587,-21.59,166,193
1009,Electronics_Batteries_1009,2023-03-01,11423.319915771484,14565.939636230469,-3142.6197204589844,-21.58,133,178
1123,Beverages_Water_1123,2025-06-01,1008.8599729537964,1286.4199600219727,-277.55998706817627,-21.58,110,131
1090,Dairy_Cheese_1090,2022-02-01,6604.039979934692,8421.719970703125,-1817.6799907684326,-21.58,209,268
1129,Electronics_Chargers_1129,2022-02-01,23460.940101623535,29918.429969787598,-6457.4898681640625,-21.58,183,230
1151,Electronics_Cables_1151,2022-03-01,14272.99966430664,18198.329956054688,-3925.330291748047,-21.57,100,153
1120,Grocery_Cereals_1120,2023-02-01,7919.850170135498,10097.75020980835,-2177.9000396728516,-21.57,189,241
1123,Beverages_Water_1123,2025-02-01,1867.6299839019775,2380.8599758148193,-513.2299919128418,-21.56,208,267
1122,Dairy_Yogurt_1122,2025-02-01,6629.680143356323,8451.420167922974,-1821.7400245666504,-21.56,229,291
1136,Personal Care_Shampoo_1136,2025-03-01,8886.440090179443,11328.96002960205,-2442.5199394226074,-21.56,178,208
1187,Personal Care_Skincare_1187,2024-03-01,9603.899955749512,12243.900032043457,-2640.0000762939453,-21.56,146,186
1179,Household_Cleaning Supplies_1179,2023-08-01,3489.4899559020996,4446.9999351501465,-957.5099792480469,-21.53,136,167
1164,Electronics_Cables_1164,2023-03-01,20958.350219726562,26707.999725341797,-5749.649505615234,-21.53,115,146
1101,Snacks_Crackers_1101,2023-10-01,1545.0400123596191,1968.6800270080566,-423.6400146484375,-21.52,62,79
1044,Snacks_Biscuits_1044,2024-04-01,2405.5300827026367,3064.630069732666,-659.0999870300293,-21.51,119,154
1200,Beverages_Juices_1200,2025-02-01,1113.7699899673462,1419.0399942398071,-305.27000427246094,-21.51,165,208
1189,Electronics_Batteries_1189,2024-03-01,8840.060005187988,11261.629997253418,-2421.5699920654297,-21.50,124,157
1102,Snacks_Biscuits_1102,2023-08-01,3192.020004272461,4066.5099906921387,-874.4899864196777,-21.50,169,213
1142,Electronics_Mobile Accessories_1142,2024-08-01,2296.2399978637695,2925.1600036621094,-628.9200057983398,-21.50,154,199
1045,Electronics_Cables_1045,2021-08-01,23483.349884033203,29908.43980407715,-6425.089920043945,-21.48,179,228
1170,Dairy_Yogurt_1170,2024-04-01,2440.839988708496,3108.2999935150146,-667.4600048065186,-21.47,121,159
1022,Household_Cleaning Supplies_1022,2024-05-01,5372.360023498535,6839.02001953125,-1466.6599960327148,-21.45,98,136
1022,Household_Cleaning Supplies_1022,2023-11-01,4306.090042114258,5482.000045776367,-1175.9100036621094,-21.45,81,100
1091,Dairy_Butter_1091,2022-06-01,856.5199775695801,1090.3799767494202,-233.8599991798401,-21.45,98,128
1079,Beverages_Juices_1079,2024-08-01,775.319990158081,986.9599914550781,-211.64000129699707,-21.44,157,202
1073,Electronics_Chargers_1073,2022-02-01,19410.559852600098,24707.360176086426,-5296.800323486328,-21.44,197,237
1007,Personal Care_Shampoo_1007,2022-02-01,10543.590065002441,13419.080150604248,-2875.4900856018066,-21.43,186,235
1112,Household_Paper Products_1112,2022-10-01,685.0800008773804,871.9200029373169,-186.84000205993652,-21.43,66,84
1070,Grocery_Canned Goods_1070,2021-11-01,3282.3099365234375,4176.809902191162,-894.4999656677246,-21.42,85,99
1053,Snacks_Crackers_1053,2024-04-01,1312.2599792480469,1669.8999843597412,-357.64000511169434,-21.42,124,151
1032,Snacks_Chocolates_1032,2022-11-01,953.5399932861328,1212.7999877929688,-259.25999450683594,-21.38,65,80
1132,Dairy_Butter_1132,2022-02-01,6207.579830169678,7894.279754638672,-1686.6999244689941,-21.37,211,266
1134,Household_Paper Products_1134,2022-03-01,1438.3200130462646,1828.8000144958496,-390.48000144958496,-21.35,104,154
1006,Beverages_Coffee_1006,2024-02-01,1972.1299657821655,2507.3499584198,-535.2199926376343,-21.35,169,218
1006,Beverages_Coffee_1006,2024-08-01,1744.2399921417236,2217.5400009155273,-473.3000087738037,-21.34,146,186
1162,Dairy_Yogurt_1162,2023-03-01,3215.519973754883,4088.0399627685547,-872.5199890136719,-21.34,127,170
1086,Grocery_Rice_1086,2024-11-01,983.4200220108032,1249.9800271987915,-266.5600051879883,-21.33,66,83
1093,Snacks_Chips_1093,2023-11-01,577.800003528595,734.1600050926208,-156.36000156402588,-21.30,78,92
1054,Snacks_Chips_1054,2024-03-01,1764.8199844360352,2242.0399808883667,-477.21999645233154,-21.29,197,246
1098,Electronics_Mobile Accessories_1098,2025-08-01,12227.040130615234,15529.800086975098,-3302.7599563598633,-21.27,123,160
1060,Household_Detergent_1060,2024-11-01,2620.919979095459,3328.1599731445312,-707.2399940490723,-21.25,70,88
1169,Beverages_Soft Drinks_1169,2025-03-01,1003.3200168609619,1273.5800008773804,-270.25998401641846,-21.22,196,229
1199,Electronics_Cables_1199,2023-05-01,26897.129837036133,34138.579498291016,-7241.449661254883,-21.21,117,168
1084,Household_Paper Products_1084,2023-10-01,3735.419952392578,4741.109939575195,-1005.6899871826172,-21.21,78,99
1124,Dairy_Cheese_1124,2025-08-01,3106.200050354004,3942.3800201416016,-836.1799697875977,-21.21,140,177
1080,Snacks_Chips_1080,2022-02-01,3577.0000076293945,4539.380006790161,-962.3799991607666,-21.20,192,242
1024,Grocery_Canned Goods_1024,2024-05-01,1081.1700067520142,1371.5900044441223,-290.41999769210815,-21.17,123,165
1190,Dairy_Milk_1190,2022-05-01,2755.539994239807,3495.3799686431885,-739.8399744033813,-21.17,145,199
1134,Household_Paper Products_1134,2021-04-01,1417.4300184249878,1797.900011062622,-380.4699926376343,-21.16,117,130
1105,Beverages_Water_1105,2022-06-01,2147.0400466918945,2722.1400537490845,-575.1000070571899,-21.13,126,166
1173,Electronics_Batteries_1173,2024-09-01,13740.720031738281,17421.100006103516,-3680.3799743652344,-21.13,84,115
1033,Household_Paper Products_1033,2023-06-01,3659.199905395508,4638.919864654541,-979.7199592590332,-21.12,116,143
1122,Dairy_Yogurt_1122,2022-05-01,4281.80006980896,5427.300060272217,-1145.4999904632568,-21.11,140,202
1164,Electronics_Cables_1164,2023-08-01,24490.59019470215,31044.940017700195,-6554.349822998047,-21.11,141,181
1126,Beverages_Soft Drinks_1126,2023-06-01,2616.260034561157,3315.3000526428223,-699.040018081665,-21.09,103,129
1186,Dairy_Yogurt_1186,2024-08-01,757.5199766159058,959.9299783706665,-202.41000175476074,-21.09,147,188
1114,Electronics_Batteries_1114,2024-03-01,19929.139724731445,25248.759674072266,-5319.61994934082,-21.07,142,185
1086,Grocery_Rice_1086,2022-02-01,1875.4200439453125,2376.1600618362427,-500.7400178909302,-21.07,147,180
1091,Dairy_Butter_1091,2022-05-01,1090.3799767494202,1381.4799818992615,-291.1000051498413,-21.07,128,186
1051,Electronics_Cables_1051,2021-02-01,12739.799980163574,16139.80005645752,-3400.0000762939453,-21.07,194,252
1159,Electronics_Batteries_1159,2022-02-01,32366.039642333984,41002.91960144043,-8636.879959106445,-21.06,218,270
1167,Grocery_Rice_1167,2024-11-01,3275.9500427246094,4150.100051879883,-874.1500091552734,-21.06,77,94
1173,Electronics_Batteries_1173,2022-10-01,9814.799987792969,12432.080047607422,-2617.280059814453,-21.05,60,76
1010,Grocery_Rice_1010,2022-05-01,2156.3700256347656,2731.189987182617,-574.8199615478516,-21.05,138,196
1018,Personal Care_Deodorant_1018,2022-06-01,5846.959945678711,7405.229911804199,-1558.2699661254883,-21.04,106,139
1034,Household_Cleaning Supplies_1034,2025-10-01,4547.240016937256,5756.000022888184,-1208.7600059509277,-21.00,79,100
1085,Personal Care_Skincare_1085,2024-02-01,4582.289867401123,5800.589841842651,-1218.2999744415283,-21.00,192,237
1018,Personal Care_Deodorant_1018,2023-11-01,4707.82995223999,5957.279937744141,-1249.4499855041504,-20.97,92,108
1190,Dairy_Milk_1190,2024-04-01,2376.4899864196777,3006.519973754883,-630.0299873352051,-20.96,125,158
1044,Snacks_Biscuits_1044,2025-10-01,1481.7200622558594,1873.9400787353516,-392.2200164794922,-20.93,68,86
1063,Snacks_Chocolates_1063,2024-11-01,1064.8399629592896,1346.2599620819092,-281.41999912261963,-20.90,66,83
1087,Snacks_Crackers_1087,2024-04-01,947.2500085830688,1197.4800128936768,-250.2300043106079,-20.90,104,137
1086,Grocery_Rice_1086,2022-11-01,1143.8100242614746,1445.7600317001343,-301.95000743865967,-20.89,77,96
1146,Snacks_Chocolates_1146,2024-04-01,2110.1700134277344,2667.3200149536133,-557.1500015258789,-20.89,111,140
1151,Electronics_Cables_1151,2022-08-01,17456.140182495117,22066.380325317383,-4610.240142822266,-20.89,131,167
1074,Personal Care_Skincare_1074,2021-06-01,6705.689804077148,8476.069854736328,-1770.3800506591797,-20.89,107,149
1051,Electronics_Cables_1051,2025-03-01,11129.999980926514,14063.400016784668,-2933.4000358581543,-20.86,192,216
1175,Household_Trash Bags_1175,2024-02-01,12712.380191802979,16060.320251464844,-3347.9400596618652,-20.85,236,296
1017,Household_Paper Products_1017,2025-02-01,9273.509986877441,11713.919971466064,-2440.409984588623,-20.83,237,296
1148,Household_Cleaning Supplies_1148,2022-06-01,6165.15007019043,7786.910049438477,-1621.7599792480469,-20.83,115,151
1140,Personal Care_Shampoo_1140,2022-11-01,3065.149932861328,3871.7999267578125,-806.6499938964844,-20.83,89,108
1133,Electronics_Mobile Accessories_1133,2024-04-01,4087.2999591827393,5161.949993133545,-1074.6500339508057,-20.82,129,163
1023,Personal Care_Toothpaste_1023,2022-05-01,7176.820064544678,9062.779998779297,-1885.9599342346191,-20.81,121,179
1072,Electronics_Chargers_1072,2023-06-01,23778.35987854004,30020.759719848633,-6242.399841308594,-20.79,101,126
1158,Snacks_Crackers_1158,2021-06-01,1068.689992427826,1349.2199850082397,-280.5299925804138,-20.79,147,202
1023,Personal Care_Toothpaste_1023,2023-05-01,6933.480049133301,8752.240085601807,-1818.7600364685059,-20.78,114,156
1193,Beverages_Tea_1193,2024-08-01,2099.6599702835083,2650.1999731063843,-550.540002822876,-20.77,160,203
1029,Grocery_Canned Goods_1029,2022-08-01,3822.300037384033,4823.890018463135,-1001.5899810791016,-20.76,146,184
1041,Snacks_Nuts_1041,2023-05-01,1747.520004272461,2205.180000305176,-457.65999603271484,-20.75,127,180
1035,Electronics_Batteries_1035,2021-12-01,17912.70037841797,22599.590393066406,-4686.8900146484375,-20.74,75,99
1162,Dairy_Yogurt_1162,2024-05-01,2587.199939727783,3264.3599643707275,-677.1600246429443,-20.74,98,134
1148,Household_Cleaning Supplies_1148,2025-03-01,9928.979782104492,12526.170120239258,-2597.1903381347656,-20.73,226,253
1137,Snacks_Nuts_1137,2021-08-01,1100.9199886322021,1388.8999881744385,-287.9799995422363,-20.73,173,220
1152,Personal Care_Toothpaste_1152,2024-03-01,7338.609966278076,9253.490089416504,-1914.8801231384277,-20.69,147,184
1057,Beverages_Tea_1057,2024-10-01,2478.480026245117,3125.0400390625,-646.5600128173828,-20.69,92,116
1087,Snacks_Crackers_1087,2024-02-01,1858.5300178527832,2343.180013656616,-484.649995803833,-20.68,219,270
1160,Snacks_Nuts_1160,2022-06-01,599.4599933624268,755.6799955368042,-156.22000217437744,-20.67,97,131
1005,Household_Paper Products_1005,2022-10-01,1292.1000366210938,1628.4000358581543,-336.29999923706055,-20.65,73,92
1152,Personal Care_Toothpaste_1152,2024-08-01,6888.469955444336,8679.389957427979,-1790.9200019836426,-20.63,136,172
1095,Snacks_Chocolates_1095,2023-10-01,1610.840000152588,2029.239990234375,-418.3999900817871,-20.62,77,97
1113,Dairy_Cheese_1113,2025-03-01,3947.340042114258,4972.560028076172,-1025.219985961914,-20.62,199,220
1075,Snacks_Crackers_1075,2024-06-01,1422.5799951553345,1791.5799961090088,-369.0000009536743,-20.60,110,134
1076,Snacks_Chocolates_1076,2024-07-01,2600.880033493042,3275.5100412368774,-674.6300077438354,-20.60,124,150
1148,Household_Cleaning Supplies_1148,2022-09-01,5789.880065917969,7291.040023803711,-1501.1599578857422,-20.59,108,144
1132,Dairy_Butter_1132,2024-03-01,5277.579916000366,6646.0199184417725,-1368.4400024414062,-20.59,166,213
1148,Household_Cleaning Supplies_1148,2022-11-01,4259.36003112793,5361.000061035156,-1101.6400299072266,-20.55,84,100
1092,Household_Detergent_1092,2023-06-01,3473.000036239624,4369.450050354004,-896.4500141143799,-20.52,124,155
1069,Grocery_Spices_1069,2022-06-01,4634.299945831299,5831.019983291626,-1196.7200374603271,-20.52,121,160
1002,Dairy_Cream_1002,2024-11-01,1266.569959640503,1592.679946899414,-326.10998725891113,-20.48,94,116
1021,Grocery_Canned Goods_1021,2021-02-01,5941.019956588745,7469.09992980957,-1528.0799732208252,-20.46,226,282
1190,Dairy_Milk_1190,2021-06-01,2897.1800079345703,3642.2099838256836,-745.0299758911133,-20.46,143,205
1016,Grocery_Rice_1016,2021-11-01,1360.8200302124023,1710.7200298309326,-349.8999996185303,-20.45,73,88
1064,Snacks_Biscuits_1064,2021-10-01,1237.6000213623047,1555.8400268554688,-318.24000549316406,-20.45,70,88
1109,Electronics_Batteries_1109,2024-05-01,4112.069931030273,5169.109962463379,-1057.0400314331055,-20.45,113,151
1079,Beverages_Juices_1079,2022-02-01,871.0000004768372,1094.5999989509583,-223.5999984741211,-20.43,200,240
1043,Electronics_Batteries_1043,2025-06-01,2538.5000343322754,3189.2000465393066,-650.7000122070312,-20.40,112,136
1050,Snacks_Chips_1050,2023-08-01,2729.3200302124023,3428.560012817383,-699.2399826049805,-20.39,173,221
1017,Household_Paper Products_1017,2022-02-01,8483.50002670288,10655.719970703125,-2172.219944000244,-20.39,235,294
1148,Household_Cleaning Supplies_1148,2023-02-01,9103.140098571777,11435.190139770508,-2332.0500411987305,-20.39,186,231
1142,Electronics_Mobile Accessories_1142,2023-11-01,1158.2100038528442,1454.5200147628784,-296.3100109100342,-20.37,80,93
1158,Snacks_Crackers_1158,2021-02-01,1213.7899990081787,1523.849988937378,-310.0599899291992,-20.35,186,227
1083,Dairy_Cheese_1083,2024-03-01,2081.5200357437134,2613.1600379943848,-531.6400022506714,-20.34,166,207
1101,Snacks_Crackers_1101,2022-08-01,3354.380027770996,4210.420038223267,-856.0400104522705,-20.33,142,181
1198,Dairy_Cheese_1198,2024-06-01,2497.730010986328,3135.1100425720215,-637.3800315856934,-20.33,97,121
1152,Personal Care_Toothpaste_1152,2022-02-01,10074.02001953125,12636.160079956055,-2562.1400604248047,-20.28,223,270
1005,Household_Paper Products_1005,2022-02-01,3114.6200561523438,3906.5100479125977,-791.8899917602539,-20.27,205,259
1029,Grocery_Canned Goods_1029,2023-02-01,5795.6400146484375,7266.079917907715,-1470.4399032592773,-20.24,232,288
1041,Snacks_Nuts_1041,2024-02-01,2613.5599699020386,3276.2599658966064,-662.6999959945679,-20.23,210,264
1057,Beverages_Tea_1057,2024-09-01,3125.0400390625,3917.540002822876,-792.499963760376,-20.23,116,157
1182,Beverages_Tea_1182,2025-10-01,995.4200325012207,1247.7800407409668,-252.3600082397461,-20.22,71,89
1093,Snacks_Chips_1093,2023-05-01,798.0000071525574,999.9600028991699,-201.95999574661255,-20.20,100,142
1038,Electronics_Cables_1038,2024-02-01,19240.63983154297,24105.519958496094,-4864.880126953125,-20.18,207,268
1053,Snacks_Crackers_1053,2023-08-01,1337.4199752807617,1675.2699737548828,-337.8499984741211,-20.17,130,162
1089,Electronics_Mobile Accessories_1089,2024-05-01,7979.949783325195,9994.849811553955,-2014.9000282287598,-20.16,121,161
1152,Personal Care_Toothpaste_1152,2022-06-01,6149.160003662109,7700.099933624268,-1550.9399299621582,-20.14,114,151
1030,Dairy_Cream_1030,2022-05-01,2688.880102157593,3366.610097885132,-677.7299957275391,-20.13,124,181
1024,Grocery_Canned Goods_1024,2021-11-01,589.7700047492981,738.3600101470947,-148.59000539779663,-20.12,71,84
1165,Personal Care_Skincare_1165,2025-02-01,3120.9999494552612,3907.299940109253,-786.2999906539917,-20.12,204,249
1189,Electronics_Batteries_1189,2022-02-01,14564.290172576904,18229.750198364258,-3665.4600257873535,-20.11,221,275
1058,Personal Care_Soap_1058,2022-02-01,7391.240100860596,9250.210056304932,-1858.969955444336,-20.10,188,246
1033,Household_Paper Products_1033,2024-04-01,3295.7399291992188,4124.429927825928,-828.689998626709,-20.09,108,139
1114,Electronics_Batteries_1114,2025-02-01,28068.499618530273,35125.65946960449,-7057.159851074219,-20.09,202,254
1088,Household_Cleaning Supplies_1088,2023-07-01,2056.9100189208984,2573.079990386963,-516.1699714660645,-20.06,113,124
1088,Household_Cleaning Supplies_1088,2021-02-01,3553.2200031280518,4444.159982681274,-890.9399795532227,-20.05,185,231
1178,Beverages_Soft Drinks_1178,2022-11-01,1990.6000261306763,2489.7600269317627,-499.1600008010864,-20.05,87,104
1103,Dairy_Milk_1103,2025-03-01,7416.570045471191,9274.819942474365,-1858.2498970031738,-20.04,231,262
1136,Personal Care_Shampoo_1136,2023-10-01,4582.040016174316,5727.549987792969,-1145.5099716186523,-20.00,76,95
1015,Dairy_Cream_1015,2023-06-01,3081.8999404907227,3852.459913253784,-770.5599727630615,-20.00,117,142
1077,Household_Cleaning Supplies_1077,2023-10-01,3427.1999588012695,4283.999923706055,-856.7999649047852,-20.00,72,90
1181,Personal Care_Soap_1181,2025-07-01,4857.200042724609,6071.4600830078125,-1214.2600402832031,-20.00,132,161
1192,Dairy_Milk_1192,2021-06-01,3141.7100048065186,3927.359962463379,-785.6499576568604,-20.00,143,200
1026,Snacks_Biscuits_1026,2021-02-01,841.1600141525269,1051.2200183868408,-210.06000423431396,-19.98,161,206
1015,Dairy_Cream_1015,2022-08-01,4769.8799839019775,5959.580003738403,-1189.7000198364258,-19.96,190,236
1043,Electronics_Batteries_1043,2025-03-01,3335.069974899292,4166.71004486084,-831.6400699615479,-19.96,171,199
1090,Dairy_Cheese_1090,2024-04-01,4068.7200813293457,5082.800054550171,-1014.0799732208252,-19.95,120,152
1093,Snacks_Chips_1093,2025-06-01,977.4600086212158,1220.9400115013123,-243.48000288009644,-19.94,127,153
1119,Grocery_Pasta_1119,2024-03-01,5525.9700355529785,6902.070072174072,-1376.1000366210938,-19.94,167,214
1068,Electronics_Chargers_1068,2024-06-01,10203.129638671875,12742.059509277344,-2538.9298706054688,-19.93,110,134
1185,Personal Care_Toothpaste_1185,2023-03-01,10323.749965667725,12892.99984741211,-2569.2498817443848,-19.93,141,184
1028,Household_Paper Products_1028,2025-02-01,7407.239826202393,9249.659744262695,-1842.4199180603027,-19.92,195,243
1144,Household_Detergent_1144,2022-11-01,1216.100009918213,1518.3000106811523,-302.20000076293945,-19.90,89,105
1119,Grocery_Pasta_1119,2023-02-01,6373.6200523376465,7955.310085296631,-1581.6900329589844,-19.88,192,242
1052,Snacks_Crackers_1052,2025-06-01,2218.4400329589844,2768.8800506591797,-550.4400177001953,-19.88,139,166
1010,Grocery_Rice_1010,2023-02-01,2911.0200300216675,3632.540029525757,-721.5199995040894,-19.86,192,244
1187,Personal Care_Skincare_1187,2021-08-01,10752.96011352539,13417.850105285645,-2664.889991760254,-19.86,161,201
1023,Personal Care_Toothpaste_1023,2021-08-01,9269.120178222656,11565.200206756592,-2296.0800285339355,-19.85,160,204
1033,Household_Paper Products_1033,2025-03-01,4824.069881439209,6018.669937133789,-1194.60005569458,-19.85,185,207
1076,Snacks_Chocolates_1076,2022-02-01,3598.959991455078,4490.319971084595,-891.3599796295166,-19.85,188,236
1130,Snacks_Nuts_1130,2024-05-01,1989.4800720214844,2481.7700748443604,-492.290002822876,-19.84,118,153
1161,Electronics_Batteries_1161,2024-03-01,12704.740158081055,15849.939949035645,-3145.19979095459,-19.84,169,209
1005,Household_Paper Products_1005,2023-02-01,2534.279977798462,3160.639970779419,-626.359992980957,-19.82,154,196
1004,Beverages_Juices_1004,2024-04-01,2714.219995498657,3384.4199867248535,-670.1999912261963,-19.80,117,147
1021,Grocery_Canned Goods_1021,2022-05-01,3560.4199810028076,4439.619981765747,-879.2000007629395,-19.80,132,174
1034,Household_Cleaning Supplies_1034,2022-10-01,4432.120014190674,5525.7600173950195,-1093.6400032043457,-19.79,77,96
1059,Electronics_Cables_1059,2025-07-01,2528.7300300598145,3152.5999279022217,-623.8698978424072,-19.79,127,154
1037,Electronics_Cables_1037,2023-02-01,25561.850311279297,31856.330352783203,-6294.480041503906,-19.76,158,197
1027,Snacks_Chips_1027,2022-02-01,1081.7699966430664,1348.0200052261353,-266.25000858306885,-19.75,212,261
1181,Personal Care_Soap_1181,2021-08-01,6227.890045166016,7760.750045776367,-1532.8600006103516,-19.75,171,215
1091,Dairy_Butter_1091,2024-11-01,680.3999862670898,847.7799777984619,-167.37999153137207,-19.74,81,97
1160,Snacks_Nuts_1160,2022-05-01,755.6799955368042,941.4400033950806,-185.76000785827637,-19.73,131,179
1048,Snacks_Biscuits_1048,2023-06-01,1681.079999923706,2094.3700046539307,-413.2900047302246,-19.73,123,151
1041,Snacks_Nuts_1041,2022-11-01,939.1000032424927,1169.6000080108643,-230.50000476837158,-19.71,70,85
1187,Personal Care_Skincare_1187,2025-02-01,13778.050010681152,17160.050064086914,-3382.0000534057617,-19.71,215,263
1086,Grocery_Rice_1086,2022-03-01,1506.0000314712524,1875.4200439453125,-369.42001247406006,-19.70,100,147
1116,Personal Care_Skincare_1116,2025-02-01,12670.800148010254,15779.96012878418,-3109.159980773926,-19.70,182,223
1180,Grocery_Spices_1180,2025-02-01,1693.019998550415,2107.980000972748,-414.96000242233276,-19.69,220,279
1036,Electronics_Mobile Accessories_1036,2022-09-01,11006.040344238281,13699.129920959473,-2693.0895767211914,-19.66,123,166
1193,Beverages_Tea_1193,2025-03-01,2597.999979019165,3233.159980773926,-635.1600017547607,-19.65,232,252
1069,Grocery_Spices_1069,2025-07-01,5725.850131988525,7123.719945907593,-1397.8698139190674,-19.62,161,190
1095,Snacks_Chocolates_1095,2021-05-01,2875.469964027405,3577.3199501037598,-701.849986076355,-19.62,153,193
1184,Snacks_Chocolates_1184,2024-10-01,1837.6200218200684,2285.8200302124023,-448.200008392334,-19.61,82,102
1113,Dairy_Cheese_1113,2023-08-01,2882.940010070801,3585.940010070801,-703,-19.60,126,160
1071,Grocery_Canned Goods_1071,2024-04-01,613.8399877548218,763.3899917602539,-149.55000400543213,-19.59,120,151
1076,Snacks_Chocolates_1076,2023-06-01,1748.7600231170654,2174.740026473999,-425.9800033569336,-19.59,78,97
1081,Snacks_Nuts_1081,2024-06-01,1172.9800386428833,1458.7000494003296,-285.7200107574463,-19.59,119,145
1060,Household_Detergent_1060,2022-05-01,4812.459991455078,5984.520080566406,-1172.0600891113281,-19.58,134,183
1027,Snacks_Chips_1027,2021-12-01,467.06000900268555,580.750009059906,-113.69000005722046,-19.58,78,99
1083,Dairy_Cheese_1083,2022-11-01,1250.560001373291,1554.5599966049194,-303.9999952316284,-19.56,95,112
1137,Snacks_Nuts_1137,2024-08-01,1028.3799862861633,1278.3799958229065,-250.00000953674316,-19.56,164,202
1093,Snacks_Chips_1093,2021-11-01,571.4000062942505,710.2200050354004,-138.8199987411499,-19.55,74,89
1163,Household_Paper Products_1163,2023-08-01,5488.630031585693,6819.689990997314,-1331.059959411621,-19.52,169,207
1091,Dairy_Butter_1091,2021-08-01,1195.1699934005737,1484.9299793243408,-289.7599859237671,-19.51,147,182
1078,Electronics_Cables_1078,2025-02-01,29691.34992980957,36889.50001525879,-7198.150085449219,-19.51,179,230
1186,Dairy_Yogurt_1186,2023-06-01,544.9299955368042,677.0399904251099,-132.10999488830566,-19.51,102,124
1073,Electronics_Chargers_1073,2024-08-01,17093.739784240723,21234.81996154785,-4141.080177307129,-19.50,153,187
1084,Household_Paper Products_1084,2023-02-01,9372.499855041504,11642.56982421875,-2270.069969177246,-19.50,214,265
1040,Electronics_Mobile Accessories_1040,2025-02-01,15251.120101928711,18943.20002746582,-3692.0799255371094,-19.49,199,245
1059,Electronics_Cables_1059,2024-02-01,4499.149932861328,5587.479969024658,-1088.33003616333,-19.48,229,290
1008,Personal Care_Shampoo_1008,2024-04-01,5481.520080566406,6806.399963378906,-1324.8798828125,-19.47,138,169
1140,Personal Care_Shampoo_1140,2024-05-01,3907.6498947143555,4852.189977645874,-944.5400829315186,-19.47,109,146
1077,Household_Cleaning Supplies_1077,2022-02-01,7044.800010681152,8746.499965667725,-1701.6999549865723,-19.46,171,217
1071,Grocery_Canned Goods_1071,2024-03-01,763.3899917602539,947.089994430542,-183.7000026702881,-19.40,151,187
1131,Snacks_Crackers_1131,2023-08-01,3492.780055999756,4333.130081176758,-840.350025177002,-19.39,171,213
1133,Electronics_Mobile Accessories_1133,2024-02-01,6253.550018310547,7758.040065765381,-1504.490047454834,-19.39,199,252
1089,Electronics_Mobile Accessories_1089,2023-06-01,6806.039836883545,8441.59976196289,-1635.5599250793457,-19.37,107,128
1137,Snacks_Nuts_1137,2023-02-01,1132.0999760627747,1403.8499646186829,-271.7499885559082,-19.36,185,231
1132,Dairy_Butter_1132,2025-08-01,4955.979907989502,6145.339931488037,-1189.3600234985352,-19.35,151,191
1166,Grocery_Spices_1166,2023-03-01,6155.320053100586,7632.080139160156,-1476.7600860595703,-19.35,134,169
1099,Personal Care_Toothpaste_1099,2024-11-01,3738.000030517578,4635.1200523376465,-897.1200218200684,-19.35,75,93
1092,Household_Detergent_1092,2024-04-01,3602.5799884796143,4466.58994102478,-864.009952545166,-19.34,138,170
1134,Household_Paper Products_1134,2023-05-01,1383.0000190734863,1714.6600255966187,-331.6600065231323,-19.34,100,138
1192,Dairy_Milk_1192,2024-11-01,1612.5899772644043,1999.269983291626,-386.6800060272217,-19.34,79,91
1173,Electronics_Batteries_1173,2023-11-01,11875.92008972168,14722.20004272461,-2846.2799530029297,-19.33,74,90
1145,Household_Trash Bags_1145,2021-02-01,1993.9199953079224,2471.2199897766113,-477.29999446868896,-19.31,192,235
1149,Electronics_Chargers_1149,2024-02-01,20710.440086364746,25666.680168151855,-4956.240081787109,-19.31,219,270
1131,Snacks_Crackers_1131,2023-02-01,3994.66001701355,4949.8899936676025,-955.2299766540527,-19.30,190,231
1045,Electronics_Cables_1045,2025-03-01,21111.180046081543,26159.340240478516,-5048.160194396973,-19.30,178,204
1172,Electronics_Chargers_1172,2022-05-01,15429.219787597656,19116.58009338379,-3687.360305786133,-19.29,138,194
1027,Snacks_Chips_1027,2024-05-01,689.7000112533569,854.180006980896,-164.47999572753906,-19.26,114,151
1101,Snacks_Crackers_1101,2023-03-01,3204.880012512207,3969.5600452423096,-764.6800327301025,-19.26,137,174
1100,Electronics_Mobile Accessories_1100,2025-03-01,2567.8799896240234,3180.5699424743652,-612.6899528503418,-19.26,168,194
1024,Grocery_Canned Goods_1024,2024-02-01,1618.9499940872192,2004.749981880188,-385.79998779296875,-19.24,201,253
1180,Grocery_Spices_1180,2024-02-01,1506.9599919319153,1866.0599961280823,-359.100004196167,-19.24,201,246
1183,Electronics_Batteries_1183,2022-11-01,9077.619705200195,11238.359512329102,-2160.7398071289062,-19.23,71,84
1138,Household_Cleaning Supplies_1138,2023-05-01,5090.799865722656,6303.039951324463,-1212.2400856018066,-19.23,110,155
1108,Dairy_Butter_1108,2022-06-01,3263.55997467041,4040.1299724578857,-776.5699977874756,-19.22,83,110
1047,Household_Detergent_1047,2021-08-01,6268.800048828125,7760.140060424805,-1491.3400115966797,-19.22,184,228
1008,Personal Care_Shampoo_1008,2022-10-01,3515.1999702453613,4350.059967041016,-834.8599967956543,-19.19,80,99
1099,Personal Care_Toothpaste_1099,2023-03-01,6190.040065765381,7660.000091552734,-1469.9600257873535,-19.19,133,169
1092,Household_Detergent_1092,2021-12-01,2508.8800258636475,3103.680015563965,-594.7999897003174,-19.16,92,114
1136,Personal Care_Shampoo_1136,2024-02-01,11337.930000305176,14020.940055847168,-2683.010055541992,-19.14,205,254
1160,Snacks_Nuts_1160,2025-06-01,744.739996433258,920.8200001716614,-176.08000373840332,-19.12,123,149
1194,Dairy_Butter_1194,2024-05-01,1155.600001335144,1428.78999710083,-273.18999576568604,-19.12,120,160
1165,Personal Care_Skincare_1165,2024-05-01,2266.2999420166016,2801.479953765869,-535.1800117492676,-19.10,131,172
1002,Dairy_Cream_1002,2024-02-01,2517.339958190918,3111.8399333953857,-594.4999752044678,-19.10,200,246
1077,Household_Cleaning Supplies_1077,2023-08-01,6959.120018005371,8596.560005187988,-1637.4399871826172,-19.05,166,207
1074,Personal Care_Skincare_1074,2025-09-01,7081.70979309082,8748.36001586914,-1666.6502227783203,-19.05,113,152
1039,Beverages_Soft Drinks_1039,2021-06-01,3860.5900268554688,4768.620056152344,-908.030029296875,-19.04,149,202
1158,Snacks_Crackers_1158,2023-05-01,719.7299942970276,888.9699954986572,-169.24000120162964,-19.04,99,134
1195,Snacks_Chocolates_1195,2021-08-01,3110.92999458313,3842.1699991226196,-731.2400045394897,-19.03,155,195
1176,Snacks_Chocolates_1176,2023-02-01,1207.0100026130676,1490.590006828308,-283.5800042152405,-19.02,193,239
1123,Beverages_Water_1123,2024-08-01,1474.1799964904785,1819.8799934387207,-345.6999969482422,-19.00,160,197
1026,Snacks_Biscuits_1026,2022-11-01,480.1999897956848,592.7999925613403,-112.60000276565552,-18.99,86,104
1186,Dairy_Yogurt_1186,2024-04-01,763.3199944496155,942.0399870872498,-178.71999263763428,-18.97,150,185
1181,Personal Care_Soap_1181,2023-10-01,2972.9700469970703,3667.9500579833984,-694.9800109863281,-18.95,77,95
1095,Snacks_Chocolates_1095,2023-09-01,2029.239990234375,2502.4399852752686,-473.19999504089355,-18.91,97,140
1037,Electronics_Cables_1037,2025-06-01,24910.570831298828,30714.041259765625,-5803.470428466797,-18.90,145,172
1123,Beverages_Water_1123,2023-05-01,1217.6799621582031,1501.1799759864807,-283.5000138282776,-18.89,124,172
1082,Household_Detergent_1082,2024-08-01,7104.969913482666,8757.269847869873,-1652.299934387207,-18.87,170,210
1071,Grocery_Canned Goods_1071,2021-10-01,472.1399803161621,581.9399757385254,-109.79999542236328,-18.87,86,106
1071,Grocery_Canned Goods_1071,2025-08-01,748.7499928474426,922.7699937820435,-174.02000093460083,-18.86,145,178
1113,Dairy_Cheese_1113,2022-02-01,4432.409990310669,5462.970008850098,-1030.5600185394287,-18.86,209,249
1011,Personal Care_Shampoo_1011,2022-11-01,1653.0200462341309,2037.0000629425049,-383.980016708374,-18.85,85,100
1010,Grocery_Rice_1010,2023-07-01,1997.459984779358,2461.1500387191772,-463.69005393981934,-18.84,143,153
1165,Personal Care_Skincare_1165,2025-08-01,2525.7999534606934,3112.2699699401855,-586.4700164794922,-18.84,154,190
1163,Household_Paper Products_1163,2021-12-01,3320.2199516296387,4090.399965286255,-770.1800136566162,-18.83,90,116
1158,Snacks_Crackers_1158,2024-05-01,799.6999912261963,985.1599969863892,-185.46000576019287,-18.83,110,144
1099,Personal Care_Toothpaste_1099,2025-03-01,8652.49995803833,10660.160137176514,-2007.6601791381836,-18.83,215,237
1012,Beverages_Juices_1012,2023-08-01,2177.0400009155273,2681.820002555847,-504.7800016403198,-18.82,176,216
1196,Grocery_Pasta_1196,2023-10-01,2065.8600330352783,2544.9000282287598,-479.03999519348145,-18.82,69,85
1188,Grocery_Spices_1188,2024-05-01,2139.8999366760254,2635.9199390411377,-496.0200023651123,-18.82,105,141
1097,Snacks_Crackers_1097,2023-09-01,287.0999917984009,353.5799951553345,-66.4800033569336,-18.80,110,154
1192,Dairy_Milk_1192,2022-05-01,2850.620002746582,3509.9899826049805,-659.3699798583984,-18.79,131,188
1003,Household_Cleaning Supplies_1003,2025-02-01,1704.5999994277954,2098.7999963760376,-394.1999969482422,-18.78,156,189
1035,Electronics_Batteries_1035,2023-03-01,33077.12062072754,40720.49090576172,-7643.37028503418,-18.77,140,182
1133,Electronics_Mobile Accessories_1133,2024-06-01,3987.5999298095703,4908.249900817871,-920.6499710083008,-18.76,122,145
1150,Electronics_Batteries_1150,2021-11-01,11250.360046386719,13846.560150146484,-2596.2001037597656,-18.75,89,104
1097,Snacks_Crackers_1097,2022-06-01,297.5399897098541,366.1099910736084,-68.57000136375427,-18.73,114,146
1170,Dairy_Yogurt_1170,2021-02-01,4702.399978637695,5785.300024032593,-1082.9000453948975,-18.72,240,297
1163,Household_Paper Products_1163,2022-05-01,4589.579948425293,5645.59001159668,-1056.0100631713867,-18.71,127,181
1184,Snacks_Chocolates_1184,2021-08-01,3211.4400005340576,3949.899974822998,-738.4599742889404,-18.70,152,190
1167,Grocery_Rice_1167,2024-04-01,4947.099998474121,6084.1398849487305,-1137.0398864746094,-18.69,119,154
1165,Personal Care_Skincare_1165,2022-06-01,1920.299976348877,2361.5799674987793,-441.27999114990234,-18.69,111,143
1001,Electronics_Chargers_1001,2023-08-01,22643.6796875,27843.779663085938,-5200.0999755859375,-18.68,160,192
1155,Electronics_Mobile Accessories_1155,2023-02-01,4228.479999542236,5198.59997177124,-970.1199722290039,-18.66,204,247
1090,Dairy_Cheese_1090,2024-02-01,7004.840061187744,8608.960050582886,-1604.1199893951416,-18.63,210,256
1093,Snacks_Chips_1093,2024-03-01,1072.7400207519531,1318.0200295448303,-245.2800087928772,-18.61,143,179
1128,Grocery_Spices_1128,2023-06-01,2790.859968185425,3428.8199615478516,-637.9599933624268,-18.61,107,129
1075,Snacks_Crackers_1075,2023-12-01,1336.9099979400635,1642.4999980926514,-305.5900001525879,-18.61,103,126
1171,Personal Care_Toothpaste_1171,2023-02-01,6433.899978637695,7904.850028991699,-1470.950050354004,-18.61,170,205
1172,Electronics_Chargers_1172,2024-04-01,13914.54997253418,17096.710090637207,-3182.1601181030273,-18.61,130,163
1001,Electronics_Chargers_1001,2025-06-01,16209.159744262695,19911.759704589844,-3702.5999603271484,-18.60,102,121
1027,Snacks_Chips_1027,2022-08-01,680.2500038146973,835.5900039672852,-155.3400001525879,-18.59,120,144
1179,Household_Cleaning Supplies_1179,2022-05-01,4578.349964141846,5623.799917221069,-1045.4499530792236,-18.59,166,236
1081,Snacks_Nuts_1081,2025-06-01,1146.7600364685059,1408.4000406265259,-261.64000415802,-18.58,118,140
1045,Electronics_Cables_1045,2024-08-01,17100.620040893555,20998.030059814453,-3897.4100189208984,-18.56,130,159
1113,Dairy_Cheese_1113,2024-04-01,3151.210075378418,3868.410041809082,-717.1999664306641,-18.54,131,166
1094,Grocery_Rice_1094,2022-02-01,3747.7400283813477,4599.500030517578,-851.7600021362305,-18.52,185,227
1098,Electronics_Mobile Accessories_1098,2021-08-01,15540.12003326416,19070.580116271973,-3530.4600830078125,-18.51,159,196
1174,Electronics_Mobile Accessories_1174,2024-02-01,44123.389221191406,54142.65951538086,-10019.270294189453,-18.51,203,250
1154,Household_Cleaning Supplies_1154,2021-12-01,1407.850009918213,1727.1499872207642,-319.29997730255127,-18.49,89,118
1199,Electronics_Cables_1199,2024-06-01,25862.579818725586,31724.819778442383,-5862.239959716797,-18.48,117,138
1128,Grocery_Spices_1128,2022-05-01,2578.239978790283,3162.500015258789,-584.2600364685059,-18.47,98,145
1093,Snacks_Chips_1093,2025-02-01,1426.4400281906128,1749.6000423431396,-323.16001415252686,-18.47,198,240
1139,Dairy_Cream_1139,2022-05-01,3287.1799030303955,4030.6700077056885,-743.490104675293,-18.45,154,213
1026,Snacks_Biscuits_1026,2024-06-01,687.989988565445,843.5999889373779,-155.61000037193298,-18.45,124,148
1158,Snacks_Crackers_1158,2024-03-01,1104.7199907302856,1354.4699997901917,-249.750009059906,-18.44,165,207
1057,Beverages_Tea_1057,2024-02-01,4936.879934310913,6052.219945907593,-1115.3400115966797,-18.43,202,247
1067,Grocery_Cereals_1067,2024-05-01,6394.530075073242,7839.370082855225,-1444.8400077819824,-18.43,129,171
1172,Electronics_Chargers_1172,2024-03-01,17096.710090637207,20959.600059509277,-3862.8899688720703,-18.43,163,202
1010,Grocery_Rice_1010,2025-06-01,1782.630027770996,2185.190040588379,-402.5600128173828,-18.42,111,133
1047,Household_Detergent_1047,2024-12-01,3249.850051879883,3982.9300651550293,-733.0800132751465,-18.41,93,111
1065,Electronics_Chargers_1065,2023-03-01,23971.2999420166,29378.020278930664,-5406.7203369140625,-18.40,144,182
1150,Electronics_Batteries_1150,2023-05-01,13580.280029296875,16642.400199890137,-3062.1201705932617,-18.40,102,135
1091,Dairy_Butter_1091,2024-03-01,1197.0099964141846,1466.7000122070312,-269.6900157928467,-18.39,147,187
1001,Electronics_Chargers_1001,2024-05-01,16949.679748535156,20767.710021972656,-3818.0302734375,-18.38,103,137
1028,Household_Paper Products_1028,2024-02-01,8407.849815368652,10300.30978012085,-1892.4599647521973,-18.37,220,274
1055,Dairy_Butter_1055,2025-03-01,1726.8799867630005,2115.5999898910522,-388.72000312805176,-18.37,182,207
1195,Snacks_Chocolates_1195,2021-10-01,1673.5999927520752,2050.1599884033203,-376.5599956512451,-18.37,80,98
1171,Personal Care_Toothpaste_1171,2025-10-01,3708.629913330078,4542.029899597168,-833.3999862670898,-18.35,89,109
1144,Household_Detergent_1144,2022-08-01,2324.8000383377075,2847.350022315979,-522.5499839782715,-18.35,170,211
1130,Snacks_Nuts_1130,2024-11-01,1583.160057067871,1938.9000701904297,-355.7400131225586,-18.35,96,115
1049,Electronics_Batteries_1049,2024-09-01,11579.680358886719,14178.880096435547,-2599.199737548828,-18.33,98,128
1088,Household_Cleaning Supplies_1088,2022-02-01,3681.8399982452393,4507.0799951553345,-825.2399969100952,-18.31,202,253
1085,Personal Care_Skincare_1085,2021-10-01,1784.2099590301514,2183.6599445343018,-399.4499855041504,-18.29,67,82
1143,Dairy_Cheese_1143,2024-10-01,1307.9599609375,1600.5299377441406,-292.5699768066406,-18.28,76,93
1111,Snacks_Nuts_1111,2024-02-01,2837.3200693130493,3471.6400747299194,-634.3200054168701,-18.27,250,302
1041,Snacks_Nuts_1041,2022-10-01,1169.6000080108643,1431.0400047302246,-261.43999671936035,-18.27,85,104
1137,Snacks_Nuts_1137,2024-02-01,1424.2799625396729,1742.4099559783936,-318.1299934387207,-18.26,239,291
1133,Electronics_Mobile Accessories_1133,2022-02-01,5687.07991027832,6956.519905090332,-1269.4399948120117,-18.25,196,240
1185,Personal Care_Toothpaste_1185,2023-06-01,8667.65991973877,10602.429916381836,-1934.7699966430664,-18.25,114,137
1188,Grocery_Spices_1188,2024-03-01,2840.7799396514893,3474.459945678711,-633.6800060272217,-18.24,149,187
1055,Dairy_Butter_1055,2023-12-01,749.170000076294,916.2599945068359,-167.089994430542,-18.24,68,84
1141,Beverages_Coffee_1141,2023-03-01,1057.9400005340576,1293.7700119018555,-235.83001136779785,-18.23,132,174
1150,Electronics_Batteries_1150,2024-02-01,27673.270050048828,33837.67007446289,-6164.4000244140625,-18.22,226,275
1148,Household_Cleaning Supplies_1148,2024-11-01,3945.7100372314453,4824.900054931641,-879.1900177001953,-18.22,75,90
1146,Snacks_Chocolates_1146,2023-05-01,1907.2600326538086,2332.290023803711,-425.02999114990234,-18.22,94,128
1090,Dairy_Cheese_1090,2025-06-01,4183.820087432861,5115.600128173828,-931.7800407409668,-18.21,115,140
1057,Beverages_Tea_1057,2024-05-01,3448.320041656494,4216.079990386963,-767.7599487304688,-18.21,128,167
1005,Household_Paper Products_1005,2024-05-01,2159.400032043457,2639.760039329529,-480.3600072860718,-18.20,122,156
1010,Grocery_Rice_1010,2024-04-01,2155.71000957489,2634.87002658844,-479.1600170135498,-18.19,143,171
1061,Personal Care_Skincare_1061,2021-08-01,8304.60012435913,10150.680164337158,-1846.0800399780273,-18.19,163,200
1149,Electronics_Chargers_1149,2021-11-01,7965.370040893555,9736.520050048828,-1771.1500091552734,-18.19,82,94
1137,Snacks_Nuts_1137,2025-06-01,846.7199811935425,1034.8799757957458,-188.15999460220337,-18.18,131,154
1190,Dairy_Milk_1190,2022-10-01,1641.0600051879883,2005.7400035858154,-364.67999839782715,-18.18,81,99
1025,Household_Detergent_1025,2022-02-01,1623.9199981689453,1984.3199882507324,-360.3999900817871,-18.16,223,272
1132,Dairy_Butter_1132,2022-06-01,3999.6998596191406,4886.439834594727,-886.7399749755859,-18.15,115,148
1149,Electronics_Chargers_1149,2023-05-01,13568.979995727539,16577.55990600586,-3008.5799102783203,-18.15,131,181
1095,Snacks_Chocolates_1095,2025-02-01,3702.6000232696533,4523.700019836426,-821.0999965667725,-18.15,195,235
1064,Snacks_Biscuits_1064,2025-02-01,3549.4900302886963,4336.31004524231,-786.8200149536133,-18.14,218,267
1068,Electronics_Chargers_1068,2024-03-01,14972.189819335938,18291.019973754883,-3318.8301544189453,-18.14,169,212
1046,Household_Paper Products_1046,2022-11-01,4954.839977264404,6051.7600173950195,-1096.9200401306152,-18.13,89,104
1062,Personal Care_Deodorant_1062,2024-08-01,4406.019989013672,5380.540019989014,-974.5200309753418,-18.11,159,197
1104,Grocery_Pasta_1104,2022-02-01,4065.5999965667725,4963.200025558472,-897.6000289916992,-18.09,222,279
1086,Grocery_Rice_1086,2024-03-01,2507.4200506210327,3060.80006980896,-553.3800191879272,-18.08,177,225
1020,Beverages_Juices_1020,2021-02-01,1965.109992980957,2398.959976196289,-433.84998321533203,-18.08,216,263
1183,Electronics_Batteries_1183,2023-06-01,15787.199478149414,19265.75926208496,-3478.559783935547,-18.06,120,144
1180,Grocery_Spices_1180,2024-03-01,1235.2199940681458,1506.9599919319153,-271.73999786376953,-18.03,155,201
1077,Household_Cleaning Supplies_1077,2024-05-01,5902.399932861328,7197.119918823242,-1294.719985961914,-17.99,124,159
1028,Household_Paper Products_1028,2021-02-01,7252.719818115234,8842.349796295166,-1589.6299781799316,-17.98,188,231
1104,Grocery_Pasta_1104,2024-02-01,3767.600040435791,4592.270042419434,-824.6700019836426,-17.96,194,238
1097,Snacks_Crackers_1097,2024-10-01,167.0399947166443,203.57999324798584,-36.53999853134155,-17.95,64,78
1147,Snacks_Crackers_1147,2021-12-01,1696.5299968719482,2067.8000049591064,-371.2700080871582,-17.95,82,103
1181,Personal Care_Soap_1181,2024-10-01,2471.0400390625,3011.580047607422,-540.5400085449219,-17.95,64,78
1132,Dairy_Butter_1132,2025-03-01,5589.709995269775,6811.299875259399,-1221.589879989624,-17.93,203,214
1023,Personal Care_Toothpaste_1023,2024-11-01,4941.610061645508,6021.180068969727,-1079.5700073242188,-17.93,83,99
1006,Beverages_Coffee_1006,2022-02-01,1977.679983139038,2409.8199729919434,-432.1399898529053,-17.93,182,221
1093,Snacks_Chips_1093,2024-02-01,1318.0200295448303,1605.5400381088257,-287.52000856399536,-17.91,179,223
1157,Household_Cleaning Supplies_1157,2022-06-01,1828.7500019073486,2227.3399991989136,-398.58999729156494,-17.90,125,160
1114,Electronics_Batteries_1114,2023-05-01,16613.779983520508,20234.0400390625,-3620.260055541992,-17.89,109,147
1108,Dairy_Butter_1108,2025-05-01,3617.439971923828,4403.799968719482,-786.3599967956543,-17.86,92,115
1095,Snacks_Chocolates_1095,2021-10-01,1443.4799900054932,1757.2799949645996,-313.80000495910645,-17.86,69,84
1066,Household_Cleaning Supplies_1066,2024-02-01,9651.940006256104,11749.99003982544,-2098.050033569336,-17.86,214,265
1063,Snacks_Chocolates_1063,2022-10-01,1119.1799659729004,1362.4799499511719,-243.29998397827148,-17.86,69,84
1028,Household_Paper Products_1028,2023-11-01,2711.539924621582,3300.619903564453,-589.0799789428711,-17.85,67,79
1041,Snacks_Nuts_1041,2022-06-01,1155.8400039672852,1406.9600009918213,-251.11999702453613,-17.85,84,106
1107,Electronics_Mobile Accessories_1107,2022-05-01,25522.330337524414,31069.120208740234,-5546.78987121582,-17.85,168,225
1022,Household_Cleaning Supplies_1022,2023-05-01,6742.860061645508,8206.840160369873,-1463.9800987243652,-17.84,123,164
1198,Dairy_Cheese_1198,2022-11-01,2065.0000190734863,2513.270030975342,-448.27001190185547,-17.84,86,97
1020,Beverages_Juices_1020,2024-03-01,1594.469988822937,1939.6999797821045,-345.2299909591675,-17.80,174,213
1116,Personal Care_Skincare_1116,2023-02-01,12506.800163269043,15209.6801071167,-2702.8799438476562,-17.77,176,216
1061,Personal Care_Skincare_1061,2022-11-01,3807.720001220703,4628.520034790039,-820.8000335693359,-17.73,76,86
1004,Beverages_Juices_1004,2023-06-01,2511.7999725341797,3052.859962463379,-541.0599899291992,-17.72,102,123
1163,Household_Paper Products_1163,2022-06-01,3776.389938354492,4589.579948425293,-813.1900100708008,-17.72,101,127
1075,Snacks_Crackers_1075,2021-08-01,1835.3799829483032,2230.4799966812134,-395.10001373291016,-17.71,148,178
1097,Snacks_Crackers_1097,2024-07-01,303.10999608039856,368.3099881410599,-65.19999206066132,-17.70,125,145
1090,Dairy_Cheese_1090,2024-08-01,5506.989959716797,6690.870010375977,-1183.8800506591797,-17.69,161,193
1069,Grocery_Spices_1069,2024-02-01,6969.320095062256,8466.880065917969,-1497.559970855713,-17.69,201,241
1196,Grocery_Pasta_1196,2022-11-01,2119.740016937256,2574.8400344848633,-455.1000175476074,-17.67,75,86
1027,Snacks_Chips_1027,2021-09-01,641.3000116348267,778.8300089836121,-137.5299973487854,-17.66,106,137
1005,Household_Paper Products_1005,2025-10-01,1486.800033569336,1805.4000358581543,-318.60000228881836,-17.65,84,102
1073,Electronics_Chargers_1073,2025-06-01,16160.959907531738,19621.939826965332,-3460.9799194335938,-17.64,137,163
1185,Personal Care_Toothpaste_1185,2024-03-01,12246.869918823242,14870.279876708984,-2623.409957885742,-17.64,168,213
1179,Household_Cleaning Supplies_1179,2025-02-01,4844.719964981079,5881.409961700439,-1036.6899967193604,-17.63,183,223
1184,Snacks_Chocolates_1184,2023-08-01,3626.210060119629,4401.590099334717,-775.3800392150879,-17.62,189,223
1032,Snacks_Chocolates_1032,2024-08-01,2097.7999725341797,2546.3999786376953,-448.6000061035156,-17.62,147,180
1147,Snacks_Crackers_1147,2024-02-01,3884.699966430664,4715.389953613281,-830.6899871826172,-17.62,202,250
1099,Personal Care_Toothpaste_1099,2024-08-01,6997.920097351074,8493.160099029541,-1495.2400016784668,-17.61,150,181
1001,Electronics_Chargers_1001,2025-03-01,28764.82012939453,34903.84063720703,-6139.0205078125,-17.59,215,237
1117,Snacks_Crackers_1117,2025-06-01,966.7199726104736,1172.9199628829956,-206.19999027252197,-17.58,100,118
1138,Household_Cleaning Supplies_1138,2024-03-01,6909.799861907959,8383.819839477539,-1474.01997756958,-17.58,164,196
1144,Household_Detergent_1144,2024-05-01,1561.6800088882446,1894.2500133514404,-332.5700044631958,-17.56,108,142
1113,Dairy_Cheese_1113,2023-09-01,2377.2600860595703,2882.940010070801,-505.67992401123047,-17.54,94,126
1007,Personal Care_Shampoo_1007,2023-05-01,8205.72013092041,9951.290008544922,-1745.5698776245117,-17.54,122,163
1017,Household_Paper Products_1017,2025-03-01,7647.259992599487,9273.509986877441,-1626.249994277954,-17.54,215,237
1080,Snacks_Chips_1080,2021-02-01,4300.579998016357,5214.990016937256,-914.4100189208984,-17.53,214,259
1095,Snacks_Chocolates_1095,2023-08-01,2502.4399852752686,3033.8399810791016,-531.399995803833,-17.52,140,167
1109,Electronics_Batteries_1109,2021-08-01,6167.999954223633,7476.1999435424805,-1308.1999893188477,-17.50,180,218
1039,Beverages_Soft Drinks_1039,2024-11-01,1923.8100090026855,2331.9000282287598,-408.0900192260742,-17.50,76,90
1075,Snacks_Crackers_1075,2025-02-01,2319.1100091934204,2810.2999992370605,-491.18999004364014,-17.48,193,235
1052,Snacks_Crackers_1052,2024-05-01,2018.2800369262695,2445.340042114258,-427.0600051879883,-17.46,121,157
1052,Snacks_Crackers_1052,2021-11-01,977.4800186157227,1184.2800216674805,-206.8000030517578,-17.46,61,71
1133,Electronics_Mobile Accessories_1133,2024-03-01,5161.949993133545,6253.550018310547,-1091.600025177002,-17.46,163,199
1155,Electronics_Mobile Accessories_1155,2022-05-01,3677.9599056243896,4455.8799686431885,-777.9200630187988,-17.46,165,231
1115,Household_Paper Products_1115,2022-12-01,4165.540100097656,5045.460130691528,-879.9200305938721,-17.44,95,119
1160,Snacks_Nuts_1160,2021-08-01,944.7400007247925,1144.0600008964539,-199.32000017166138,-17.42,162,195
1181,Personal Care_Soap_1181,2022-11-01,2710.4500465393066,3281.850051879883,-571.4000053405762,-17.41,73,85
1139,Dairy_Cream_1139,2021-02-01,4534.68994140625,5488.4399490356445,-953.7500076293945,-17.38,221,266
1064,Snacks_Biscuits_1064,2022-06-01,1785.680030822754,2161.3800315856934,-375.70000076293945,-17.38,101,127
1051,Electronics_Cables_1051,2024-08-01,10560.200073242188,12779.330123901367,-2219.1300506591797,-17.36,156,190
1050,Snacks_Chips_1050,2021-11-01,1503.9300136566162,1819.6800155639648,-315.75000190734863,-17.35,87,102
1150,Electronics_Batteries_1150,2023-08-01,21435.340187072754,25935.37010192871,-4500.029914855957,-17.35,181,225
1082,Household_Detergent_1082,2023-02-01,8186.059894561768,9903.239933013916,-1717.1800384521484,-17.34,201,239
1023,Personal Care_Toothpaste_1023,2025-02-01,9752.700183868408,11796.480201721191,-2043.7800178527832,-17.33,171,216
1066,Household_Cleaning Supplies_1066,2024-04-01,4858.319965362549,5873.799991607666,-1015.4800262451172,-17.29,108,130
1048,Snacks_Biscuits_1048,2022-08-01,2203.6399641036987,2664.0099754333496,-460.3700113296509,-17.28,169,207
1103,Dairy_Milk_1103,2024-05-01,4491.629928588867,5430.179935455322,-938.5500068664551,-17.28,117,150
1085,Personal Care_Skincare_1085,2024-04-01,3322.219913482666,4016.289888381958,-694.069974899292,-17.28,133,167
1072,Electronics_Chargers_1072,2025-06-01,27399.959838867188,33118.13983154297,-5718.179992675781,-17.27,118,139
1175,Household_Trash Bags_1175,2022-06-01,5086.400039672852,6148.560054779053,-1062.1600151062012,-17.27,85,106
1028,Household_Paper Products_1028,2024-04-01,4954.979877471924,5988.829902648926,-1033.850025177002,-17.26,125,160
1121,Grocery_Rice_1121,2025-03-01,5228.799909591675,6318.879999160767,-1090.0800895690918,-17.25,200,218
1124,Dairy_Cheese_1124,2022-10-01,1700.6400470733643,2054.9400539398193,-354.3000068664551,-17.24,72,87
1159,Electronics_Batteries_1159,2023-05-01,21903.839965820312,26462.380279541016,-4558.540313720703,-17.23,123,168
1142,Electronics_Mobile Accessories_1142,2025-03-01,2363.409954071045,2855.3999395370483,-491.9899854660034,-17.23,182,200
1155,Electronics_Mobile Accessories_1155,2024-10-01,1761.7599487304688,2127.8399410247803,-366.0799922943115,-17.20,77,93
1106,Snacks_Chocolates_1106,2023-11-01,915.3499879837036,1105.4399852752686,-190.08999729156494,-17.20,85,98
1072,Electronics_Chargers_1072,2025-10-01,18346.020080566406,22158.18003845215,-3812.159957885742,-17.20,77,93
1053,Snacks_Crackers_1053,2021-08-01,1638.5099792480469,1978.779972076416,-340.26999282836914,-17.20,151,182
1045,Electronics_Cables_1045,2023-10-01,10873.170349121094,13132.530517578125,-2259.3601684570312,-17.20,77,93
1017,Household_Paper Products_1017,2023-10-01,2291.1899948120117,2766.720001220703,-475.5300064086914,-17.19,53,64
1105,Beverages_Water_1105,2024-04-01,1950.9500255584717,2355.520008087158,-404.5699825286865,-17.18,121,148
1124,Dairy_Cheese_1124,2022-06-01,2905.2600860595703,3507.6800785064697,-602.4199924468994,-17.17,123,154
1142,Electronics_Mobile Accessories_1142,2022-11-01,1049.5,1266.8399991989136,-217.33999919891357,-17.16,72,81
1115,Household_Paper Products_1115,2023-08-01,7305.640060424805,8817.940120697021,-1512.3000602722168,-17.15,190,223
1153,Electronics_Batteries_1153,2022-08-01,23497.419952392578,28359.290100097656,-4861.870147705078,-17.14,154,192
1136,Personal Care_Shampoo_1136,2025-02-01,11328.96002960205,13671.300018310547,-2342.339988708496,-17.13,208,250
1125,Personal Care_Toothpaste_1125,2023-05-01,3506.099973678589,4230.659955978394,-724.5599822998047,-17.13,130,179
1121,Grocery_Rice_1121,2022-05-01,4511.019947052002,5443.510000228882,-932.4900531768799,-17.13,151,199
1098,Electronics_Mobile Accessories_1098,2025-07-01,15529.800086975098,18738.999893188477,-3209.199806213379,-17.13,160,188
1012,Beverages_Juices_1012,2024-10-01,888.3000106811523,1071.600009918213,-183.29999923706055,-17.11,63,76
1175,Household_Trash Bags_1175,2024-03-01,10537.320140838623,12712.380191802979,-2175.0600509643555,-17.11,195,236
1186,Dairy_Yogurt_1186,2023-05-01,677.0399904251099,816.5299906730652,-139.49000024795532,-17.08,124,171
1173,Electronics_Batteries_1173,2021-10-01,11123.439987182617,13413.560028076172,-2290.1200408935547,-17.07,68,82
1022,Household_Cleaning Supplies_1022,2023-06-01,5591.680038452148,6742.860061645508,-1151.1800231933594,-17.07,104,123
1062,Personal Care_Deodorant_1062,2021-07-01,3920.1200313568115,4727.160049438477,-807.040018081665,-17.07,145,162
1034,Household_Cleaning Supplies_1034,2022-02-01,9511.789806365967,11468.829723358154,-1957.0399169921875,-17.06,198,231
1002,Dairy_Cream_1002,2021-06-01,1826.0899391174316,2201.679965019226,-375.59002590179443,-17.06,133,181
1046,Household_Paper Products_1046,2022-06-01,7855.650020599365,9470.349967956543,-1614.6999473571777,-17.05,135,170
1191,Dairy_Butter_1191,2022-11-01,747.4999837875366,900.8999843597412,-153.4000005722046,-17.03,79,91
1024,Grocery_Canned Goods_1024,2023-11-01,802.4500026702881,966.9000043869019,-164.45000171661377,-17.01,99,110
1119,Grocery_Pasta_1119,2022-06-01,4184.119964599609,5040.749969482422,-856.6300048828125,-16.99,116,143
1128,Grocery_Spices_1128,2023-02-01,4900.979902267456,5904.329877853394,-1003.3499755859375,-16.99,203,243
1162,Dairy_Yogurt_1162,2024-02-01,4538.159948348999,5466.119972229004,-927.9600238800049,-16.98,189,227
1177,Snacks_Chips_1177,2021-02-01,571.0500073432922,687.760011434555,-116.71000409126282,-16.97,220,267
1059,Electronics_Cables_1059,2021-08-01,3426.8700561523438,4126.450063705444,-699.5800075531006,-16.95,173,208
1084,Household_Paper Products_1084,2022-02-01,8285.349960327148,9973.479957580566,-1688.129997253418,-16.93,211,247
1008,Personal Care_Shampoo_1008,2022-02-01,8525.079959869385,10260.879871368408,-1735.7999114990234,-16.92,230,278
1194,Dairy_Butter_1194,2022-06-01,1136.3399982452393,1367.4099984169006,-231.07000017166138,-16.90,118,147
1186,Dairy_Yogurt_1186,2022-05-01,686.779993057251,826.3399863243103,-139.55999326705933,-16.89,135,177
1074,Personal Care_Skincare_1074,2021-02-01,13984.879913330078,16826.999893188477,-2842.1199798583984,-16.89,244,300
1054,Snacks_Chips_1054,2022-06-01,1104.319972038269,1328.7999792099,-224.48000717163086,-16.89,112,143
1127,Grocery_Rice_1127,2025-10-01,1307.52001953125,1573.1100234985352,-265.59000396728516,-16.88,64,77
1146,Snacks_Chocolates_1146,2025-03-01,3213.6299800872803,3865.77001953125,-652.1400394439697,-16.87,189,213
1116,Personal Care_Skincare_1116,2022-06-01,9140.040252685547,10995.390243530273,-1855.3499908447266,-16.87,117,144
1160,Snacks_Nuts_1160,2025-02-01,1057.0800065994263,1271.400002002716,-214.3199954032898,-16.86,187,228
1059,Electronics_Cables_1059,2022-08-01,3736.840057373047,4494.800064086914,-757.9600067138672,-16.86,188,226
1172,Electronics_Chargers_1172,2024-11-01,10658.619850158691,12819.849884033203,-2161.2300338745117,-16.86,95,113
1056,Snacks_Nuts_1056,2024-03-01,719.479998588562,865.3199982643127,-145.83999967575073,-16.85,131,159
1093,Snacks_Chips_1093,2022-06-01,837.9000062942505,1007.3800044059753,-169.47999811172485,-16.82,105,131
1183,Electronics_Batteries_1183,2024-03-01,19392.759826660156,23312.77980041504,-3920.019973754883,-16.81,155,187
1013,Grocery_Cereals_1013,2024-02-01,5565.910045623779,6690.140106201172,-1124.2300605773926,-16.80,173,208
1158,Snacks_Crackers_1158,2024-02-01,1354.4699997901917,1627.8299918174744,-273.3599920272827,-16.79,207,247
1127,Grocery_Rice_1127,2022-08-01,3236.4299545288086,3889.1799545288086,-652.75,-16.78,169,203
1132,Dairy_Butter_1132,2023-05-01,5251.779815673828,6310.359878540039,-1058.580062866211,-16.78,151,205
1063,Snacks_Chocolates_1063,2023-06-01,1673.9999561309814,2011.2799377441406,-337.2799816131592,-16.77,108,124
1070,Grocery_Canned Goods_1070,2024-06-01,4636.659881591797,5569.079864501953,-932.4199829101562,-16.74,112,132
1138,Household_Cleaning Supplies_1138,2021-02-01,8159.439861297607,9800.05980682373,-1640.619945526123,-16.74,197,232
1152,Personal Care_Toothpaste_1152,2025-08-01,8636.189949035645,10373.169929504395,-1736.97998046875,-16.74,170,205
1063,Snacks_Chocolates_1063,2025-08-01,2309.879976272583,2773.8399906158447,-463.9600143432617,-16.73,150,182
1041,Snacks_Nuts_1041,2025-06-01,1489.5200061798096,1788.800012588501,-299.2800064086914,-16.73,110,130
1118,Dairy_Milk_1118,2021-12-01,2289.4200439453125,2749.2000312805176,-459.7799873352051,-16.72,97,122
1169,Beverages_Soft Drinks_1169,2022-08-01,868.9400134086609,1043.1100153923035,-174.17000198364258,-16.70,153,188
1111,Snacks_Nuts_1111,2022-05-01,1460.1000318527222,1752.1200141906738,-292.01998233795166,-16.67,121,159
1137,Snacks_Nuts_1137,2022-10-01,503.9999876022339,604.7999858856201,-100.79999828338623,-16.67,75,90
1037,Electronics_Cables_1037,2024-05-01,19464.130798339844,23356.92071533203,-3892.7899169921875,-16.67,109,138
1024,Grocery_Canned Goods_1024,2024-10-01,615.3000059127808,738.3600044250488,-123.05999851226807,-16.67,70,84
1061,Personal Care_Skincare_1061,2021-06-01,8449.740097045898,10139.400142669678,-1689.6600456237793,-16.66,157,212
1164,Electronics_Cables_1164,2025-08-01,40465.15919494629,48550.279357910156,-8085.120162963867,-16.65,218,260
1174,Electronics_Mobile Accessories_1174,2021-06-01,32514.750366210938,39005.81979370117,-6491.069427490234,-16.64,135,180
1108,Dairy_Butter_1108,2022-05-01,4040.1299724578857,4846.189990997314,-806.0600185394287,-16.63,110,144
1115,Household_Paper Products_1115,2023-06-01,4572.380123138428,5483.2801513671875,-910.9000282287598,-16.61,105,124
1121,Grocery_Rice_1121,2022-06-01,3761.8399200439453,4511.019947052002,-749.1800270080566,-16.61,118,151
1108,Dairy_Butter_1108,2025-09-01,3971.319969177246,4761.809951782227,-790.4899826049805,-16.60,101,129
1031,Snacks_Chips_1031,2023-08-01,2287.8300170898438,2742.900029182434,-455.07001209259033,-16.59,169,200
1021,Grocery_Canned Goods_1021,2023-02-01,5110.76997756958,6124.049964904785,-1013.2799873352051,-16.55,199,231
1003,Household_Cleaning Supplies_1003,2024-05-01,1416,1696.8000049591064,-280.80000495910645,-16.55,118,154
1069,Grocery_Spices_1069,2023-06-01,4251.299961090088,5093.899940490723,-842.5999794006348,-16.54,112,133
1029,Grocery_Canned Goods_1029,2022-05-01,3738.5199279785156,4477.379936218262,-738.8600082397461,-16.50,138,189
1102,Snacks_Biscuits_1102,2023-10-01,1852.4400787353516,2218.6200942993164,-366.18001556396484,-16.50,86,103
1141,Beverages_Coffee_1141,2021-02-01,2060.960021495819,2468.220024585724,-407.2600030899048,-16.50,269,319
1140,Personal Care_Shampoo_1140,2023-08-01,5191.079978942871,6216.389945983887,-1025.3099670410156,-16.49,163,198
1107,Electronics_Mobile Accessories_1107,2024-11-01,10337.510177612305,12379.290222167969,-2041.780044555664,-16.49,65,77
1145,Household_Trash Bags_1145,2022-05-01,1338.0400085449219,1602.0200023651123,-263.97999382019043,-16.48,121,164
1122,Dairy_Yogurt_1122,2024-04-01,3973.7000732421875,4757.380102157593,-783.6800289154053,-16.47,132,163
1067,Grocery_Cereals_1067,2025-02-01,9008.920124053955,10785.820152282715,-1776.9000282287598,-16.47,196,238
1188,Grocery_Spices_1188,2025-10-01,1446.9799499511719,1732.2999382019043,-285.3199882507324,-16.47,71,85
1069,Grocery_Spices_1069,2022-05-01,5831.019983291626,6979.5400466918945,-1148.5200634002686,-16.46,160,214
1095,Snacks_Chocolates_1095,2025-06-01,2761.4399738311768,3305.359987258911,-543.9200134277344,-16.46,138,158
1088,Household_Cleaning Supplies_1088,2023-02-01,4307.609983444214,5156.229970932007,-848.619987487793,-16.46,222,266
1148,Household_Cleaning Supplies_1148,2023-06-01,5060.810043334961,6057.930068969727,-997.1200256347656,-16.46,97,113
1087,Snacks_Crackers_1087,2025-03-01,1502.110013961792,1797.7800159454346,-295.6700019836426,-16.45,188,213
1196,Grocery_Pasta_1196,2023-02-01,6230.639999389648,7456.750011444092,-1226.1100120544434,-16.44,227,278
1069,Grocery_Spices_1069,2022-08-01,6078.210094451904,7273.090148925781,-1194.880054473877,-16.43,167,205
1040,Electronics_Mobile Accessories_1040,2025-03-01,12744.799758911133,15251.120101928711,-2506.320343017578,-16.43,185,199
1097,Snacks_Crackers_1097,2023-08-01,353.5799951553345,423.0499906539917,-69.46999549865723,-16.42,154,185
1102,Snacks_Biscuits_1102,2023-02-01,3864.380039215088,4623.710037231445,-759.3299980163574,-16.42,195,237
1095,Snacks_Chocolates_1095,2022-08-01,3464.560007095337,4144.5000076293945,-679.9400005340576,-16.41,176,213
1034,Household_Cleaning Supplies_1034,2021-02-01,9820.119800567627,11748.499801635742,-1928.3800010681152,-16.41,185,223
1175,Household_Trash Bags_1175,2021-08-01,8946.420108795166,10702.820026397705,-1756.399917602539,-16.41,158,193
1175,Household_Trash Bags_1175,2025-07-01,8515.580059051514,10187.76010131836,-1672.1800422668457,-16.41,151,176
1172,Electronics_Chargers_1172,2021-08-01,16755.999702453613,20046.159797668457,-3290.1600952148438,-16.41,159,187
1086,Grocery_Rice_1086,2021-06-01,2093.340045928955,2504.0200548171997,-410.68000888824463,-16.40,139,183
1030,Dairy_Cream_1030,2022-06-01,2248.080093383789,2688.880102157593,-440.8000087738037,-16.39,102,124
1076,Snacks_Chocolates_1076,2025-03-01,3492.539970397949,4177.200008392334,-684.6600379943848,-16.39,193,204
1058,Personal Care_Soap_1058,2023-03-01,4597.320072174072,5498.5800857543945,-901.2600135803223,-16.39,111,134
1173,Electronics_Batteries_1173,2023-02-01,30924.45964050293,36976.79977416992,-6052.340133666992,-16.37,206,249
1026,Snacks_Biscuits_1026,2025-06-01,676.9599914550781,809.3999814987183,-132.43999004364014,-16.36,123,142
1110,Grocery_Canned Goods_1110,2024-06-01,1863.139986038208,2227.6099815368652,-364.4699954986572,-16.36,106,121
1020,Beverages_Juices_1020,2022-10-01,866.5199975967407,1035.839997291565,-169.31999969482422,-16.35,87,104
1100,Electronics_Mobile Accessories_1100,2021-10-01,1493.219985961914,1784.5799598693848,-291.3599739074707,-16.33,82,98
1016,Grocery_Rice_1016,2022-05-01,2843.1000480651855,3397.140037536621,-554.0399894714355,-16.31,150,209
1040,Electronics_Mobile Accessories_1040,2022-10-01,6520.359954833984,7790.5599365234375,-1270.1999816894531,-16.30,77,92
1058,Personal Care_Soap_1058,2021-10-01,3470.390037536621,4146.440048217773,-676.0500106811523,-16.30,77,92
1076,Snacks_Chocolates_1076,2025-06-01,3021.260009765625,3609.620038986206,-588.360029220581,-16.30,143,161
1116,Personal Care_Skincare_1116,2023-03-01,10468.160171508789,12506.800163269043,-2038.639991760254,-16.30,138,176
1108,Dairy_Butter_1108,2022-02-01,6615.590000152588,7903.319997787476,-1287.7299976348877,-16.29,196,233
1197,Electronics_Mobile Accessories_1197,2025-03-01,3084.0200510025024,3684.359972000122,-600.3399209976196,-16.29,212,230
1151,Electronics_Cables_1151,2021-08-01,21252.80030822754,25384.790405273438,-4131.990097045898,-16.28,159,187
1163,Household_Paper Products_1163,2025-08-01,5731.78995513916,6845.989974975586,-1114.2000198364258,-16.28,163,195
1065,Electronics_Chargers_1065,2025-10-01,12803.760040283203,15293.380096435547,-2489.6200561523438,-16.28,72,86
1040,Electronics_Mobile Accessories_1040,2025-06-01,7515.349937438965,8976.079978942871,-1460.7300415039062,-16.27,91,106
1014,Dairy_Butter_1014,2023-08-01,1274.340009689331,1521.6600227355957,-247.32001304626465,-16.25,182,219
1130,Snacks_Nuts_1130,2025-03-01,2833.9400911331177,3383.660093307495,-549.7200021743774,-16.25,202,222
1008,Personal Care_Shampoo_1008,2023-11-01,3422.9200115203857,4086.419952392578,-663.4999408721924,-16.24,80,93
1064,Snacks_Biscuits_1064,2025-07-01,2043.6600074768066,2439.8400382995605,-396.1800308227539,-16.24,123,142
1002,Dairy_Cream_1002,2022-08-01,1969.1999959945679,2350.1899852752686,-380.9899892807007,-16.21,154,182
1023,Personal Care_Toothpaste_1023,2025-03-01,8173.760047912598,9752.700183868408,-1578.9401359558105,-16.19,168,171
1060,Household_Detergent_1060,2023-10-01,3328.1599731445312,3971.099967956543,-642.9399948120117,-16.19,88,105
1194,Dairy_Butter_1194,2024-07-01,1041.240002632141,1242.239995956421,-200.99999332427979,-16.18,116,138
1022,Household_Cleaning Supplies_1022,2025-03-01,9472.28007888794,11298.840087890625,-1826.5600090026855,-16.17,219,228
1131,Snacks_Crackers_1131,2022-12-01,2112.2400188446045,2519.5900173187256,-407.3499984741211,-16.17,92,114
1001,Electronics_Chargers_1001,2024-04-01,20767.710021972656,24766.640258789062,-3998.9302368164062,-16.15,137,164
1037,Electronics_Cables_1037,2025-03-01,28946.310485839844,34516.960357666016,-5570.649871826172,-16.14,196,214
1073,Electronics_Chargers_1073,2022-06-01,13602.939964294434,16221.079986572266,-2618.140022277832,-16.14,113,141
1154,Household_Cleaning Supplies_1154,2023-05-01,2033.9200038909912,2425.4599838256836,-391.5399799346924,-16.14,128,169
1148,Household_Cleaning Supplies_1148,2022-08-01,7291.040023803711,8692.980003356934,-1401.9399795532227,-16.13,144,174
1125,Personal Care_Toothpaste_1125,2024-08-01,4654.710014343262,5550.030025482178,-895.320011138916,-16.13,183,219
1130,Snacks_Nuts_1130,2021-02-01,3612.9400959014893,4307.580112457275,-694.6400165557861,-16.13,238,278
1137,Snacks_Nuts_1137,2025-02-01,1432.3999648094177,1707.879951953888,-275.4799871444702,-16.13,236,280
1040,Electronics_Mobile Accessories_1040,2024-10-01,6605.03995513916,7875.239974975586,-1270.2000198364258,-16.13,78,93
1092,Household_Detergent_1092,2024-03-01,4466.58994102478,5324.919948577881,-858.3300075531006,-16.12,170,206
1003,Household_Cleaning Supplies_1003,2024-04-01,1696.8000049591064,2022.5999994277954,-325.79999446868896,-16.11,154,184
1069,Grocery_Spices_1069,2023-02-01,6312.380073547363,7524.52006149292,-1212.1399879455566,-16.11,181,211
1058,Personal Care_Soap_1058,2025-02-01,9622.520183563232,11470.400192260742,-1847.8800086975098,-16.11,236,280
1055,Dairy_Butter_1055,2021-07-01,1700.9400033950806,2027.4800081253052,-326.5400047302246,-16.11,164,182
1040,Electronics_Mobile Accessories_1040,2023-05-01,10330.959945678711,12312.119926452637,-1981.1599807739258,-16.09,122,163
1176,Snacks_Chocolates_1176,2022-08-01,977.6400213241577,1164.860017299652,-187.21999597549438,-16.07,152,182
1044,Snacks_Biscuits_1044,2022-06-01,2505.8501052856445,2985.20011138916,-479.3500061035156,-16.06,115,140
1157,Household_Cleaning Supplies_1157,2023-11-01,1215.7600049972534,1448.3699979782104,-232.60999298095703,-16.06,88,99
1159,Electronics_Batteries_1159,2022-10-01,12109.440032958984,14424.480072021484,-2315.0400390625,-16.05,68,81
1153,Electronics_Batteries_1153,2025-03-01,26405.820037841797,31452.659774780273,-5046.839736938477,-16.05,200,214
1157,Household_Cleaning Supplies_1157,2023-08-01,1960.1199731826782,2334.5199813842773,-374.4000082015991,-16.04,149,181
1040,Electronics_Mobile Accessories_1040,2022-02-01,16618.449741363525,19793.949699401855,-3175.49995803833,-16.04,239,271
1038,Electronics_Cables_1038,2021-10-01,8835.919891357422,10523.679870605469,-1687.7599792480469,-16.04,89,106
1197,Electronics_Mobile Accessories_1197,2025-06-01,1889.8200054168701,2250.240005493164,-360.42000007629395,-16.02,109,128
1188,Grocery_Spices_1188,2023-05-01,2629.019920349121,3130.0599517822266,-501.04003143310547,-16.01,129,169
1002,Dairy_Cream_1002,2025-08-01,2297.4399967193604,2735.3700037002563,-437.930006980896,-16.01,181,211
1011,Personal Care_Shampoo_1011,2022-05-01,2245.8000659942627,2673.8300247192383,-428.0299587249756,-16.01,111,158
1133,Electronics_Mobile Accessories_1133,2022-05-01,5018.299896240234,5974.869903564453,-956.5700073242188,-16.01,152,211
1131,Snacks_Crackers_1131,2023-10-01,1478.6099967956543,1760.25,-281.6400032043457,-16.00,63,75
1165,Personal Care_Skincare_1165,2022-10-01,1453.1999740600586,1729.9999694824219,-276.7999954223633,-16.00,84,100
1094,Grocery_Rice_1094,2023-11-01,1994.020001411438,2373.5,-379.479998588562,-15.99,88,101
1015,Dairy_Cream_1015,2023-11-01,2415.8499584198,2875.7799320220947,-459.9299736022949,-15.99,95,106
1133,Electronics_Mobile Accessories_1133,2024-11-01,2047.8999786376953,2437.199951171875,-389.2999725341797,-15.97,64,72
1129,Electronics_Chargers_1129,2024-06-01,18111.549575805664,21550.439483642578,-3438.889907836914,-15.96,120,141
1156,Personal Care_Soap_1156,2022-06-01,3802.4000358581543,4523.810047149658,-721.4100112915039,-15.95,112,136
1081,Snacks_Nuts_1081,2022-02-01,1747.4600248336792,2079.100037574768,-331.64001274108887,-15.95,197,247
1199,Electronics_Cables_1199,2025-04-01,19264.769790649414,22919.789810180664,-3655.02001953125,-15.95,85,124
1080,Snacks_Chips_1080,2025-03-01,4019.0400409698486,4781.190017700195,-762.1499767303467,-15.94,222,235
1098,Electronics_Mobile Accessories_1098,2022-02-01,15167.330062866211,18040.339950561523,-2873.0098876953125,-15.93,165,198
1034,Household_Cleaning Supplies_1034,2023-02-01,10131.039813995361,12047.699802398682,-1916.6599884033203,-15.91,194,224
1013,Grocery_Cereals_1013,2023-04-01,4572.730026245117,5436.930080413818,-864.2000541687012,-15.90,148,163
1100,Electronics_Mobile Accessories_1100,2023-08-01,1908.5799674987793,2269.16996383667,-360.5899963378906,-15.89,122,145
1003,Household_Cleaning Supplies_1003,2024-02-01,1830.5999975204468,2176.1999921798706,-345.5999946594238,-15.88,168,201
1038,Electronics_Cables_1038,2022-08-01,15874.669731140137,18867.89963531494,-2993.2299041748047,-15.86,170,204
1159,Electronics_Batteries_1159,2023-10-01,12287.520065307617,14602.559967041016,-2315.0399017333984,-15.85,69,82
1119,Grocery_Pasta_1119,2022-08-01,5767.319953918457,6852.90994644165,-1085.5899925231934,-15.84,169,204
1016,Grocery_Rice_1016,2023-10-01,1652.4000244140625,1963.4400215148926,-311.0399971008301,-15.84,85,101
1070,Grocery_Canned Goods_1070,2024-04-01,5043.759948730469,5993.009960174561,-949.2500114440918,-15.84,125,150
1197,Electronics_Mobile Accessories_1197,2025-10-01,1494.3000106811523,1775.580005645752,-281.2799949645996,-15.84,85,101
1069,Grocery_Spices_1069,2025-02-01,6618.780078887939,7863.580047607422,-1244.7999687194824,-15.83,189,223
1032,Snacks_Chocolates_1032,2022-02-01,2781.860020637512,3304.8800077438354,-523.0199871063232,-15.83,219,261
1167,Grocery_Rice_1167,2024-06-01,4794.600057601929,5695.350120544434,-900.7500629425049,-15.82,114,129
1110,Grocery_Canned Goods_1110,2022-11-01,1255.5899906158447,1491.2099876403809,-235.61999702453613,-15.80,71,81
1164,Electronics_Cables_1164,2025-10-01,15699.200164794922,18642.80015563965,-2943.5999908447266,-15.79,80,95
1154,Household_Cleaning Supplies_1154,2022-08-01,2092.629997253418,2485.160011291504,-392.53001403808594,-15.79,140,168
1156,Personal Care_Soap_1156,2021-08-01,6610.630014419556,7849.859996795654,-1239.2299823760986,-15.79,206,246
1104,Grocery_Pasta_1104,2021-12-01,2141.5800590515137,2542.800064086914,-401.2200050354004,-15.78,102,124
1199,Electronics_Cables_1199,2024-11-01,16069.319869995117,19080.86981201172,-3011.5499420166016,-15.78,72,83
1132,Dairy_Butter_1132,2024-05-01,4834.419830322266,5738.539850234985,-904.1200199127197,-15.76,139,173
1106,Snacks_Chocolates_1106,2024-04-01,1336.6199884414673,1586.1199979782104,-249.50000953674316,-15.73,131,152
1193,Beverages_Tea_1193,2024-05-01,1595.049997329712,1892.6299905776978,-297.57999324798584,-15.72,115,143
1186,Dairy_Yogurt_1186,2025-10-01,469.5599956512451,556.919997215271,-87.36000156402588,-15.69,86,102
1011,Personal Care_Shampoo_1011,2024-02-01,4181.250022888184,4959.420036315918,-778.1700134277344,-15.69,229,266
1145,Household_Trash Bags_1145,2021-12-01,1084.160002708435,1285.800012588501,-201.64000988006592,-15.68,99,114
1027,Snacks_Chips_1027,2023-07-01,690.9100122451782,819.1700086593628,-128.25999641418457,-15.66,131,138
1189,Electronics_Batteries_1189,2025-02-01,13468.690048217773,15968.22004699707,-2499.529998779297,-15.65,191,228
1007,Personal Care_Shampoo_1007,2025-10-01,5448.060073852539,6456.960105895996,-1008.900032043457,-15.63,81,96
1082,Household_Detergent_1082,2024-11-01,3617.4599418640137,4287.359931945801,-669.8999900817871,-15.63,81,96
1144,Household_Detergent_1144,2024-08-01,2178.710027694702,2582.2200355529785,-403.51000785827637,-15.63,161,187
1140,Personal Care_Shampoo_1140,2025-06-01,3782.2098999023438,4481.249908447266,-699.0400085449219,-15.60,109,125
1157,Household_Cleaning Supplies_1157,2022-02-01,2077.230004310608,2461.180006980896,-383.9500026702881,-15.60,165,200
1190,Dairy_Milk_1190,2024-05-01,2005.7400035858154,2376.4899864196777,-370.7499828338623,-15.60,99,125
1170,Dairy_Yogurt_1170,2025-03-01,3678.509983062744,4357.30001449585,-678.7900314331055,-15.58,206,225
1011,Personal Care_Shampoo_1011,2024-03-01,3529.7700481414795,4181.250022888184,-651.4799747467041,-15.58,185,229
1044,Snacks_Biscuits_1044,2025-08-01,3179.0600967407227,3765.190116882324,-586.1300201416016,-15.57,156,185
1151,Electronics_Cables_1151,2025-02-01,30408.569694519043,36017.82957458496,-5609.259880065918,-15.57,230,278
1138,Household_Cleaning Supplies_1138,2025-10-01,3517.2799072265625,4165.199890136719,-647.9199829101562,-15.56,76,90
1111,Snacks_Nuts_1111,2023-06-01,1527.320034980774,1808.6400394439697,-281.3200044631958,-15.55,124,144
1118,Dairy_Milk_1118,2024-02-01,4065.0199241638184,4812.739917755127,-747.7199935913086,-15.54,193,225
1069,Grocery_Spices_1069,2022-02-01,5466.780025482178,6472.10004234314,-1005.3200168609619,-15.53,170,199
1046,Household_Paper Products_1046,2024-05-01,5469.8599853515625,6473.560005187988,-1003.7000198364258,-15.50,94,119
1037,Electronics_Cables_1037,2025-02-01,34516.960357666016,40847.19039916992,-6330.230041503906,-15.50,214,252
1054,Snacks_Chips_1054,2024-08-01,1656.039981842041,1959.6399822235107,-303.6000003814697,-15.49,179,212
1102,Snacks_Biscuits_1102,2022-02-01,3915.560047149658,4631.960063934326,-716.400016784668,-15.47,215,258
1134,Household_Paper Products_1134,2021-08-01,1753.8899841308594,2074.7400045394897,-320.85002040863037,-15.46,135,158
1008,Personal Care_Shampoo_1008,2023-10-01,4086.419952392578,4833.399997711182,-746.9800453186035,-15.45,93,110
1013,Grocery_Cereals_1013,2024-08-01,4860.190002441406,5747.439960479736,-887.2499580383301,-15.44,145,172
1198,Dairy_Cheese_1198,2022-06-01,2305.9900245666504,2727.0200233459473,-421.0299987792969,-15.44,89,106
1010,Grocery_Rice_1010,2022-06-01,1823.7300338745117,2156.3700256347656,-332.6399917602539,-15.43,111,138
1032,Snacks_Chocolates_1032,2024-11-01,1423.4999923706055,1682.7599830627441,-259.2599906921387,-15.41,96,111
1180,Grocery_Spices_1180,2024-08-01,1116.3599939346313,1319.6399931907654,-203.27999925613403,-15.40,141,169
1136,Personal Care_Shampoo_1136,2022-05-01,6812.830039978027,8048.930099487305,-1236.1000595092773,-15.36,119,155
1194,Dairy_Butter_1194,2022-05-01,1367.4099984169006,1615.1699857711792,-247.75998735427856,-15.34,147,194
1169,Beverages_Soft Drinks_1169,2024-08-01,938.3800158500671,1108.2400121688843,-169.85999631881714,-15.33,163,196
1022,Household_Cleaning Supplies_1022,2024-08-01,9330.580108642578,11019.040184020996,-1688.460075378418,-15.32,181,212
1070,Grocery_Canned Goods_1070,2023-11-01,2786.589973449707,3290.8199195861816,-504.2299461364746,-15.32,72,78
1079,Beverages_Juices_1079,2021-10-01,488.7999906539917,577.1999912261963,-88.40000057220459,-15.32,94,111
1109,Electronics_Batteries_1109,2025-02-01,6741.059951782227,7960.109901428223,-1219.049949645996,-15.31,204,239
1188,Grocery_Spices_1188,2024-11-01,1691.539951324463,1997.239938735962,-305.699987411499,-15.31,83,98
1135,Household_Trash Bags_1135,2022-06-01,6008.310169219971,7093.900135040283,-1085.5899658203125,-15.30,119,146
1120,Grocery_Cereals_1120,2024-10-01,3343.6799697875977,3947.3999519348145,-603.7199821472168,-15.29,72,85
1003,Household_Cleaning Supplies_1003,2025-07-01,1466.4000225067139,1731,-264.59997749328613,-15.29,128,150
1039,Beverages_Soft Drinks_1039,2022-10-01,1580.5100135803223,1865.5200119018555,-285.0099983215332,-15.28,61,72
1101,Snacks_Crackers_1101,2025-03-01,4731.800046920776,5584.280069351196,-852.4800224304199,-15.27,228,246
1136,Personal Care_Shampoo_1136,2023-11-01,3882.6999893188477,4582.040016174316,-699.3400268554688,-15.26,70,76
1168,Snacks_Chips_1168,2021-02-01,4245.290019989014,5009.080045700073,-763.7900257110596,-15.25,245,289
1017,Household_Paper Products_1017,2022-06-01,5230.829978942871,6171.029983520508,-940.2000045776367,-15.24,121,148
1143,Dairy_Cheese_1143,2024-08-01,2617.7199878692627,3087.5900230407715,-469.8700351715088,-15.22,160,191
1094,Grocery_Rice_1094,2021-10-01,1833,2162,-329,-15.22,78,92
1085,Personal Care_Skincare_1085,2025-10-01,2077.1399459838867,2449.9599418640137,-372.81999588012695,-15.22,78,92
1124,Dairy_Cheese_1124,2024-05-01,2881.640073776245,3399.1000480651855,-517.4599742889404,-15.22,122,153
1078,Electronics_Cables_1078,2024-02-01,37617.41976928711,44366.27995300293,-6748.86018371582,-15.21,230,268
1063,Snacks_Chocolates_1063,2023-02-01,2689.5999431610107,3172.18994140625,-482.58999824523926,-15.21,182,214
1057,Beverages_Tea_1057,2023-02-01,3810.719976425171,4493.719953536987,-682.9999771118164,-15.20,150,186
1005,Household_Paper Products_1005,2024-02-01,3612.039966583252,4259.579968452454,-647.5400018692017,-15.20,220,265
1079,Beverages_Juices_1079,2024-06-01,577.7199900150299,681.1999893188477,-103.47999930381775,-15.19,112,131
1067,Grocery_Cereals_1067,2024-06-01,5422.970069885254,6394.530075073242,-971.5600051879883,-15.19,113,129
1133,Electronics_Mobile Accessories_1133,2023-05-01,3621.949951171875,4270.1899337768555,-648.2399826049805,-15.18,107,140
1148,Household_Cleaning Supplies_1148,2024-08-01,7886.119979858398,9296.109954833984,-1409.989974975586,-15.17,156,187
1149,Electronics_Chargers_1149,2024-03-01,17572.080078125,20710.440086364746,-3138.360008239746,-15.15,183,219
1060,Household_Detergent_1060,2022-06-01,4084.5599670410156,4812.459991455078,-727.9000244140625,-15.13,108,134
1187,Personal Care_Skincare_1187,2023-06-01,7206.349922180176,8490.649894714355,-1284.2999725341797,-15.13,102,119
1150,Electronics_Batteries_1150,2023-10-01,9719.22004699707,11450.040069580078,-1730.8200225830078,-15.12,73,86
1085,Personal Care_Skincare_1085,2024-10-01,1943.989948272705,2290.1799488067627,-346.1900005340576,-15.12,73,86
1107,Electronics_Mobile Accessories_1107,2023-02-01,27330.450103759766,32193.539932250977,-4863.089828491211,-15.11,185,222
1001,Electronics_Chargers_1001,2022-05-01,24725.1396484375,29127.119857788086,-4401.980209350586,-15.11,159,207
1009,Electronics_Batteries_1009,2025-03-01,13232.799922943115,15584.509780883789,-2351.709857940674,-15.09,171,185
1034,Household_Cleaning Supplies_1034,2021-08-01,8547.279815673828,10066.799755096436,-1519.5199394226074,-15.09,158,186
1099,Personal Care_Toothpaste_1099,2024-02-01,10597.880126953125,12481.720134735107,-1883.8400077819824,-15.09,235,277
1156,Personal Care_Soap_1156,2023-08-01,5044.970066070557,5941.250072479248,-896.2800064086914,-15.09,168,202
1158,Snacks_Crackers_1158,2024-08-01,1026.2900009155273,1208.6800045967102,-182.39000368118286,-15.09,149,177
1113,Dairy_Cheese_1113,2021-08-01,3806.0400409698486,4481.280048370361,-675.2400074005127,-15.07,161,188
1013,Grocery_Cereals_1013,2025-05-01,3634.260078430176,4279.160062789917,-644.8999843597412,-15.07,102,121
1053,Snacks_Crackers_1053,2021-11-01,821.2499885559082,966.9499855041504,-145.6999969482422,-15.07,75,83
1051,Electronics_Cables_1051,2022-11-01,5939.899963378906,6992.299934387207,-1052.3999710083008,-15.05,85,98
1037,Electronics_Cables_1037,2023-03-01,21714.260360717773,25561.850311279297,-3847.5899505615234,-15.05,129,158
1189,Electronics_Batteries_1189,2022-08-01,12681.070236206055,14927.160217285156,-2246.0899810791016,-15.05,173,204
1068,Electronics_Chargers_1068,2024-02-01,18291.019973754883,21528.80992126465,-3237.7899475097656,-15.04,212,245
1114,Electronics_Batteries_1114,2021-12-01,16278.499969482422,19159.109954833984,-2880.6099853515625,-15.04,109,132
1038,Electronics_Cables_1038,2023-05-01,12012.879852294922,14137.099830627441,-2124.2199783325195,-15.03,121,164
1034,Household_Cleaning Supplies_1034,2023-05-01,7655.480010986328,9008.249828338623,-1352.769817352295,-15.02,133,170
1034,Household_Cleaning Supplies_1034,2022-08-01,10262.439853668213,12075.499744415283,-1813.0598907470703,-15.01,191,225
1165,Personal Care_Skincare_1165,2021-11-01,1588.139970779419,1868.3999671936035,-280.25999641418457,-15.00,99,108
1171,Personal Care_Toothpaste_1171,2022-11-01,3435.74991607666,4041.989891052246,-606.2399749755859,-15.00,87,97
1181,Personal Care_Soap_1181,2022-10-01,3281.850051879883,3861.0000610351562,-579.1500091552734,-15.00,85,100
1030,Dairy_Cream_1030,2023-08-01,2900.2600135803223,3411.5600032806396,-511.2999897003174,-14.99,152,178
1124,Dairy_Cheese_1124,2023-08-01,3756.0400218963623,4417.34002494812,-661.3000030517578,-14.97,182,207
1165,Personal Care_Skincare_1165,2025-06-01,2162.599941253662,2543.0999336242676,-380.49999237060547,-14.96,130,147
1108,Dairy_Butter_1108,2025-03-01,8048.360061645508,9462.020027160645,-1413.6599655151367,-14.94,238,266
1193,Beverages_Tea_1193,2023-10-01,790.5900001525879,929.289999961853,-138.69999980926514,-14.93,57,67
1043,Electronics_Batteries_1043,2023-08-01,2917.180013656616,3428.3900089263916,-511.2099952697754,-14.91,147,166
1170,Dairy_Yogurt_1170,2023-11-01,1685.8399696350098,1980.899974822998,-295.0600051879883,-14.90,83,93
1018,Personal Care_Deodorant_1018,2022-02-01,9404.779865264893,11045.789836883545,-1641.0099716186523,-14.86,195,234
1150,Electronics_Batteries_1150,2025-02-01,24517.86994934082,28798.32012939453,-4280.450180053711,-14.86,205,237
1040,Electronics_Mobile Accessories_1040,2024-04-01,7748.220031738281,9099.020095825195,-1350.800064086914,-14.85,98,119
1044,Snacks_Biscuits_1044,2024-05-01,2048.2600860595703,2405.5300827026367,-357.2699966430664,-14.85,94,119
1179,Household_Cleaning Supplies_1179,2023-02-01,4647.249963760376,5457.46994972229,-810.2199859619141,-14.85,173,208
1072,Electronics_Chargers_1072,2021-02-01,45769.62031555176,53739.42092895508,-7969.80061340332,-14.83,211,244
1032,Snacks_Chocolates_1032,2024-02-01,3388.7799978256226,3977.98992061615,-589.2099227905273,-14.81,243,291
1048,Snacks_Biscuits_1048,2024-04-01,1468.8699932098389,1724.0699977874756,-255.20000457763672,-14.80,112,133
1060,Household_Detergent_1060,2023-09-01,3971.099967956543,4659.720043182373,-688.6200752258301,-14.78,105,138
1129,Electronics_Chargers_1129,2022-05-01,19830.989631652832,23269.89012145996,-3438.900489807129,-14.78,133,186
1044,Snacks_Biscuits_1044,2022-05-01,2985.20011138916,3502.5400581359863,-517.3399467468262,-14.77,140,181
1016,Grocery_Rice_1016,2024-02-01,3442.4000358581543,4039.0400371551514,-596.6400012969971,-14.77,193,230
1070,Grocery_Canned Goods_1070,2023-03-01,5341.199913024902,6265.020057678223,-923.8201446533203,-14.75,132,168
1138,Household_Cleaning Supplies_1138,2025-06-01,4813.1198806762695,5646.159851074219,-833.0399703979492,-14.75,106,122
1067,Grocery_Cereals_1067,2025-08-01,7628.580131530762,8947.07014465332,-1318.4900131225586,-14.74,162,191
1056,Snacks_Nuts_1056,2023-05-01,735.5400085449219,862.7000045776367,-127.15999603271484,-14.74,123,164
1098,Electronics_Mobile Accessories_1098,2023-05-01,13665.959838867188,16026.080070495605,-2360.120231628418,-14.73,132,176
1036,Electronics_Mobile Accessories_1036,2025-06-01,8165.050224304199,9574.360260009766,-1409.3100357055664,-14.72,92,107
1122,Dairy_Yogurt_1122,2021-12-01,3261.1200561523438,3823.600082397461,-562.4800262451172,-14.71,104,124
1109,Electronics_Batteries_1109,2024-02-01,6400.799942016602,7503.419967651367,-1102.6200256347656,-14.69,196,226
1053,Snacks_Crackers_1053,2022-08-01,1773.6699771881104,2079.0699825286865,-305.4000053405762,-14.69,163,195
1200,Beverages_Juices_1200,2024-08-01,1193.0199737548828,1398.2599773406982,-205.24000358581543,-14.68,173,199
1018,Personal Care_Deodorant_1018,2023-06-01,7060.489921569824,8273.999897003174,-1213.5099754333496,-14.67,129,150
1108,Dairy_Butter_1108,2023-12-01,3849.399971008301,4510.039972305298,-660.6400012969971,-14.65,100,121
1106,Snacks_Chocolates_1106,2025-08-01,1683.9099884033203,1972.6700038909912,-288.7600154876709,-14.64,159,185
1123,Beverages_Water_1123,2023-10-01,687.3999786376953,805.2399749755859,-117.83999633789062,-14.63,70,82
1168,Snacks_Chips_1168,2024-08-01,3034.5699920654297,3554.6900157928467,-520.120023727417,-14.63,170,200
1014,Dairy_Butter_1014,2024-03-01,1236.3299884796143,1447.829990386963,-211.50000190734863,-14.61,170,200
1124,Dairy_Cheese_1124,2023-06-01,3065.9200687408447,3590.240089416504,-524.3200206756592,-14.60,132,152
1181,Personal Care_Soap_1181,2025-03-01,5401.770030975342,6324.450050354004,-922.6800193786621,-14.59,163,177
1094,Grocery_Rice_1094,2021-08-01,3654.249994277954,4278.169992446899,-623.9199981689453,-14.58,165,195
1153,Electronics_Batteries_1153,2021-12-01,14143.360076904297,16554.120086669922,-2410.760009765625,-14.56,88,106
1022,Household_Cleaning Supplies_1022,2022-02-01,10375.3401222229,12143.380123138428,-1768.0400009155273,-14.56,222,259
1183,Electronics_Batteries_1183,2023-05-01,19265.75926208496,22543.409790039062,-3277.6505279541016,-14.54,144,189
1154,Household_Cleaning Supplies_1154,2023-06-01,1738.3300037384033,2033.9200038909912,-295.5900001525879,-14.53,113,128
1099,Personal Care_Toothpaste_1099,2021-02-01,10690.080123901367,12506.76012802124,-1816.680004119873,-14.53,237,273
1049,Electronics_Batteries_1049,2022-05-01,15301.720413208008,17901.24006652832,-2599.5196533203125,-14.52,133,176
1079,Beverages_Juices_1079,2024-03-01,732.4199981689453,856.7000026702881,-124.28000450134277,-14.51,150,179
1124,Dairy_Cheese_1124,2025-02-01,3836.200054168701,4487.06005859375,-650.8600044250488,-14.51,178,212
1067,Grocery_Cereals_1067,2023-02-01,7829.100120544434,9155.030075073242,-1325.9299545288086,-14.48,174,203
1175,Household_Trash Bags_1175,2024-04-01,9011.710117340088,10537.320140838623,-1525.6100234985352,-14.48,161,195
1100,Electronics_Mobile Accessories_1100,2023-10-01,1183.649974822998,1383.9599647521973,-200.30998992919922,-14.47,65,76
1178,Beverages_Soft Drinks_1178,2023-09-01,2010.9600353240967,2350.779998779297,-339.8199634552002,-14.46,84,111
1087,Snacks_Crackers_1087,2024-08-01,1746.6800022125244,2041.6199951171875,-294.9399929046631,-14.45,196,232
1053,Snacks_Crackers_1053,2021-10-01,966.9499855041504,1130.0499801635742,-163.09999465942383,-14.43,83,97
1105,Beverages_Water_1105,2024-12-01,1466.2800483703613,1713.4000339508057,-247.11998558044434,-14.42,88,103
1113,Dairy_Cheese_1113,2023-06-01,2792.0000915527344,3262.4101181030273,-470.41002655029297,-14.42,112,129
1101,Snacks_Crackers_1101,2021-10-01,2367.4000301361084,2766.120023727417,-398.7199935913086,-14.41,95,111
1049,Electronics_Batteries_1049,2025-08-01,17888.999877929688,20902.019927978516,-3013.020050048828,-14.41,162,189
1097,Snacks_Crackers_1097,2021-02-01,588.4799959659576,687.4799971580505,-99.0000011920929,-14.40,244,290
1114,Electronics_Batteries_1114,2024-08-01,23899.679901123047,27908.340072631836,-4008.660171508789,-14.36,168,195
1086,Grocery_Rice_1086,2023-08-01,2120.6600484848022,2476.0000591278076,-355.34001064300537,-14.35,162,178
1062,Personal Care_Deodorant_1062,2021-12-01,2649.5000228881836,3093.160026550293,-443.6600036621094,-14.34,93,112
1152,Personal Care_Toothpaste_1152,2025-02-01,8643.990028381348,10089.590042114258,-1445.6000137329102,-14.33,176,204
1128,Grocery_Spices_1128,2023-11-01,2824.1399726867676,3295.919969558716,-471.77999687194824,-14.31,108,124
1056,Snacks_Nuts_1056,2023-06-01,630.2800045013428,735.5400085449219,-105.2600040435791,-14.31,106,123
1145,Household_Trash Bags_1145,2023-08-01,1744.4200048446655,2035.5300102233887,-291.11000537872314,-14.30,173,201
1148,Household_Cleaning Supplies_1148,2023-10-01,4503.240051269531,5253.780059814453,-750.5400085449219,-14.29,84,98
1159,Electronics_Batteries_1159,2021-10-01,14958.720016479492,17451.840072631836,-2493.1200561523438,-14.29,84,98
1102,Snacks_Biscuits_1102,2025-08-01,3371.429962158203,3933.6999282836914,-562.2699661254883,-14.29,167,195
1072,Electronics_Chargers_1072,2023-10-01,14295.599853515625,16678.19984436035,-2382.5999908447266,-14.29,60,70
1047,Household_Detergent_1047,2025-02-01,6784.600051879883,7913.020078659058,-1128.4200267791748,-14.26,208,240
1186,Dairy_Yogurt_1186,2022-02-01,943.8799877166748,1100.8799862861633,-156.99999856948853,-14.26,206,236
1173,Electronics_Batteries_1173,2025-02-01,28928.759826660156,33737.939544677734,-4809.179718017578,-14.25,195,228
1090,Dairy_Cheese_1090,2024-11-01,2663.7600631713867,3105.900077819824,-442.1400146484375,-14.24,75,85
1101,Snacks_Crackers_1101,2024-08-01,4371.2400550842285,5096.35005569458,-725.1100006103516,-14.23,189,215
1151,Electronics_Cables_1151,2023-03-01,18069.44989013672,21066.90980529785,-2997.459915161133,-14.23,135,159
1180,Grocery_Spices_1180,2024-09-01,957.5999794006348,1116.3599939346313,-158.76001453399658,-14.22,114,141
1136,Personal Care_Shampoo_1136,2021-02-01,12598.110023498535,14684.270034790039,-2086.160011291504,-14.21,231,271
1060,Household_Detergent_1060,2021-04-01,4055.880027770996,4727.499961853027,-671.6199340820312,-14.21,123,125
1017,Household_Paper Products_1017,2024-05-01,4712.069980621338,5492.559986114502,-780.4900054931641,-14.21,109,136
1019,Electronics_Cables_1019,2024-06-01,23813.04019165039,27753.660232543945,-3940.6200408935547,-14.20,116,131
1092,Household_Detergent_1092,2021-02-01,5171.279933929443,6025.37998008728,-854.1000461578369,-14.18,201,237
1010,Grocery_Rice_1010,2022-11-01,1537.030029296875,1790.8700332641602,-253.84000396728516,-14.17,96,109
1030,Dairy_Cream_1030,2023-02-01,4112.199996948242,4790.920024871826,-678.720027923584,-14.17,204,239
1197,Electronics_Mobile Accessories_1197,2024-02-01,3367.919966697693,3923.459985733032,-555.5400190353394,-14.16,212,243
1126,Beverages_Soft Drinks_1126,2025-10-01,2184.50004196167,2544.3000526428223,-359.80001068115234,-14.14,85,99
1137,Snacks_Nuts_1137,2021-10-01,490.55998706817627,571.1999864578247,-80.63999938964844,-14.12,73,85
1071,Grocery_Canned Goods_1071,2022-06-01,576.4499759674072,671.2299766540527,-94.78000068664551,-14.12,105,130
1090,Dairy_Cheese_1090,2022-06-01,3946.320098876953,4594.860105514526,-648.5400066375732,-14.11,108,128
1098,Electronics_Mobile Accessories_1098,2024-05-01,13769.489837646484,16031.539947509766,-2262.0501098632812,-14.11,133,163
1151,Electronics_Cables_1151,2024-04-01,19032.989784240723,22151.659698486328,-3118.6699142456055,-14.08,140,166
1055,Dairy_Butter_1055,2025-10-01,679.5399923324585,790.9400186538696,-111.40002632141113,-14.08,61,71
1075,Snacks_Crackers_1075,2024-05-01,1791.5799961090088,2084.9599952697754,-293.3799991607666,-14.07,134,166
1168,Snacks_Chips_1168,2022-02-01,3326.8800163269043,3871.800022125244,-544.9200057983398,-14.07,203,243
1195,Snacks_Chocolates_1195,2024-05-01,2343.0399894714355,2725.9200077056885,-382.88001823425293,-14.05,112,139
1162,Dairy_Yogurt_1162,2021-08-01,3851.7599754333496,4481.39995765686,-629.6399822235107,-14.05,156,184
1114,Electronics_Batteries_1114,2024-05-01,21643.639892578125,25179.979949951172,-3536.340057373047,-14.04,142,175
1116,Personal Care_Skincare_1116,2024-04-01,9694.600135803223,11276.44009399414,-1581.839958190918,-14.03,133,158
1194,Dairy_Butter_1194,2023-05-01,1328.9400053024292,1545.7399921417236,-216.79998683929443,-14.03,138,179
1168,Snacks_Chips_1168,2021-08-01,3187.5300102233887,3707.6099967956543,-520.0799865722656,-14.03,178,207
1089,Electronics_Mobile Accessories_1089,2023-05-01,8441.59976196289,9816.639904022217,-1375.0401420593262,-14.01,128,167
1042,Grocery_Canned Goods_1042,2023-06-01,5289.220108032227,6151.30012512207,-862.0800170898438,-14.01,118,137
1136,Personal Care_Shampoo_1136,2023-08-01,8741.880031585693,10164.649990081787,-1422.7699584960938,-14.00,162,193
1127,Grocery_Rice_1127,2024-06-01,2425.030037879944,2819.340042114258,-394.31000423431396,-13.99,122,138
1080,Snacks_Chips_1080,2023-08-01,2790.1499824523926,3244.0499992370605,-453.90001678466797,-13.99,140,164
1048,Snacks_Biscuits_1048,2022-06-01,1622.7899990081787,1886.2399978637695,-263.4499988555908,-13.97,117,144
1172,Electronics_Chargers_1172,2022-06-01,13273.649795532227,15429.219787597656,-2155.5699920654297,-13.97,117,138
1148,Household_Cleaning Supplies_1148,2021-11-01,4658.760025024414,5414.610061645508,-755.8500366210938,-13.96,92,101
1191,Dairy_Butter_1191,2022-08-01,1441.4399795532227,1675.0799732208252,-233.63999366760254,-13.95,156,181
1121,Grocery_Rice_1121,2021-11-01,2716.2399520874023,3156.1199283599854,-439.879976272583,-13.94,90,99
1063,Snacks_Chocolates_1063,2021-08-01,2653.799982070923,3083.6599769592285,-429.85999488830566,-13.94,174,203
1069,Grocery_Spices_1069,2024-12-01,4105.819969177246,4770.299953460693,-664.4799842834473,-13.93,109,127
1030,Dairy_Cream_1030,2023-05-01,2159.9200897216797,2509.1200199127197,-349.19993019104004,-13.92,98,132
1061,Personal Care_Skincare_1061,2022-08-01,7997.819984436035,9289.559997558594,-1291.7400131225586,-13.91,157,186
1130,Snacks_Nuts_1130,2021-06-01,2191.800079345703,2545.680054664612,-353.8799753189087,-13.90,130,166
1063,Snacks_Chocolates_1063,2023-10-01,1005.639965057373,1167.8399677276611,-162.2000026702881,-13.89,62,72
1110,Grocery_Canned Goods_1110,2022-08-01,2233.1999855041504,2593.139976501465,-359.93999099731445,-13.88,128,150
1095,Snacks_Chocolates_1095,2024-03-01,3877.300022125244,4501.720024108887,-624.4200019836426,-13.87,202,235
1127,Grocery_Rice_1127,2024-02-01,4408.290079116821,5117.490098953247,-709.2000198364258,-13.86,233,277
1147,Snacks_Crackers_1147,2022-06-01,2385.099994659424,2768.9199962615967,-383.82000160217285,-13.86,115,140
1035,Electronics_Batteries_1035,2021-06-01,31654.020629882812,36745.960220336914,-5091.939590454102,-13.86,129,169
1003,Household_Cleaning Supplies_1003,2024-08-01,1724.400016784668,2001.600025177002,-277.200008392334,-13.85,151,176
1084,Household_Paper Products_1084,2024-07-01,6407.5799560546875,7437.28991317749,-1029.7099571228027,-13.85,144,158
1101,Snacks_Crackers_1101,2022-12-01,2482.0600299835205,2880.8000259399414,-398.7399959564209,-13.84,101,124
1167,Grocery_Rice_1167,2024-02-01,8920.83984375,10353.549774169922,-1432.7099304199219,-13.84,222,257
1195,Snacks_Chocolates_1195,2024-10-01,1694.5199928283691,1966.4799842834473,-271.9599914550781,-13.83,81,94
1097,Snacks_Crackers_1097,2025-02-01,542.5799973011017,629.639995098114,-87.05999779701233,-13.83,230,265
1024,Grocery_Canned Goods_1024,2025-02-01,1621.5599851608276,1881.7499837875366,-260.189998626709,-13.83,204,233
1038,Electronics_Cables_1038,2021-11-01,7614.819915771484,8835.919891357422,-1221.0999755859375,-13.82,80,89
1100,Electronics_Mobile Accessories_1100,2025-06-01,2071.4299392700195,2403.719928741455,-332.28998947143555,-13.82,118,132
1157,Household_Cleaning Supplies_1157,2023-02-01,2594.5199851989746,3010.1199684143066,-415.59998321533203,-13.81,198,230
1035,Electronics_Batteries_1035,2023-02-01,40720.49090576172,47235.320861816406,-6514.8299560546875,-13.79,182,209
1082,Household_Detergent_1082,2021-08-01,5274.069927215576,6118.049942016602,-843.9800148010254,-13.79,125,147
1126,Beverages_Soft Drinks_1126,2024-06-01,2703.640037536621,3135.400043487549,-431.76000595092773,-13.77,107,122
1165,Personal Care_Skincare_1165,2022-05-01,2361.5799674987793,2738.3799591064453,-376.799991607666,-13.76,143,191
1055,Dairy_Butter_1055,2024-02-01,2527.2099752426147,2930.509976387024,-403.3000011444092,-13.76,242,283
1055,Dairy_Butter_1055,2024-11-01,816.5600070953369,946.9000091552734,-130.34000205993652,-13.76,74,85
1165,Personal Care_Skincare_1165,2023-11-01,1164.2799758911133,1349.399974822998,-185.11999893188477,-13.72,68,78
1118,Dairy_Milk_1118,2025-02-01,4701.359920501709,5449.079914093018,-747.7199935913086,-13.72,220,252
1076,Snacks_Chocolates_1076,2023-02-01,3937.300006866455,4562.919994354248,-625.619987487793,-13.71,193,226
1179,Household_Cleaning Supplies_1179,2022-06-01,3951.0799598693848,4578.349964141846,-627.2700042724609,-13.70,137,166
1177,Snacks_Chips_1177,2023-07-01,355.39000058174133,411.75999546051025,-56.36999487876892,-13.69,143,149
1066,Household_Cleaning Supplies_1066,2025-02-01,8066.509990692139,9345.79001235962,-1279.2800216674805,-13.69,179,208
1162,Dairy_Yogurt_1162,2022-05-01,3082.19993019104,3570.599967956543,-488.40003776550293,-13.68,121,160
1081,Snacks_Nuts_1081,2022-05-01,1156.820034980774,1339.9400205612183,-183.11998558044434,-13.67,119,161
1037,Electronics_Cables_1037,2023-06-01,19892.750717163086,23035.53094482422,-3142.780227661133,-13.64,114,129
1085,Personal Care_Skincare_1085,2024-06-01,3035.799928665161,3515.1599140167236,-479.3599853515625,-13.64,120,132
1146,Snacks_Chocolates_1146,2022-12-01,2272.4500408172607,2630.630027770996,-358.17998695373535,-13.62,115,137
1038,Electronics_Cables_1038,2024-11-01,7376.499908447266,8538.079895019531,-1161.5799865722656,-13.60,75,86
1007,Personal Care_Shampoo_1007,2022-08-01,13115.259895324707,15180.049835205078,-2064.789939880371,-13.60,206,239
1006,Beverages_Coffee_1006,2022-11-01,1155.9200038909912,1337.7200021743774,-181.79999828338623,-13.59,100,106
1067,Grocery_Cereals_1067,2023-06-01,4411.810047149658,5105.710037231445,-693.8999900817871,-13.59,93,103
1154,Household_Cleaning Supplies_1154,2022-12-01,1469.7999935150146,1701.0500049591064,-231.2500114440918,-13.59,95,113
1087,Snacks_Crackers_1087,2022-11-01,765.3000049591064,885.4800071716309,-120.18000221252441,-13.57,90,94
1143,Dairy_Cheese_1143,2025-07-01,2287.3200035095215,2646.099925994873,-358.77992248535156,-13.56,144,160
1071,Grocery_Canned Goods_1071,2023-05-01,708.2099704742432,819.2699780464172,-111.06000757217407,-13.56,129,162
1054,Snacks_Chips_1054,2025-06-01,1227.6599760055542,1419.8399715423584,-192.1799955368042,-13.54,129,144
1095,Snacks_Chocolates_1095,2021-08-01,2951.950008392334,3414.3600025177,-462.4099941253662,-13.54,148,176
1100,Electronics_Mobile Accessories_1100,2025-02-01,3180.5699424743652,3677.6999435424805,-497.13000106811523,-13.52,194,221
1036,Electronics_Mobile Accessories_1036,2024-05-01,11185.000350952148,12934.2601852417,-1749.2598342895508,-13.52,125,154
1160,Snacks_Nuts_1160,2025-10-01,395.5199990272522,457.3199973106384,-61.79999828338623,-13.51,64,74
1139,Dairy_Cream_1139,2021-11-01,1905.4199409484863,2202.8699111938477,-297.4499702453613,-13.50,89,97
1106,Snacks_Chocolates_1106,2024-11-01,868.5199899673462,1003.9199857711792,-135.399995803833,-13.49,84,89
1150,Electronics_Batteries_1150,2024-03-01,23945.33006286621,27673.270050048828,-3727.939987182617,-13.47,195,226
1123,Beverages_Water_1123,2025-08-01,1716.739990234375,1982.8799858093262,-266.1399955749512,-13.42,185,213
1162,Dairy_Yogurt_1162,2023-10-01,1874.3999576568604,2164.7999534606934,-290.399995803833,-13.41,71,82
1042,Grocery_Canned Goods_1042,2021-10-01,3187.9000549316406,3681.8000411987305,-493.89998626708984,-13.41,71,82
1042,Grocery_Canned Goods_1042,2024-05-01,5118.60009765625,5910.880073547363,-792.2799758911133,-13.40,114,140
1053,Snacks_Crackers_1053,2023-11-01,786.939989566803,908.6999759674072,-121.75998640060425,-13.40,70,78
1069,Grocery_Spices_1069,2024-10-01,3217.1999588012695,3715.0999717712402,-497.9000129699707,-13.40,84,97
1154,Household_Cleaning Supplies_1154,2025-03-01,2777.199975967407,3206.9799823760986,-429.7800064086914,-13.40,212,218
1128,Grocery_Spices_1128,2024-10-01,2232.719980239868,2578.2599754333496,-345.53999519348145,-13.40,84,97
1096,Electronics_Mobile Accessories_1096,2025-02-01,20993.119956970215,24238.84016418457,-3245.7202072143555,-13.39,206,233
1185,Personal Care_Toothpaste_1185,2023-11-01,6636.139930725098,7661.609939575195,-1025.4700088500977,-13.38,91,99
1198,Dairy_Cheese_1198,2024-04-01,4153.30001449585,4794.320056915283,-641.0200424194336,-13.37,172,199
1106,Snacks_Chocolates_1106,2023-08-01,1725.4600086212158,1991.5399990081787,-266.0799903869629,-13.36,172,202
1139,Dairy_Cream_1139,2023-12-01,2121.099922180176,2448.1199111938477,-327.0199890136719,-13.36,94,112
1038,Electronics_Cables_1038,2024-03-01,16669.299865722656,19240.63983154297,-2571.3399658203125,-13.36,182,207
1031,Snacks_Chips_1031,2024-09-01,1527.0000457763672,1761.9600143432617,-234.95996856689453,-13.34,100,122
1072,Electronics_Chargers_1072,2024-05-01,27161.639877319336,31343.08009338379,-4181.440216064453,-13.34,114,143
1111,Snacks_Nuts_1111,2024-04-01,1204.5900325775146,1389.9600248336792,-185.36999225616455,-13.34,100,118
1107,Electronics_Mobile Accessories_1107,2024-05-01,20900.10040283203,24115.230178833008,-3215.1297760009766,-13.33,130,162
1071,Grocery_Canned Goods_1071,2024-11-01,399.6899847984314,461.1599807739258,-61.469995975494385,-13.33,77,84
1175,Household_Trash Bags_1175,2023-05-01,7898.880073547363,9110.45008468628,-1211.570011138916,-13.30,132,172
1173,Electronics_Batteries_1173,2024-05-01,16685.15998840332,19245.059951782227,-2559.8999633789062,-13.30,102,124
1123,Beverages_Water_1123,2024-04-01,1206.01997756958,1390.7999877929688,-184.78001022338867,-13.29,129,156
1047,Household_Detergent_1047,2021-02-01,6827.89003944397,7873.39009475708,-1045.5000553131104,-13.28,211,235
1068,Electronics_Chargers_1068,2023-05-01,10364.809600830078,11947.939987182617,-1583.130386352539,-13.25,109,145
1137,Snacks_Nuts_1137,2021-02-01,1251.6999688148499,1442.8899598121643,-191.18999099731445,-13.25,204,232
1190,Dairy_Milk_1190,2021-10-01,1458.7200088500977,1681.5800037384033,-222.85999488830566,-13.25,72,83
1088,Household_Cleaning Supplies_1088,2025-08-01,3522.760021209717,4060.200023651123,-537.4400024414062,-13.24,176,202
1039,Beverages_Soft Drinks_1039,2022-05-01,3394.180061340332,3912.1300773620605,-517.9500160217285,-13.24,134,179
1192,Dairy_Milk_1192,2025-02-01,4226.469972610474,4871.149980545044,-644.6800079345703,-13.23,211,245
1081,Snacks_Nuts_1081,2024-11-01,907.9200315475464,1046.2400331497192,-138.32000160217285,-13.22,92,104
1131,Snacks_Crackers_1131,2024-07-01,3236.3300380706787,3729.3900089263916,-493.0599708557129,-13.22,144,161
1074,Personal Care_Skincare_1074,2021-08-01,10208.729927062988,11756.519927978516,-1547.7900009155273,-13.17,170,203
1029,Grocery_Canned Goods_1029,2021-02-01,4791.039970397949,5515.179992675781,-724.140022277832,-13.13,190,220
1025,Household_Detergent_1025,2025-10-01,729.2799854278564,839.5199756622314,-110.239990234375,-13.13,86,99
1143,Dairy_Cheese_1143,2023-11-01,1240.8899612426758,1428.4299697875977,-187.54000854492188,-13.13,77,83
1188,Grocery_Spices_1188,2023-07-01,2135.5199546813965,2457.7799377441406,-322.25998306274414,-13.11,120,123
1168,Snacks_Chips_1168,2024-02-01,3803.6300296783447,4376.340034484863,-572.7100048065186,-13.09,221,246
1074,Personal Care_Skincare_1074,2024-05-01,7081.70979309082,8147.169841766357,-1065.460048675537,-13.08,113,138
1050,Snacks_Chips_1050,2022-05-01,2582.3400182724,2970.3600091934204,-388.0199909210205,-13.06,150,194
1027,Snacks_Chips_1027,2024-11-01,552.3600096702576,635.2500057220459,-82.88999605178833,-13.05,92,105
1107,Electronics_Mobile Accessories_1107,2025-03-01,25498.25001525879,29324.06982421875,-3825.819808959961,-13.05,197,195
1094,Grocery_Rice_1094,2024-10-01,1880,2162,-282,-13.04,80,92
1103,Dairy_Milk_1103,2024-02-01,8138.439975738525,9359.229957580566,-1220.789981842041,-13.04,236,269
1011,Personal Care_Shampoo_1011,2023-06-01,2037.0200634002686,2342.5500717163086,-305.53000831604004,-13.04,101,115
1176,Snacks_Chocolates_1176,2024-06-01,724.639995098114,833.2599906921387,-108.61999559402466,-13.04,113,122
1176,Snacks_Chocolates_1176,2021-02-01,1230.339997291565,1414.7500023841858,-184.41000509262085,-13.03,200,227
1026,Snacks_Biscuits_1026,2025-02-01,1055.6200170516968,1213.7200164794922,-158.0999994277954,-13.03,203,233
1095,Snacks_Chocolates_1095,2022-02-01,4053.2499237060547,4659.929926872253,-606.6800031661987,-13.02,218,255
1128,Grocery_Spices_1128,2025-03-01,4886.020053863525,5617.2298793792725,-731.2098255157471,-13.02,230,234
1134,Household_Paper Products_1134,2024-02-01,2919.5099925994873,3355.860004425049,-436.3500118255615,-13.00,234,266
1088,Household_Cleaning Supplies_1088,2024-08-01,2862.6400146484375,3289.920009613037,-427.2799949645996,-12.99,143,167
1092,Household_Detergent_1092,2024-10-01,1888.7300262451172,2170.6300258636475,-281.8999996185303,-12.99,67,77
1083,Dairy_Cheese_1083,2023-05-01,1998.7200078964233,2296.7600116729736,-298.0400037765503,-12.98,144,188
1018,Personal Care_Deodorant_1018,2024-03-01,7662.019882202148,8803.919845581055,-1141.8999633789062,-12.97,150,174
1033,Household_Paper Products_1033,2024-08-01,5278.39998626709,6063.519943237305,-785.1199569702148,-12.95,173,199
1062,Personal Care_Deodorant_1062,2023-02-01,4999.599994659424,5743.659965515137,-744.0599708557129,-12.95,191,218
1132,Dairy_Butter_1132,2021-12-01,3137.0999145507812,3603.2398834228516,-466.1399688720703,-12.94,93,106
1070,Grocery_Canned Goods_1070,2024-08-01,6961.250072479248,7994.880084991455,-1033.630012512207,-12.93,175,202
1020,Beverages_Juices_1020,2023-05-01,1454.1599941253662,1669.97997713089,-215.81998300552368,-12.92,146,191
1132,Dairy_Butter_1132,2024-02-01,6646.0199184417725,7632.119829177856,-986.099910736084,-12.92,213,237
1012,Beverages_Juices_1012,2022-02-01,2975.640007019043,3416.640001296997,-440.9999942779541,-12.91,238,288
1177,Snacks_Chips_1177,2025-02-01,471.990003824234,541.9600059986115,-69.97000217437744,-12.91,183,209
1161,Electronics_Batteries_1161,2024-02-01,15849.939949035645,18197.43994140625,-2347.4999923706055,-12.90,209,244
1063,Snacks_Chocolates_1063,2022-05-01,2246.4199390411377,2578.439956665039,-332.02001762390137,-12.88,141,186
1048,Snacks_Biscuits_1048,2025-03-01,2403.809971809387,2758.7999811172485,-354.9900093078613,-12.87,215,216
1120,Grocery_Cereals_1120,2022-11-01,3643.2699489593506,4179.599990844727,-536.330041885376,-12.83,83,90
1090,Dairy_Cheese_1090,2022-07-01,3440.4599895477295,3946.320098876953,-505.86010932922363,-12.82,100,108
1049,Electronics_Batteries_1049,2021-10-01,8034.8802490234375,9216.480285644531,-1181.6000366210938,-12.82,68,78
1119,Grocery_Pasta_1119,2022-05-01,5040.749969482422,5779.85001373291,-739.1000442504883,-12.79,143,197
1073,Electronics_Chargers_1073,2022-05-01,16221.079986572266,18598.220085144043,-2377.1400985717773,-12.78,141,179
1107,Electronics_Mobile Accessories_1107,2025-08-01,24404.610244750977,27973.620223999023,-3569.009979248047,-12.76,161,186
1094,Grocery_Rice_1094,2023-02-01,4986.03995513916,5715.549934387207,-729.5099792480469,-12.76,232,268
1126,Beverages_Soft Drinks_1126,2022-08-01,4983.229970932007,5711.789978027344,-728.5600070953369,-12.76,207,238
1071,Grocery_Canned Goods_1071,2024-02-01,947.089994430542,1085.3700065612793,-138.2800121307373,-12.74,187,221
1069,Grocery_Spices_1069,2024-06-01,4044.4799766540527,4634.299942016602,-589.8199653625488,-12.73,108,121
1046,Household_Paper Products_1046,2025-02-01,9801.930015563965,11230.43013381958,-1428.5001182556152,-12.72,186,217
1005,Household_Paper Products_1005,2023-05-01,2584.200050354004,2960.2900314331055,-376.08998107910156,-12.70,146,190
1197,Electronics_Mobile Accessories_1197,2022-06-01,2144.7600231170654,2456.700017929077,-311.9399948120117,-12.70,122,145
1035,Electronics_Batteries_1035,2022-11-01,19495.480346679688,22329.580444335938,-2834.10009765625,-12.69,84,91
1151,Electronics_Cables_1151,2023-08-01,19439.550186157227,22265.600219726562,-2826.050033569336,-12.69,150,170
1096,Electronics_Mobile Accessories_1096,2022-02-01,20279.29020690918,23224.780242919922,-2945.490036010742,-12.68,217,238
1016,Grocery_Rice_1016,2024-06-01,2546.640043258667,2916.0000534057617,-369.3600101470947,-12.67,131,150
1111,Snacks_Nuts_1111,2022-08-01,2166.140030860901,2480.1800365448,-314.0400056838989,-12.66,184,211
1157,Household_Cleaning Supplies_1157,2022-11-01,1201.1300058364868,1375.2200002670288,-174.089994430542,-12.66,87,94
1021,Grocery_Canned Goods_1021,2022-02-01,5124.249988555908,5866.560020446777,-742.3100318908691,-12.65,206,238
1019,Electronics_Cables_1019,2025-02-01,36831.76045227051,42160.00045776367,-5328.240005493164,-12.64,189,220
1011,Personal Care_Shampoo_1011,2021-08-01,3505.260066986084,4012.5500564575195,-507.28998947143555,-12.64,186,211
1105,Beverages_Water_1105,2022-08-01,2413.2399978637695,2761.740001678467,-348.50000381469727,-12.62,151,173
1169,Beverages_Soft Drinks_1169,2023-11-01,468.33001136779785,535.9200134277344,-67.59000205993652,-12.61,79,88
1185,Personal Care_Toothpaste_1185,2024-02-01,14870.279876708984,17013.979873657227,-2143.699996948242,-12.60,213,241
1090,Dairy_Cheese_1090,2023-08-01,5882.720050811768,6730.450023651123,-847.7299728393555,-12.60,183,206
1007,Personal Care_Shampoo_1007,2024-06-01,7465.840148925781,8542.020179748535,-1076.180030822754,-12.60,114,127
1113,Dairy_Cheese_1113,2023-12-01,2082.670066833496,2382.330078125,-299.6600112915039,-12.58,84,97
1059,Electronics_Cables_1059,2024-12-01,2039.199966430664,2332.119954109192,-292.91998767852783,-12.56,98,113
1177,Snacks_Chips_1177,2024-04-01,328.039999961853,375.1599991321564,-47.119999170303345,-12.56,122,143
1186,Dairy_Yogurt_1186,2022-06-01,600.5999946594238,686.779993057251,-86.17999839782715,-12.55,110,135
1008,Personal Care_Shampoo_1008,2021-12-01,3857.9099464416504,4411.620029449463,-553.7100830078125,-12.55,90,107
1180,Grocery_Spices_1180,2025-03-01,1480.9199953079224,1693.019998550415,-212.10000324249268,-12.53,209,220
1052,Snacks_Crackers_1052,2022-05-01,1834.8000297546387,2097.5100116729736,-262.70998191833496,-12.52,114,149
1045,Electronics_Cables_1045,2022-11-01,13591.480461120605,15533.100601196289,-1941.6201400756836,-12.50,98,110
1086,Grocery_Rice_1086,2024-06-01,1634.000036239624,1867.4400434494019,-233.44000720977783,-12.50,110,124
1159,Electronics_Batteries_1159,2022-06-01,24931.20001220703,28492.800033569336,-3561.6000213623047,-12.50,140,166
1155,Electronics_Mobile Accessories_1155,2025-06-01,2482.479944229126,2837.119918823242,-354.6399745941162,-12.50,117,124
1049,Electronics_Batteries_1049,2023-06-01,11792.380340576172,13470.240417480469,-1677.8600769042969,-12.46,101,114
1039,Beverages_Soft Drinks_1039,2023-05-01,2876.010009765625,3285.4600219726562,-409.45001220703125,-12.46,111,144
1145,Household_Trash Bags_1145,2023-02-01,2066.6799869537354,2360.6199884414673,-293.94000148773193,-12.45,200,227
1092,Household_Detergent_1092,2023-11-01,2418.660015106201,2762.6200313568115,-343.96001625061035,-12.45,90,98
1040,Electronics_Mobile Accessories_1040,2021-02-01,17757.640075683594,20281.16007232666,-2523.5199966430664,-12.44,228,262
1152,Personal Care_Toothpaste_1152,2022-05-01,7700.099933624268,8792.87995147705,-1092.7800178527832,-12.43,151,196
1195,Snacks_Chocolates_1195,2025-03-01,3438.6799421310425,3926.440013885498,-487.76007175445557,-12.42,207,206
1190,Dairy_Milk_1190,2024-02-01,4650.519952774048,5307.9399490356445,-657.4199962615967,-12.39,254,289
1127,Grocery_Rice_1127,2022-02-01,3871.1399841308594,4417.54997253418,-546.4099884033203,-12.37,224,260
1003,Household_Cleaning Supplies_1003,2024-11-01,1135.8000001907349,1296,-160.19999980926514,-12.36,95,108
1065,Electronics_Chargers_1065,2024-10-01,13870.740036010742,15826.86996459961,-1956.1299285888672,-12.36,78,89
1079,Beverages_Juices_1079,2023-05-01,603.199990272522,688.2199845314026,-85.01999425888062,-12.35,116,151
1005,Household_Paper Products_1005,2025-03-01,2778.8999919891357,3170.359984397888,-391.45999240875244,-12.35,193,197
1085,Personal Care_Skincare_1085,2024-03-01,4016.289888381958,4582.289867401123,-565.999979019165,-12.35,167,192
1053,Snacks_Crackers_1053,2025-02-01,2139.7999839782715,2440.8499908447266,-301.0500068664551,-12.33,202,234
1077,Household_Cleaning Supplies_1077,2023-02-01,8946.419868469238,10203.059913635254,-1256.6400451660156,-12.32,210,231
1026,Snacks_Biscuits_1026,2025-08-01,742.1400051116943,846.4500064849854,-104.31000137329102,-12.32,139,156
1182,Beverages_Tea_1182,2022-02-01,2723.9400310516357,3106.240026473999,-382.2999954223633,-12.31,222,262
1131,Snacks_Crackers_1131,2025-03-01,4198.9000816345215,4787.950004577637,-589.0499229431152,-12.30,214,225
1100,Electronics_Mobile Accessories_1100,2024-05-01,2421.929916381836,2760.749969482422,-338.82005310058594,-12.27,133,163
1090,Dairy_Cheese_1090,2025-02-01,5711.3000411987305,6509.700054168701,-798.4000129699707,-12.26,171,193
1200,Beverages_Juices_1200,2022-02-01,1142.4299840927124,1301.6599979400635,-159.23001384735107,-12.23,173,201
1189,Electronics_Batteries_1189,2023-11-01,7256.9099044799805,8266.939834594727,-1010.0299301147461,-12.22,99,106
1011,Personal Care_Shampoo_1011,2024-06-01,2342.5700645446777,2668.4700775146484,-325.9000129699707,-12.21,121,131
1058,Personal Care_Soap_1058,2024-12-01,4130.670021057129,4705.380012512207,-574.7099914550781,-12.21,93,110
1152,Personal Care_Toothpaste_1152,2023-05-01,8306.760051727295,9461.050067901611,-1154.2900161743164,-12.20,154,202
1172,Electronics_Chargers_1172,2022-08-01,19762.29972076416,22507.90980529785,-2745.6100845336914,-12.20,188,211
1181,Personal Care_Soap_1181,2024-06-01,4339.8000564575195,4942.080078125,-602.2800216674805,-12.19,116,128
1084,Household_Paper Products_1084,2024-03-01,9535.269882202148,10859.45987701416,-1324.1899948120117,-12.19,215,244
1082,Household_Detergent_1082,2021-07-01,6118.049942016602,6966.959907531738,-848.9099655151367,-12.18,147,156
1008,Personal Care_Shampoo_1008,2023-05-01,4701.579967498779,5351.750003814697,-650.170036315918,-12.15,107,136
1157,Household_Cleaning Supplies_1157,2024-05-01,1682.4499988555908,1915.1799974441528,-232.729998588562,-12.15,115,138
1175,Household_Trash Bags_1175,2024-06-01,9149.550109863281,10412.160091400146,-1262.6099815368652,-12.13,155,174
1077,Household_Cleaning Supplies_1077,2025-02-01,8294.29988861084,9436.69987487793,-1142.3999862670898,-12.11,193,220
1063,Snacks_Chocolates_1063,2025-03-01,2166.639986038208,2465.0099449157715,-298.3699588775635,-12.10,160,171
1135,Household_Trash Bags_1135,2023-05-01,6361.74015045166,7237.670024871826,-875.929874420166,-12.10,126,157
1110,Grocery_Canned Goods_1110,2021-02-01,3637.1099948883057,4137.85000038147,-500.74000549316406,-12.10,219,245
1176,Snacks_Chocolates_1176,2022-06-01,867.409990310669,986.8399906158447,-119.43000030517578,-12.10,127,154
1020,Beverages_Juices_1020,2021-11-01,796.7599945068359,906.3599891662598,-109.59999465942383,-12.09,86,91
1036,Electronics_Mobile Accessories_1036,2022-06-01,9932.280303955078,11296.850257873535,-1364.569953918457,-12.08,111,134
1170,Dairy_Yogurt_1170,2022-05-01,2641.2599487304688,3003.7199745178223,-362.4600257873535,-12.07,127,162
1170,Dairy_Yogurt_1170,2025-06-01,2753.1999549865723,3131.099937438965,-377.8999824523926,-12.07,138,147
1079,Beverages_Juices_1079,2023-02-01,1067.0400066375732,1213.4200115203857,-146.3800048828125,-12.06,228,253
1085,Personal Care_Skincare_1085,2023-02-01,5445.209854125977,6190.759836196899,-745.5499820709229,-12.04,228,253
1189,Electronics_Batteries_1189,2023-08-01,11511.08992767334,13086.540016174316,-1575.4500885009766,-12.04,171,186
1014,Dairy_Butter_1014,2024-08-01,1156.7699995040894,1314.990005493164,-158.2200059890747,-12.03,157,179
1017,Household_Paper Products_1017,2022-05-01,6171.029983520508,7013.849933624268,-842.8199501037598,-12.02,148,184
1059,Electronics_Cables_1059,2022-02-01,3884.7299365997314,4415.469934463501,-530.7399978637695,-12.02,219,245
1072,Electronics_Chargers_1072,2024-02-01,50344.2205657959,57217.96040344238,-6873.739837646484,-12.01,229,267
1137,Snacks_Nuts_1137,2025-03-01,1260.6999831199646,1432.3999648094177,-171.69998168945312,-11.99,236,236
1141,Beverages_Coffee_1141,2022-12-01,751.1499924659729,853.3999900817871,-102.24999761581421,-11.98,90,108
1095,Snacks_Chocolates_1095,2022-11-01,1786.5999927520752,2029.2399940490723,-242.64000129699707,-11.96,91,97
1130,Snacks_Nuts_1130,2024-06-01,1751.7400608062744,1989.4800720214844,-237.74001121520996,-11.95,106,118
1054,Snacks_Chips_1054,2022-05-01,1328.7999792099,1509.1000037193298,-180.30002450942993,-11.95,143,179
1048,Snacks_Biscuits_1048,2024-02-01,2806.6599884033203,3186.7099828720093,-380.04999446868896,-11.93,222,253
1165,Personal Care_Skincare_1165,2024-04-01,2801.479953765869,3180.8999547958374,-379.42000102996826,-11.93,172,201
1175,Household_Trash Bags_1175,2023-02-01,12140.920169830322,13783.540237426758,-1642.6200675964355,-11.92,226,253
1138,Household_Cleaning Supplies_1138,2025-02-01,9529.319801330566,10818.219787597656,-1288.8999862670898,-11.91,226,254
1129,Electronics_Chargers_1129,2022-10-01,11310.159729003906,12838.559692382812,-1528.3999633789062,-11.90,74,84
1018,Personal Care_Deodorant_1018,2023-05-01,8273.999897003174,9391.149925231934,-1117.1500282287598,-11.90,150,193
1004,Beverages_Juices_1004,2023-11-01,2186.5999755859375,2481.999969482422,-295.3999938964844,-11.90,93,100
1049,Electronics_Batteries_1049,2024-04-01,10421.790283203125,11828.080291748047,-1406.2900085449219,-11.89,92,110
1156,Personal Care_Soap_1156,2023-06-01,4277.700057983398,4854.8500328063965,-577.149974822998,-11.89,128,143
1148,Household_Cleaning Supplies_1148,2024-02-01,12574.470153808594,14268.54012298584,-1694.069969177246,-11.87,259,290
1054,Snacks_Chips_1054,2023-08-01,1800.7199926376343,2043.2799892425537,-242.55999660491943,-11.87,211,236
1039,Beverages_Soft Drinks_1039,2021-12-01,2021.0000114440918,2293.080009460449,-272.0799980163574,-11.87,80,93
1119,Grocery_Pasta_1119,2022-02-01,5292.999996185303,6005.369987487793,-712.3699913024902,-11.86,174,195
1183,Electronics_Batteries_1183,2022-06-01,15653.429382324219,17760.57943725586,-2107.1500549316406,-11.86,117,137
1197,Electronics_Mobile Accessories_1197,2023-06-01,2169.320026397705,2461.200017929077,-291.87999153137207,-11.86,126,140
1119,Grocery_Pasta_1119,2025-10-01,2957.739974975586,3354.5099716186523,-396.7699966430664,-11.83,82,93
1040,Electronics_Mobile Accessories_1040,2023-02-01,14666.88020324707,16635.660125732422,-1968.7799224853516,-11.83,196,217
1022,Household_Cleaning Supplies_1022,2021-08-01,8793.360107421875,9972.040096282959,-1178.679988861084,-11.82,172,196
1145,Household_Trash Bags_1145,2024-11-01,970.090012550354,1100.1600151062012,-130.07000255584717,-11.82,85,96
1200,Beverages_Juices_1200,2024-02-01,1233.189992904663,1398.3899927139282,-165.19999980926514,-11.81,179,203
1140,Personal Care_Shampoo_1140,2023-05-01,3979.3499069213867,4511.740005493164,-532.3900985717773,-11.80,111,142
1141,Beverages_Coffee_1141,2025-08-01,1146.1999917030334,1299.249990940094,-153.04999923706055,-11.78,145,161
1050,Snacks_Chips_1050,2024-06-01,2124.7500190734863,2408.4000205993652,-283.6500015258789,-11.78,120,135
1043,Electronics_Batteries_1043,2022-02-01,3863.6100006103516,4379.600006103516,-515.9900054931641,-11.78,187,218
1158,Snacks_Crackers_1158,2023-02-01,1289.039996623993,1460.9800004959106,-171.94000387191772,-11.77,198,223
1193,Beverages_Tea_1193,2022-06-01,1664.399995803833,1886.2699947357178,-221.86999893188477,-11.76,120,141
1177,Snacks_Chips_1177,2025-10-01,213,241.39999842643738,-28.399998426437378,-11.76,75,85
1118,Dairy_Milk_1118,2024-07-01,3220.830030441284,3649.8000297546387,-428.9699993133545,-11.75,143,157
1031,Snacks_Chips_1031,2024-02-01,3354.1100006103516,3799.2599906921387,-445.1499900817871,-11.72,236,274
1064,Snacks_Biscuits_1064,2021-08-01,2685.390022277832,3041.6300201416016,-356.23999786376953,-11.71,162,185
1137,Snacks_Nuts_1137,2022-05-01,797.9999837875366,903.8399877548218,-105.84000396728516,-11.71,123,158
1128,Grocery_Spices_1128,2025-08-01,4249.979953765869,4810.699987411499,-560.7200336456299,-11.66,168,195
1191,Dairy_Butter_1191,2024-03-01,1440.7999858856201,1631.0399894714355,-190.24000358581543,-11.66,156,180
1119,Grocery_Pasta_1119,2022-10-01,3282.369972229004,3715.2099685668945,-432.8399963378906,-11.65,91,103
1126,Beverages_Soft Drinks_1126,2023-05-01,3315.3000526428223,3752.1200008392334,-436.81994819641113,-11.64,129,161
1031,Snacks_Chips_1031,2022-10-01,1160.520034790039,1313.2200393676758,-152.70000457763672,-11.63,76,86
1023,Personal Care_Toothpaste_1023,2021-02-01,9825.840160369873,11118.340202331543,-1292.50004196167,-11.62,180,205
1089,Electronics_Mobile Accessories_1089,2024-03-01,10865.449871063232,12293.38980102539,-1427.9399299621582,-11.62,176,205
1141,Beverages_Coffee_1141,2022-05-01,1337.2599925994873,1512.9100189208984,-175.65002632141113,-11.61,163,215
1047,Household_Detergent_1047,2025-08-01,5001.310043334961,5658.530044555664,-657.2200012207031,-11.61,146,166
1100,Electronics_Mobile Accessories_1100,2023-03-01,2436.569938659668,2756.2199783325195,-319.65003967285156,-11.60,141,165
1055,Dairy_Butter_1055,2022-02-01,1869.3599691390991,2114.4799633026123,-245.11999416351318,-11.59,199,223
1135,Household_Trash Bags_1135,2025-06-01,6071.470153808594,6866.64017868042,-795.1700248718262,-11.58,125,136
1179,Household_Cleaning Supplies_1179,2023-09-01,3085.87996673584,3489.4899559020996,-403.60998916625977,-11.57,107,136
1079,Beverages_Juices_1079,2025-03-01,940.6800057888031,1063.4000053405762,-122.71999955177307,-11.54,219,218
1069,Grocery_Spices_1069,2021-11-01,3761.059980392456,4251.299949645996,-490.23996925354004,-11.53,106,111
1161,Electronics_Batteries_1161,2022-08-01,13068.189987182617,14770.890014648438,-1702.7000274658203,-11.53,167,190
1087,Snacks_Crackers_1087,2022-05-01,1351.740008354187,1527.9400005340576,-176.1999921798706,-11.53,145,185
1064,Snacks_Biscuits_1064,2023-05-01,2652.000045776367,2997.3000059127808,-345.2999601364136,-11.52,150,191
1084,Household_Paper Products_1084,2022-05-01,6991.999931335449,7902.169990539551,-910.1700592041016,-11.52,152,197
1068,Electronics_Chargers_1068,2025-03-01,17058.689514160156,19275.169952392578,-2216.480438232422,-11.50,225,221
1179,Household_Cleaning Supplies_1179,2024-08-01,5347.479881286621,6042.519870758057,-695.0399894714355,-11.50,199,223
1072,Electronics_Chargers_1072,2023-02-01,52226.48091125488,59004.9404296875,-6778.459518432617,-11.49,236,270
1141,Beverages_Coffee_1141,2024-06-01,1069.729992866516,1208.3499841690063,-138.61999130249023,-11.47,129,143
1101,Snacks_Crackers_1101,2023-08-01,3738.4600162506104,4221.860029220581,-483.4000129699707,-11.45,173,190
1082,Household_Detergent_1082,2022-11-01,3954.649948120117,4465.999946594238,-511.3499984741211,-11.45,91,100
1192,Dairy_Milk_1192,2023-06-01,2548.5600090026855,2878.069995880127,-329.5099868774414,-11.45,118,131
1016,Grocery_Rice_1016,2022-02-01,2561.2200241088867,2891.700033187866,-330.4800090789795,-11.43,156,177
1138,Household_Cleaning Supplies_1138,2024-04-01,6120.519870758057,6909.799861907959,-789.2799911499023,-11.42,140,164
1022,Household_Cleaning Supplies_1022,2023-08-01,6567.780075073242,7412.000114440918,-844.2200393676758,-11.39,137,152
1049,Electronics_Batteries_1049,2023-02-01,21180.680450439453,23904.240509033203,-2723.56005859375,-11.39,198,220
1194,Dairy_Butter_1194,2023-08-01,1407.5500020980835,1588.5500020980835,-181,-11.39,164,185
1170,Dairy_Yogurt_1170,2024-03-01,3108.2999935150146,3507.599977493286,-399.2999839782715,-11.38,159,180
1037,Electronics_Cables_1037,2021-11-01,14874.890563964844,16785.580688476562,-1910.6901245117188,-11.38,86,94
1054,Snacks_Chips_1054,2021-05-01,1495.0499863624573,1686.5599932670593,-191.51000690460205,-11.36,167,196
1199,Electronics_Cables_1199,2025-09-01,26897.129821777344,30345.409622192383,-3448.279800415039,-11.36,117,139
1196,Grocery_Pasta_1196,2024-10-01,2574.84002494812,2904.1800327301025,-329.3400077819824,-11.34,86,97
1086,Grocery_Rice_1086,2022-05-01,2300.5800495147705,2594.7200660705566,-294.14001655578613,-11.34,161,204
1157,Household_Cleaning Supplies_1157,2021-11-01,1167.470004081726,1316.7000007629395,-149.22999668121338,-11.33,81,90
1148,Household_Cleaning Supplies_1148,2022-05-01,7786.910049438477,8778.829879760742,-991.9198303222656,-11.30,151,183
1168,Snacks_Chips_1168,2025-03-01,2953.62002658844,3329.5100269317627,-375.89000034332275,-11.29,186,192
1178,Beverages_Soft Drinks_1178,2021-12-01,2145.020030975342,2417.980028152466,-272.959997177124,-11.29,90,107
1147,Snacks_Crackers_1147,2022-08-01,3098.939968109131,3493.139967918396,-394.19999980926514,-11.28,159,182
1025,Household_Detergent_1025,2025-08-01,1114.9499998092651,1256.5200109481812,-141.57001113891602,-11.27,140,159
1018,Personal Care_Deodorant_1018,2025-02-01,10034.059856414795,11308.199768066406,-1274.1399116516113,-11.27,199,220
1104,Grocery_Pasta_1104,2025-03-01,3765.0600204467773,4242.7400188446045,-477.67999839782715,-11.26,226,221
1107,Electronics_Mobile Accessories_1107,2024-02-01,35891.3401184082,40440.86981201172,-4549.529693603516,-11.25,242,279
1123,Beverages_Water_1123,2024-05-01,1070.3799667358398,1206.01997756958,-135.64001083374023,-11.25,109,129
1006,Beverages_Coffee_1006,2024-05-01,1299.859992980957,1464.7099800109863,-164.8499870300293,-11.25,103,124
1081,Snacks_Nuts_1081,2025-10-01,714.260027885437,804.8000230789185,-90.53999519348145,-11.25,71,80
1083,Dairy_Cheese_1083,2024-11-01,1293.6000051498413,1457.4000034332275,-163.79999828338623,-11.24,96,105
1119,Grocery_Pasta_1119,2021-02-01,7919.230033874512,8921.990070343018,-1002.7600364685059,-11.24,238,270
1088,Household_Cleaning Supplies_1088,2023-06-01,2573.079990386963,2898.919979095459,-325.8399887084961,-11.24,124,137
1105,Beverages_Water_1105,2025-03-01,2297.2200469970703,2587.919990539551,-290.69994354248047,-11.23,169,169
1049,Electronics_Batteries_1049,2024-06-01,13848.340385437012,15597.120483398438,-1748.7800979614258,-11.21,119,132
1023,Personal Care_Toothpaste_1023,2023-08-01,8782.840000152588,9889.70000076294,-1106.8600006103516,-11.19,166,181
1008,Personal Care_Shampoo_1008,2025-08-01,6494.740001678467,7312.079975128174,-817.339973449707,-11.18,158,178
1088,Household_Cleaning Supplies_1088,2021-12-01,1900.1699867248535,2139.249988555908,-239.0800018310547,-11.18,90,105
1036,Electronics_Mobile Accessories_1036,2023-08-01,11381.520164489746,12813.180213928223,-1431.6600494384766,-11.17,144,161
1025,Household_Detergent_1025,2021-11-01,746.2399787902832,839.5199699401855,-93.27999114990234,-11.11,88,99
1016,Grocery_Rice_1016,2021-10-01,1710.7200298309326,1924.5600280761719,-213.83999824523926,-11.11,88,99
1054,Snacks_Chips_1054,2022-10-01,788.7999801635742,887.399974822998,-98.59999465942383,-11.11,80,90
1173,Electronics_Batteries_1173,2025-08-01,26172.54002380371,29444.160034179688,-3271.6200103759766,-11.11,173,192
1186,Dairy_Yogurt_1186,2023-08-01,885.8399810791016,996.1799821853638,-110.3400011062622,-11.08,185,210
1186,Dairy_Yogurt_1186,2021-08-01,797.8999767303467,897.139976978302,-99.24000024795532,-11.06,155,178
1065,Electronics_Chargers_1065,2021-11-01,14866.5601272583,16716.02000427246,-1849.4598770141602,-11.06,92,94
1120,Grocery_Cereals_1120,2023-07-01,6129.900066375732,6891.689937591553,-761.7898712158203,-11.05,150,149
1161,Electronics_Batteries_1161,2021-02-01,17160.080123901367,19292.71989440918,-2132.6397705078125,-11.05,228,252
1125,Personal Care_Toothpaste_1125,2023-07-01,2864.589984893799,3220.270008087158,-355.6800231933594,-11.05,125,122
1041,Snacks_Nuts_1041,2024-04-01,1776.5399951934814,1996.8399934768677,-220.29999828338623,-11.03,135,155
1195,Snacks_Chocolates_1195,2022-06-01,2405.7999897003174,2703.9099645614624,-298.109974861145,-11.03,115,132
1012,Beverages_Juices_1012,2025-02-01,2866.579975128174,3221.7399616241455,-355.1599864959717,-11.02,223,253
1008,Personal Care_Shampoo_1008,2022-06-01,4613.6999588012695,5184.9399337768555,-571.2399749755859,-11.02,105,119
1058,Personal Care_Soap_1058,2025-08-01,6476.310138702393,7278.490135192871,-802.1799964904785,-11.02,152,172
1134,Household_Paper Products_1134,2022-05-01,2091.730007171631,2350.75000667572,-259.01999950408936,-11.02,157,205
1198,Dairy_Cheese_1198,2022-10-01,2513.270030975342,2824.1900062561035,-310.9199752807617,-11.01,97,109
1115,Household_Paper Products_1115,2023-04-01,4006.50008392334,4501.70011138916,-495.2000274658203,-11.00,103,107
1100,Electronics_Mobile Accessories_1100,2025-10-01,1475.0099601745605,1657.1099395751953,-182.09997940063477,-10.99,81,91
1165,Personal Care_Skincare_1165,2024-03-01,3180.8999547958374,3573.499952316284,-392.5999975204468,-10.99,201,227
1147,Snacks_Crackers_1147,2022-10-01,1514.0199947357178,1700.6800003051758,-186.660005569458,-10.98,73,82
1134,Household_Paper Products_1134,2022-10-01,1009.5900039672852,1134.0600185394287,-124.47001457214355,-10.98,73,82
1086,Grocery_Rice_1086,2023-05-01,1716.8400373458862,1928.5600395202637,-211.72000217437744,-10.98,114,140
1068,Electronics_Chargers_1068,2022-02-01,17354.349975585938,19493.840034484863,-2139.490058898926,-10.98,225,244
1073,Electronics_Chargers_1073,2024-04-01,14204.619956970215,15956.18002319336,-1751.5600662231445,-10.98,129,142
1042,Grocery_Canned Goods_1042,2022-02-01,7654.780029296875,8597.699981689453,-942.9199523925781,-10.97,204,224
1200,Beverages_Juices_1200,2021-12-01,741.499979019165,832.8399820327759,-91.34000301361084,-10.97,100,116
1070,Grocery_Canned Goods_1070,2021-02-01,8787.970016479492,9870.130020141602,-1082.1600036621094,-10.96,229,256
1084,Household_Paper Products_1084,2021-11-01,3155.929962158203,3543.8599548339844,-387.92999267578125,-10.95,68,74
1076,Snacks_Chocolates_1076,2024-03-01,3123.28000831604,3506.800003051758,-383.5199947357178,-10.94,148,172
1014,Dairy_Butter_1014,2024-02-01,1447.829990386963,1625.7599773406982,-177.92998695373535,-10.94,200,229
1183,Electronics_Batteries_1183,2022-08-01,16777.170043945312,18837.54998779297,-2060.3799438476562,-10.94,135,149
1147,Snacks_Crackers_1147,2024-05-01,2156.9599990844727,2421.3999786376953,-264.43997955322266,-10.92,104,122
1101,Snacks_Crackers_1101,2024-05-01,2666.440034866333,2992.8800315856934,-326.43999671936035,-10.91,107,127
1026,Snacks_Biscuits_1026,2024-11-01,390.9999990463257,438.8999900817871,-47.899991035461426,-10.91,70,77
1040,Electronics_Mobile Accessories_1040,2021-04-01,8827.889835357666,9907.559928894043,-1079.670093536377,-10.90,120,117
1020,Beverages_Juices_1020,2023-02-01,1412.209994316101,1584.9799947738647,-172.77000045776367,-10.90,156,172
1065,Electronics_Chargers_1065,2022-08-01,25056.550079345703,28115.210006713867,-3058.659927368164,-10.88,151,169
1105,Beverages_Water_1105,2021-11-01,1381.9700393676758,1550.6400337219238,-168.66999435424805,-10.88,85,91
1087,Snacks_Crackers_1087,2021-10-01,772.4400062561035,866.640007019043,-94.20000076293945,-10.87,82,92
1151,Electronics_Cables_1151,2022-10-01,11703.859756469727,13131.159744262695,-1427.2999877929688,-10.87,82,92
1056,Snacks_Nuts_1056,2021-08-01,915.9199967384338,1027.5100049972534,-111.59000825881958,-10.86,164,182
1044,Snacks_Biscuits_1044,2021-11-01,2098.3200759887695,2353.320098876953,-255.0000228881836,-10.84,102,108
1069,Grocery_Spices_1069,2021-08-01,6001.6101150512695,6731.170160293579,-729.5600452423096,-10.84,167,191
1078,Electronics_Cables_1078,2025-03-01,26474.10969543457,29691.34992980957,-3217.240234375,-10.84,183,179
1018,Personal Care_Deodorant_1018,2021-12-01,6486.839939117432,7275.56990814209,-788.7299690246582,-10.84,120,137
1053,Snacks_Crackers_1053,2024-06-01,1256.9999752044678,1409.6499729156494,-152.64999771118164,-10.83,110,121
1141,Beverages_Coffee_1141,2022-08-01,1248.4999904632568,1400.1099915504456,-151.61000108718872,-10.83,156,178
1158,Snacks_Crackers_1158,2024-04-01,985.1599969863892,1104.7199907302856,-119.55999374389648,-10.82,144,165
1119,Grocery_Pasta_1119,2022-11-01,2927.1299781799316,3282.369972229004,-355.23999404907227,-10.82,85,91
1008,Personal Care_Shampoo_1008,2023-02-01,7748.949993133545,8689.250030517578,-940.3000373840332,-10.82,196,215
1157,Household_Cleaning Supplies_1157,2024-11-01,1291.8299989700317,1448.3700017929077,-156.54000282287598,-10.81,89,99
1154,Household_Cleaning Supplies_1154,2023-10-01,1048.74001121521,1175.860008239746,-127.11999702453613,-10.81,66,74
1118,Dairy_Milk_1118,2025-07-01,3377.2500324249268,3785.970058441162,-408.72002601623535,-10.80,154,165
1165,Personal Care_Skincare_1165,2024-02-01,3573.499952316284,4005.099959373474,-431.60000705718994,-10.78,227,253
1021,Grocery_Canned Goods_1021,2025-02-01,5321.129976272583,5964.119981765747,-642.9900054931641,-10.78,203,228
1082,Household_Detergent_1082,2023-10-01,4064.0599403381348,4555.319942474365,-491.26000213623047,-10.78,91,102
1127,Grocery_Rice_1127,2021-08-01,4462.3199462890625,4999.649948120117,-537.3300018310547,-10.75,232,259
1076,Snacks_Chocolates_1076,2022-11-01,2061.450008392334,2309.2600288391113,-247.81002044677734,-10.73,100,103
1006,Beverages_Coffee_1006,2021-08-01,1827.5799913406372,2047.1200008392334,-219.5400094985962,-10.72,155,174
1164,Electronics_Cables_1164,2024-04-01,28444.790313720703,31859.119903564453,-3414.32958984375,-10.72,155,179
1157,Household_Cleaning Supplies_1157,2024-04-01,1915.1799974441528,2145.1899881362915,-230.00999069213867,-10.72,138,161
1155,Electronics_Mobile Accessories_1155,2024-02-01,4514.500009536743,5056.719985961914,-542.2199764251709,-10.72,218,239
1019,Electronics_Cables_1019,2022-12-01,18897.880142211914,21164.820220947266,-2266.9400787353516,-10.71,90,102
1113,Dairy_Cheese_1113,2025-02-01,4972.560028076172,5568.150047302246,-595.5900192260742,-10.70,220,244
1171,Personal Care_Toothpaste_1171,2023-10-01,3833.639907836914,4292.009857177734,-458.3699493408203,-10.68,92,103
1176,Snacks_Chocolates_1176,2021-10-01,457.60999488830566,512.2499942779541,-54.63999938964844,-10.67,67,75
1101,Snacks_Crackers_1101,2024-02-01,4734.560054779053,5300.2400550842285,-565.6800003051758,-10.67,208,231
1087,Snacks_Crackers_1087,2023-10-01,791.2800064086914,885.4800071716309,-94.20000076293945,-10.64,84,94
1161,Electronics_Batteries_1161,2021-11-01,7166.600112915039,8018.020202636719,-851.4200897216797,-10.62,90,97
1125,Personal Care_Toothpaste_1125,2025-06-01,3519.6099910736084,3937.620008468628,-418.01001739501953,-10.62,133,146
1075,Snacks_Crackers_1075,2022-06-01,1631.1399984359741,1825.0400009155273,-193.90000247955322,-10.62,122,140
1190,Dairy_Milk_1190,2023-11-01,1593.4500007629395,1782.879991531372,-189.42999076843262,-10.62,79,88
1180,Grocery_Spices_1180,2024-06-01,991.1999807357788,1108.799970626831,-117.59998989105225,-10.61,121,132
1101,Snacks_Crackers_1101,2022-02-01,3831.4500217437744,4286.239999771118,-454.78997802734375,-10.61,186,204
1026,Snacks_Biscuits_1026,2022-02-01,959.8400082588196,1073.6200022697449,-113.7799940109253,-10.60,209,218
1200,Beverages_Juices_1200,2025-08-01,1160.1099834442139,1297.1599769592285,-137.04999351501465,-10.57,164,184
1036,Electronics_Mobile Accessories_1036,2021-11-01,5923.600143432617,6621.520195007324,-697.920051574707,-10.54,68,74
1034,Household_Cleaning Supplies_1034,2023-06-01,6849.640060424805,7655.480010986328,-805.8399505615234,-10.53,119,133
1075,Snacks_Crackers_1075,2021-10-01,1136.4499979019165,1270.149998664856,-133.70000076293945,-10.53,85,95
1066,Household_Cleaning Supplies_1066,2025-10-01,3385.0399169921875,3783.2799072265625,-398.239990234375,-10.53,68,76
1122,Dairy_Yogurt_1122,2025-10-01,2148.8000411987305,2401.6000423431396,-252.80000114440918,-10.53,68,76
1165,Personal Care_Skincare_1165,2024-06-01,2027.5599613189697,2266.2999420166016,-238.73998069763184,-10.53,119,131
1048,Snacks_Biscuits_1048,2021-12-01,1226.1599988937378,1370.3699941635132,-144.2099952697754,-10.52,91,103
1180,Grocery_Spices_1180,2024-12-01,910.5599808692932,1017.6599855422974,-107.10000467300415,-10.52,109,125
1192,Dairy_Milk_1192,2023-02-01,3367.4699840545654,3762.8399600982666,-395.3699760437012,-10.51,171,192
1051,Electronics_Cables_1051,2025-02-01,14063.400016784668,15715.199989318848,-1651.7999725341797,-10.51,216,242
1026,Snacks_Biscuits_1026,2024-02-01,1054.860013961792,1178.5600175857544,-123.7000036239624,-10.50,200,230
1090,Dairy_Cheese_1090,2021-08-01,6139.159973144531,6859.029960632324,-719.869987487793,-10.50,179,201
1144,Household_Detergent_1144,2024-04-01,1894.2500133514404,2116.130003929138,-221.87999057769775,-10.49,142,160
1145,Household_Trash Bags_1145,2025-03-01,1670.6200094223022,1866.160002708435,-195.5399932861328,-10.48,183,178
1107,Electronics_Mobile Accessories_1107,2022-10-01,15112.380264282227,16880.85028076172,-1768.4700164794922,-10.48,94,105
1176,Snacks_Chocolates_1176,2023-10-01,525.9099941253662,587.3799934387207,-61.46999931335449,-10.47,77,86
1016,Grocery_Rice_1016,2023-05-01,2430.0000400543213,2713.6500301361084,-283.6499900817871,-10.45,125,158
1071,Grocery_Canned Goods_1071,2025-02-01,1073.929988861084,1199.199993133545,-125.27000427246094,-10.45,211,238
1081,Snacks_Nuts_1081,2022-06-01,1036.1800365447998,1156.820034980774,-120.63999843597412,-10.43,103,119
1054,Snacks_Chips_1054,2025-08-01,1633.3899869918823,1823.659987449646,-190.27000045776367,-10.43,176,196
1063,Snacks_Chocolates_1063,2021-02-01,3240.349940299988,3617.539921760559,-377.1899814605713,-10.43,220,247
1198,Dairy_Cheese_1198,2025-08-01,3847.7299880981445,4295.999980926514,-448.26999282836914,-10.43,158,178
1050,Snacks_Chips_1050,2021-02-01,3122.440013885498,3485.4400024414062,-362.9999885559082,-10.41,192,214
1146,Snacks_Chocolates_1146,2024-11-01,1581.6100387573242,1765.2300415039062,-183.62000274658203,-10.40,79,87
1166,Grocery_Spices_1166,2022-11-01,4507.8800621032715,5030.640060424805,-522.7599983215332,-10.39,97,102
1011,Personal Care_Shampoo_1011,2022-08-01,2865.7500438690186,3197.8500423431396,-332.0999984741211,-10.39,151,167
1182,Beverages_Tea_1182,2022-11-01,979.9800291061401,1093.5600357055664,-113.58000659942627,-10.39,72,78
1001,Electronics_Chargers_1001,2021-12-01,15633.209747314453,17443.339782714844,-1810.1300354003906,-10.38,96,109
1108,Dairy_Butter_1108,2024-06-01,4793.079978942871,5347.519958496094,-554.4399795532227,-10.37,124,136
1126,Beverages_Soft Drinks_1126,2022-06-01,3058.3000411987305,3411.6500396728516,-353.3499984741211,-10.36,119,134
1010,Grocery_Rice_1010,2022-02-01,3519.72998046875,3926.2999725341797,-406.5699920654297,-10.36,254,286
1145,Household_Trash Bags_1145,2025-10-01,893.8800086975098,997.0200109481812,-103.14000225067139,-10.34,78,87
1136,Personal Care_Shampoo_1136,2021-10-01,4702.620018005371,5245.230026245117,-542.6100082397461,-10.34,78,87
1161,Electronics_Batteries_1161,2025-10-01,6447.480209350586,7191.420166015625,-743.9399566650391,-10.34,78,87
1125,Personal Care_Toothpaste_1125,2024-06-01,2950.5199871063232,3290.3399963378906,-339.8200092315674,-10.33,110,122
1067,Grocery_Cereals_1067,2021-06-01,8030.340072631836,8955.100044250488,-924.7599716186523,-10.33,162,204
1066,Household_Cleaning Supplies_1066,2022-08-01,8218.479797363281,9164.319789886475,-945.8399925231934,-10.32,175,196
1075,Snacks_Crackers_1075,2024-03-01,2057.9200134277344,2294.470004081726,-236.5499906539917,-10.31,167,188
1029,Grocery_Canned Goods_1029,2022-10-01,2427.2999572753906,2706.299949645996,-278.99999237060547,-10.31,87,97
1038,Electronics_Cables_1038,2021-02-01,21082.369918823242,23504.889892578125,-2422.519973754883,-10.31,232,263
1172,Electronics_Chargers_1172,2024-05-01,12479.499771118164,13914.54997253418,-1435.0502014160156,-10.31,110,130
1094,Grocery_Rice_1094,2023-08-01,3111.400001525879,3468.5999908447266,-357.19998931884766,-10.30,151,164
1024,Grocery_Canned Goods_1024,2024-03-01,1452.3899841308594,1618.9499940872192,-166.56000995635986,-10.29,181,201
1057,Beverages_Tea_1057,2025-10-01,1885.8000297546387,2101.3200244903564,-215.51999473571777,-10.26,70,78
1098,Electronics_Mobile Accessories_1098,2025-02-01,17377.45004272461,19365.22006225586,-1987.77001953125,-10.26,186,207
1173,Electronics_Batteries_1173,2021-08-01,21723.199996948242,24201.420013427734,-2478.220016479492,-10.24,144,160
1181,Personal Care_Soap_1181,2023-02-01,5996.3100509643555,6679.650062561035,-683.3400115966797,-10.23,173,185
1109,Electronics_Batteries_1109,2024-10-01,2874.8099517822266,3202.3199462890625,-327.50999450683594,-10.23,79,88
1139,Dairy_Cream_1139,2021-08-01,4671.579975128174,5204.119960784912,-532.5399856567383,-10.23,219,243
1144,Household_Detergent_1144,2025-06-01,1713.4400253295898,1908.7200164794922,-195.27999114990234,-10.23,122,132
1087,Snacks_Crackers_1087,2023-05-01,1177.5000095367432,1311.4400033950806,-133.9399938583374,-10.21,125,156
1167,Grocery_Rice_1167,2022-12-01,3880.840087890625,4322.300022125244,-441.45993423461914,-10.21,89,100
1151,Electronics_Cables_1151,2024-11-01,12560.239715576172,13987.53970336914,-1427.2999877929688,-10.20,88,98
1033,Household_Paper Products_1033,2024-02-01,6038.309951782227,6724.33992767334,-686.0299758911133,-10.20,201,225
1052,Snacks_Crackers_1052,2023-12-01,1286.040023803711,1431.9600257873535,-145.92000198364258,-10.19,78,89
1160,Snacks_Nuts_1160,2021-06-01,729.2399983406067,812.0000023841858,-82.7600040435791,-10.19,118,147
1102,Snacks_Biscuits_1102,2024-03-01,2706.5500450134277,3013.540054321289,-306.9900093078613,-10.19,133,154
1008,Personal Care_Shampoo_1008,2024-08-01,6556.319980621338,7298.9100341796875,-742.5900535583496,-10.17,161,178
1178,Beverages_Soft Drinks_1178,2023-03-01,2973.2300090789795,3309.8099994659424,-336.5799903869629,-10.17,136,154
1058,Personal Care_Soap_1058,2024-10-01,3199.9700469970703,3560.5300064086914,-360.5599594116211,-10.13,71,79
1065,Electronics_Chargers_1065,2025-02-01,34037.220123291016,37860.61024475098,-3823.390121459961,-10.10,210,233
1082,Household_Detergent_1082,2024-06-01,4979.559938430786,5537.839920043945,-558.2799816131592,-10.08,116,124
1139,Dairy_Cream_1139,2023-06-01,2389.1199111938477,2657.069892883301,-267.9499816894531,-10.08,108,117
1057,Beverages_Tea_1057,2021-02-01,5832.659917831421,6485.979900360107,-653.3199825286865,-10.07,239,267
1015,Dairy_Cream_1015,2022-11-01,2733.2799377441406,3038.559913635254,-305.2799758911133,-10.05,106,112
1017,Household_Paper Products_1017,2023-05-01,4841.760005950928,5381.829982757568,-540.0699768066406,-10.04,112,142
1024,Grocery_Canned Goods_1024,2025-03-01,1458.8100295066833,1621.5599851608276,-162.7499556541443,-10.04,199,204
1081,Snacks_Nuts_1081,2022-11-01,986.400032043457,1096.5400314331055,-110.13999938964844,-10.04,104,109
1157,Household_Cleaning Supplies_1157,2022-05-01,2227.3399991989136,2475.8800048828125,-248.54000568389893,-10.04,160,194
1110,Grocery_Canned Goods_1110,2024-05-01,2227.6099815368652,2476.219985961914,-248.61000442504883,-10.04,121,142
1094,Grocery_Rice_1094,2022-12-01,2288.8999996185303,2543.900001525879,-255.00000190734863,-10.02,98,110
1051,Electronics_Cables_1051,2024-03-01,10984.499992370605,12208.299987792969,-1223.7999954223633,-10.02,164,190
1081,Snacks_Nuts_1081,2024-03-01,2019.9400310516357,2244.7500219345093,-224.80999088287354,-10.01,217,244
1161,Electronics_Batteries_1161,2023-02-01,15978.040061950684,17755.219955444336,-1777.1798934936523,-10.01,214,237
1068,Electronics_Chargers_1068,2024-10-01,8558.099670410156,9508.999633789062,-950.8999633789062,-10.00,90,100
1168,Snacks_Chips_1168,2025-10-01,1548.7200565338135,1720.8000583648682,-172.0800018310547,-10.00,81,90
1168,Snacks_Chips_1168,2021-10-01,1032.4800395965576,1147.2000408172607,-114.72000122070312,-10.00,54,60
1131,Snacks_Crackers_1131,2024-05-01,2605.1699752807617,2893.880002975464,-288.71002769470215,-9.98,111,130
1121,Grocery_Rice_1121,2022-12-01,3340.9999408721924,3710.7999210357666,-369.7999801635742,-9.97,106,122
1017,Household_Paper Products_1017,2025-08-01,6441.510021209717,7154.880027770996,-713.3700065612793,-9.97,157,176
1140,Personal Care_Shampoo_1140,2023-02-01,6303.969987869263,7001.1600551605225,-697.1900672912598,-9.96,191,216
1130,Snacks_Nuts_1130,2021-12-01,1662.420051574707,1846.1600646972656,-183.7400131225586,-9.95,101,111
1022,Household_Cleaning Supplies_1022,2022-11-01,4887.1700439453125,5427.180038452148,-540.0099945068359,-9.95,93,99
1050,Snacks_Chips_1050,2024-11-01,1413.8400115966797,1569.9200134277344,-156.0800018310547,-9.94,81,88
1117,Snacks_Crackers_1117,2025-03-01,1435.5599756240845,1593.9699821472168,-158.41000652313232,-9.94,178,174
1101,Snacks_Crackers_1101,2024-04-01,2992.8800315856934,3322.940044403076,-330.0600128173828,-9.93,127,144
1051,Electronics_Cables_1051,2022-08-01,12650.790100097656,14046.0101852417,-1395.220085144043,-9.93,186,213
1002,Dairy_Cream_1002,2022-02-01,2897.3799743652344,3216.649968147278,-319.26999378204346,-9.93,246,274
1067,Grocery_Cereals_1067,2024-02-01,9809.390125274658,10889.800067901611,-1080.4099426269531,-9.92,215,244
1176,Snacks_Chocolates_1176,2023-08-01,1203.0099849700928,1335.4399862289429,-132.4300012588501,-9.92,198,221
1188,Grocery_Spices_1188,2024-02-01,3474.459945678711,3856.4199295043945,-381.9599838256836,-9.90,187,214
1018,Personal Care_Deodorant_1018,2024-08-01,10286.879806518555,11417.639804840088,-1130.7599983215332,-9.90,198,219
1125,Personal Care_Toothpaste_1125,2021-12-01,2281.669994354248,2532.4900245666504,-250.82003021240234,-9.90,85,96
1126,Beverages_Soft Drinks_1126,2024-03-01,3580.9399642944336,3973.9599380493164,-393.0199737548828,-9.89,150,171
1137,Snacks_Nuts_1137,2022-06-01,719.0399827957153,797.9999837875366,-78.96000099182129,-9.89,107,123
1146,Snacks_Chocolates_1146,2024-08-01,4011.190008163452,4451.490013122559,-440.30000495910645,-9.89,212,233
1033,Household_Paper Products_1033,2023-05-01,4638.919864654541,5148.079961776733,-509.1600971221924,-9.89,143,180
1192,Dairy_Milk_1192,2025-10-01,1603.8099899291992,1779.5700073242188,-175.76001739501953,-9.88,73,81
1199,Electronics_Cables_1199,2022-02-01,40403.419357299805,44828.87936401367,-4425.460006713867,-9.87,201,228
1047,Household_Detergent_1047,2022-08-01,5434.63005065918,6028.670042037964,-594.0399913787842,-9.85,158,178
1112,Household_Paper Products_1112,2024-03-01,1519.3799772262573,1684.8599672317505,-165.47999000549316,-9.82,159,179
1137,Snacks_Nuts_1137,2021-12-01,635.7399849891663,704.8599829673767,-69.11999797821045,-9.81,96,110
1017,Household_Paper Products_1017,2021-08-01,7275.930080413818,8067.060031890869,-791.1299514770508,-9.81,179,198
1018,Personal Care_Deodorant_1018,2022-11-01,4975.399951934814,5515.999942779541,-540.5999908447266,-9.80,93,100
1055,Dairy_Butter_1055,2023-02-01,1678.3699960708618,1860.5000171661377,-182.13002109527588,-9.79,170,185
1125,Personal Care_Toothpaste_1125,2024-02-01,6376.350082397461,7068.000080108643,-691.6499977111816,-9.79,260,290
1167,Grocery_Rice_1167,2025-03-01,8427.54993057251,9342.529823303223,-914.9798927307129,-9.79,232,235
1171,Personal Care_Toothpaste_1171,2022-06-01,4125.329902648926,4573.219917297363,-447.8900146484375,-9.79,99,116
1139,Dairy_Cream_1139,2022-10-01,1884.9299240112305,2089.3199157714844,-204.3899917602539,-9.78,83,92
1159,Electronics_Batteries_1159,2024-03-01,32820.33955383301,36373.04959106445,-3552.7100372314453,-9.77,199,220
1112,Household_Paper Products_1112,2021-10-01,768.120002746582,851.1600008010864,-83.0399980545044,-9.76,74,82
1108,Dairy_Butter_1108,2023-06-01,4435.299964904785,4914.999961853027,-479.6999969482422,-9.76,113,125
1081,Snacks_Nuts_1081,2024-02-01,2244.7500219345093,2487.6600198745728,-242.90999794006348,-9.76,244,274
1023,Personal Care_Toothpaste_1023,2024-02-01,10090.380199432373,11182.18017578125,-1091.799976348877,-9.76,183,205
1196,Grocery_Pasta_1196,2021-10-01,2215.5600261688232,2455.080026626587,-239.52000045776367,-9.76,74,82
1004,Beverages_Juices_1004,2021-11-01,1724.9299812316895,1911.1399765014648,-186.2099952697754,-9.74,74,77
1100,Electronics_Mobile Accessories_1100,2024-11-01,1249.219970703125,1383.9599685668945,-134.73999786376953,-9.74,70,76
1031,Snacks_Chips_1031,2024-12-01,1367.4300346374512,1514.8200416564941,-147.39000701904297,-9.73,90,102
1107,Electronics_Mobile Accessories_1107,2021-10-01,10450.050201416016,11575.440200805664,-1125.3899993896484,-9.72,65,72
1056,Snacks_Nuts_1056,2022-05-01,768.5800046920776,851.2500038146973,-82.66999912261963,-9.71,136,172
1179,Household_Cleaning Supplies_1179,2024-10-01,2682.1199684143066,2970.5199699401855,-288.4000015258789,-9.71,93,103
1030,Dairy_Cream_1030,2024-07-01,3218.160026550293,3563.910125732422,-345.7500991821289,-9.70,154,168
1112,Household_Paper Products_1112,2021-12-01,1064.9400043487549,1179.279995918274,-114.33999156951904,-9.70,105,122
1084,Household_Paper Products_1084,2025-02-01,7945.349884033203,8797.889892578125,-852.5400085449219,-9.69,183,205
1135,Household_Trash Bags_1135,2022-08-01,7931.860034942627,8782.630081176758,-850.7700462341309,-9.69,169,185
1010,Grocery_Rice_1010,2023-10-01,1380.1200256347656,1527.9900283813477,-147.87000274658203,-9.68,84,93
1127,Grocery_Rice_1127,2022-11-01,1605.8000230789185,1777.410026550293,-171.6100034713745,-9.66,80,87
1023,Personal Care_Toothpaste_1023,2025-08-01,8314.260189056396,9202.240158081055,-887.9799690246582,-9.65,145,160
1060,Household_Detergent_1060,2023-07-01,4387.439998626709,4856.119970321655,-468.6799716949463,-9.65,132,130
1147,Snacks_Crackers_1147,2024-11-01,1574.1600017547607,1742.160005569458,-168.00000381469727,-9.64,78,84
1179,Household_Cleaning Supplies_1179,2024-04-01,3962.38995552063,4384.829965591431,-422.4400100708008,-9.63,147,163
1055,Dairy_Butter_1055,2023-11-01,916.2599945068359,1013.740008354187,-97.48001384735107,-9.62,84,91
1018,Personal Care_Deodorant_1018,2021-08-01,9343.639873504639,10336.599838256836,-992.9599647521973,-9.61,181,197
1097,Snacks_Crackers_1097,2024-02-01,496.34999775886536,549.0600011348724,-52.71000337600708,-9.60,209,228
1085,Personal Care_Skincare_1085,2022-05-01,3827.989912033081,4233.919898986816,-405.92998695373535,-9.59,151,184
1137,Snacks_Nuts_1137,2025-10-01,443.5199909210205,490.55998706817627,-47.03999614715576,-9.59,66,73
1144,Household_Detergent_1144,2023-05-01,1720.740014076233,1902.9900016784668,-182.2499876022339,-9.58,119,146
1055,Dairy_Butter_1055,2022-05-01,1295.1000061035156,1432.079978942871,-136.97997283935547,-9.57,120,158
1052,Snacks_Crackers_1052,2021-05-01,3028.170026779175,3348.510015487671,-320.3399887084961,-9.57,202,228
1184,Snacks_Chocolates_1184,2023-10-01,1904.8500137329102,2106.5400352478027,-201.69002151489258,-9.57,85,94
1005,Household_Paper Products_1005,2022-05-01,2637.2400550842285,2915.630039215088,-278.3899841308594,-9.55,152,187
1139,Dairy_Cream_1139,2022-08-01,3404.3499698638916,3763.1399421691895,-358.78997230529785,-9.53,162,175
1139,Dairy_Cream_1139,2022-11-01,1705.499948501587,1884.9299240112305,-179.42997550964355,-9.52,80,83
1023,Personal Care_Toothpaste_1023,2024-04-01,6127.780086517334,6772.460060119629,-644.6799736022949,-9.52,109,119
1080,Snacks_Chips_1080,2025-08-01,3244.510036468506,3584.9200286865234,-340.4099922180176,-9.50,155,170
1100,Electronics_Mobile Accessories_1100,2023-04-01,2205.409980773926,2436.569938659668,-231.1599578857422,-9.49,139,141
1158,Snacks_Crackers_1158,2021-08-01,1160.799988269806,1282.4200048446655,-121.62001657485962,-9.48,167,192
1081,Snacks_Nuts_1081,2021-12-01,989.9100294113159,1093.4800357818604,-103.57000637054443,-9.47,99,115
1200,Beverages_Juices_1200,2025-05-01,636.649980545044,703.2599811553955,-66.61000061035156,-9.47,85,99
1071,Grocery_Canned Goods_1071,2023-06-01,641.2099771499634,708.2099704742432,-66.99999332427979,-9.46,119,129
1061,Personal Care_Skincare_1061,2025-08-01,10505.900215148926,11603.840133666992,-1097.9399185180664,-9.46,207,228
1117,Snacks_Crackers_1117,2022-08-01,1603.669981956482,1771.2599830627441,-167.5900011062622,-9.46,170,190
1043,Electronics_Batteries_1043,2021-02-01,5012.050064086914,5534.890075683594,-522.8400115966797,-9.45,237,265
1080,Snacks_Chips_1080,2024-08-01,3629.470037460327,4007.770046234131,-378.3000087738037,-9.44,173,191
1135,Household_Trash Bags_1135,2025-07-01,5498.280059814453,6071.470153808594,-573.1900939941406,-9.44,117,125
1095,Snacks_Chocolates_1095,2023-02-01,4229.760015487671,4670.020057678223,-440.26004219055176,-9.43,222,251
1044,Snacks_Biscuits_1044,2024-02-01,4489.630096435547,4956.9700927734375,-467.3399963378906,-9.43,226,253
1153,Electronics_Batteries_1153,2023-12-01,14987.130096435547,16546.170135498047,-1559.0400390625,-9.42,94,111
1110,Grocery_Canned Goods_1110,2025-02-01,3554.2499923706055,3923.420003890991,-369.17001152038574,-9.41,213,238
1127,Grocery_Rice_1127,2022-10-01,1777.410026550293,1961.280029296875,-183.87000274658203,-9.38,87,96
1187,Personal Care_Skincare_1187,2025-10-01,4138.299949645996,4566.399963378906,-428.10001373291016,-9.38,58,64
1120,Grocery_Cereals_1120,2025-03-01,6706.179981231689,7399.8501052856445,-693.6701240539551,-9.37,181,173
1015,Dairy_Cream_1015,2023-02-01,5120.719947814941,5649.759935379028,-529.0399875640869,-9.36,209,227
1084,Household_Paper Products_1084,2025-03-01,7202.319934844971,7945.349884033203,-743.0299491882324,-9.35,184,183
1088,Household_Cleaning Supplies_1088,2021-08-01,3507.8800010681152,3869.6800384521484,-361.8000373840332,-9.35,177,197
1065,Electronics_Chargers_1065,2022-02-01,34943.20935058594,38544.26934814453,-3601.0599975585938,-9.34,235,255
1178,Beverages_Soft Drinks_1178,2021-06-01,2848.860040664673,3142.3699913024902,-293.5099506378174,-9.34,119,148
1003,Household_Cleaning Supplies_1003,2023-02-01,2337.5999994277954,2577.599992752075,-239.99999332427979,-9.31,217,237
1058,Personal Care_Soap_1058,2022-06-01,5273.190055847168,5813.9900550842285,-540.7999992370605,-9.30,117,133
1105,Beverages_Water_1105,2021-06-01,1993.6800575256348,2198.140037536621,-204.45998001098633,-9.30,117,145
1151,Electronics_Cables_1151,2023-10-01,11132.93978881836,12274.779739379883,-1141.8399505615234,-9.30,78,86
1187,Personal Care_Skincare_1187,2024-10-01,5565.299964904785,6136.099945068359,-570.7999801635742,-9.30,78,86
1101,Snacks_Crackers_1101,2025-07-01,3566.2500381469727,3931.1300506591797,-364.88001251220703,-9.28,153,164
1120,Grocery_Cereals_1120,2024-03-01,8890.550212860107,9793.580238342285,-903.0300254821777,-9.22,206,234
1103,Dairy_Milk_1103,2024-04-01,5430.179935455322,5981.029979705811,-550.8500442504883,-9.21,150,169
1012,Beverages_Juices_1012,2023-02-01,2688.3599586486816,2960.9399757385254,-272.58001708984375,-9.21,206,233
1062,Personal Care_Deodorant_1062,2022-02-01,5185.999956130981,5711.379932403564,-525.379976272583,-9.20,215,226
1093,Snacks_Chips_1093,2024-10-01,630.4200057983398,694.2600054740906,-63.83999967575073,-9.20,79,87
1017,Household_Paper Products_1017,2022-12-01,4206.300006866455,4632.100002288818,-425.7999954223633,-9.19,98,111
1113,Dairy_Cheese_1113,2024-03-01,3868.410041809082,4259.340019226074,-390.9299774169922,-9.18,166,190
1173,Electronics_Batteries_1173,2021-12-01,12791.919952392578,14084.290069580078,-1292.3701171875,-9.18,80,90
1169,Beverages_Soft Drinks_1169,2022-02-01,1373.6000332832336,1512.2800335884094,-138.68000030517578,-9.17,256,292
1182,Beverages_Tea_1182,2021-06-01,1990.8400650024414,2191.660054206848,-200.81998920440674,-9.16,142,173
1124,Dairy_Cheese_1124,2024-08-01,3800.700038909912,4183.320030212402,-382.61999130249023,-9.15,173,188
1063,Snacks_Chocolates_1063,2023-05-01,2011.2799377441406,2213.459951400757,-202.1800136566162,-9.13,124,152
1184,Snacks_Chocolates_1184,2022-04-01,2117.850019454956,2330.6400260925293,-212.79000663757324,-9.13,105,104
1171,Personal Care_Toothpaste_1171,2021-12-01,4025.369941711426,4429.53991317749,-404.16997146606445,-9.12,99,112
1195,Snacks_Chocolates_1195,2024-03-01,2864.899990081787,3152.4400157928467,-287.54002571105957,-9.12,144,166
1031,Snacks_Chips_1031,2023-02-01,2646.3399925231934,2911.2899856567383,-264.9499931335449,-9.10,188,210
1163,Household_Paper Products_1163,2024-02-01,7227.339893341064,7950.789861679077,-723.4499683380127,-9.10,208,232
1164,Electronics_Cables_1164,2022-10-01,11774.40005493164,12951.839950561523,-1177.4398956298828,-9.09,60,66
1098,Electronics_Mobile Accessories_1098,2021-10-01,8282.39990234375,9110.639892578125,-828.239990234375,-9.09,80,88
1019,Electronics_Cables_1019,2024-08-01,36926.770263671875,40613.030212402344,-3686.2599487304688,-9.08,185,205
1103,Dairy_Milk_1103,2024-12-01,3420.529945373535,3760.289939880371,-339.75999450683594,-9.04,91,99
1078,Electronics_Cables_1078,2022-12-01,16768.82975769043,18431.279739379883,-1662.4499816894531,-9.02,94,105
1082,Household_Detergent_1082,2024-03-01,7511.719902038574,8255.259841918945,-743.5399398803711,-9.01,182,206
1082,Household_Detergent_1082,2021-06-01,6966.959907531738,7656.550010681152,-689.5901031494141,-9.01,156,199
1130,Snacks_Nuts_1130,2025-02-01,3383.660093307495,3718.290096282959,-334.63000297546387,-9.00,222,248
1080,Snacks_Chips_1080,2024-04-01,2747.750011444092,3019.169994354248,-271.41998291015625,-8.99,133,145
1014,Dairy_Butter_1014,2023-11-01,698.4399948120117,767.3399925231934,-68.89999771118164,-8.98,92,98
1158,Snacks_Crackers_1158,2022-11-01,754.3299903869629,828.7799940109253,-74.4500036239624,-8.98,109,114
1052,Snacks_Crackers_1052,2025-03-01,2784.400062561035,3058.580062866211,-274.1800003051758,-8.96,205,206
1179,Household_Cleaning Supplies_1179,2024-03-01,4384.829965591431,4815.799980163574,-430.97001457214355,-8.95,163,185
1144,Household_Detergent_1144,2024-02-01,2940.330018043518,3228.7599964141846,-288.4299783706665,-8.93,220,247
1027,Snacks_Chips_1027,2021-08-01,778.8300089836121,855.1400036811829,-76.3099946975708,-8.92,137,148
1093,Snacks_Chips_1093,2023-10-01,734.1600050926208,805.9800081253052,-71.82000303268433,-8.91,92,101
1059,Electronics_Cables_1059,2025-10-01,1740.859962463379,1910.6999588012695,-169.83999633789062,-8.89,82,90
1187,Personal Care_Skincare_1187,2024-06-01,9296.859912872314,10203.04987335205,-906.1899604797363,-8.88,133,143
1189,Electronics_Batteries_1189,2023-06-01,8173.349884033203,8968.84984588623,-795.4999618530273,-8.87,105,115
1174,Electronics_Mobile Accessories_1174,2021-10-01,17341.200134277344,19027.150360107422,-1685.9502258300781,-8.86,72,79
1084,Household_Paper Products_1084,2025-10-01,3448.0799560546875,3783.3099517822266,-335.22999572753906,-8.86,72,79
1133,Electronics_Mobile Accessories_1133,2024-10-01,2437.199951171875,2674.1499633789062,-236.95001220703125,-8.86,72,79
1146,Snacks_Chocolates_1146,2022-08-01,3564.840030670166,3910.8100061416626,-345.9699754714966,-8.85,187,207
1051,Electronics_Cables_1051,2023-06-01,7934.119956970215,8704.699905395508,-770.579948425293,-8.85,114,122
1140,Personal Care_Shampoo_1140,2025-02-01,6748.450063705444,7402.700075149536,-654.2500114440918,-8.84,207,226
1106,Snacks_Chocolates_1106,2021-08-01,1773.0199928283691,1945.0599927902222,-172.03999996185303,-8.84,167,182
1149,Electronics_Chargers_1149,2022-02-01,18203.699935913086,19964.33999633789,-1760.6400604248047,-8.82,200,228
1196,Grocery_Pasta_1196,2024-05-01,3113.76003074646,3414.660020828247,-300.8999900817871,-8.81,104,120
1091,Dairy_Butter_1091,2022-11-01,797.0799837112427,873.9999771118164,-76.91999340057373,-8.80,94,100
1199,Electronics_Cables_1199,2022-05-01,35230.66970825195,38621.76934814453,-3391.099639892578,-8.78,156,193
1127,Grocery_Rice_1127,2025-06-01,2497.490020751953,2737.6200408935547,-240.13002014160156,-8.77,130,134
1157,Household_Cleaning Supplies_1157,2023-06-01,1588.8100023269653,1740.9700059890747,-152.16000366210938,-8.74,109,119
1191,Dairy_Butter_1191,2025-07-01,1258.2899837493896,1378.709990978241,-120.42000722885132,-8.73,135,146
1034,Household_Cleaning Supplies_1034,2024-05-01,6792.080024719238,7439.779876708984,-647.6998519897461,-8.71,118,136
1143,Dairy_Cheese_1143,2025-10-01,1445.6399536132812,1583.3199615478516,-137.6800079345703,-8.70,84,92
1118,Dairy_Milk_1118,2023-02-01,4189.619945526123,4587.639930725098,-398.0199851989746,-8.68,193,214
1105,Beverages_Water_1105,2021-05-01,2198.140037536621,2406.9000272750854,-208.75998973846436,-8.67,145,160
1186,Dairy_Yogurt_1186,2024-10-01,518.6999940872192,567.8399906158447,-49.13999652862549,-8.65,95,104
1044,Snacks_Biscuits_1044,2022-02-01,3693.0800132751465,4041.710048675537,-348.6300354003906,-8.63,202,219
1074,Personal Care_Skincare_1074,2022-08-01,10145.99991607666,11104.789916992188,-958.7900009155273,-8.63,171,190
1011,Personal Care_Shampoo_1011,2021-12-01,1857.760051727295,2032.9400520324707,-175.18000030517578,-8.62,92,104
1120,Grocery_Cereals_1120,2024-05-01,4504.679981231689,4929.400043487549,-424.7200622558594,-8.62,97,116
1162,Dairy_Yogurt_1162,2021-06-01,3379.199935913086,3697.3199367523193,-318.1200008392334,-8.60,128,155
1196,Grocery_Pasta_1196,2024-11-01,2353.280019760132,2574.84002494812,-221.56000518798828,-8.60,80,86
1162,Dairy_Yogurt_1162,2022-08-01,4200.23996925354,4594.919982910156,-394.6800136566162,-8.59,169,186
1158,Snacks_Crackers_1158,2023-08-01,1224.579975605011,1339.649981021881,-115.07000541687012,-8.59,184,210
1112,Household_Paper Products_1112,2023-11-01,816.39000415802,892.6800031661987,-76.28999900817871,-8.55,79,86
1127,Grocery_Rice_1127,2024-10-01,1532.2500228881836,1675.260025024414,-143.01000213623047,-8.54,75,82
1013,Grocery_Cereals_1013,2023-02-01,5334.27006149292,5831.430095672607,-497.1600341796875,-8.53,165,183
1014,Dairy_Butter_1014,2021-06-01,1017.8999900817871,1112.850004196167,-94.95001411437988,-8.53,130,156
1176,Snacks_Chocolates_1176,2024-05-01,833.2599906921387,910.9899945259094,-77.73000383377075,-8.53,122,142
1151,Electronics_Cables_1151,2024-05-01,17413.059677124023,19032.989784240723,-1619.9301071166992,-8.51,122,140
1073,Electronics_Chargers_1073,2025-03-01,23197.750076293945,25345.580123901367,-2147.830047607422,-8.47,232,232
1179,Household_Cleaning Supplies_1179,2025-03-01,4435.859979629517,4844.719964981079,-408.8599853515625,-8.44,194,183
1061,Personal Care_Skincare_1061,2024-10-01,4090.3200302124023,4467.060081481934,-376.74005126953125,-8.43,76,83
1116,Personal Care_Skincare_1116,2024-10-01,5937.120193481445,6483.960166931152,-546.839973449707,-8.43,76,83
1174,Electronics_Mobile Accessories_1174,2025-02-01,39414.8796081543,43039.589782714844,-3624.710174560547,-8.42,177,197
1168,Snacks_Chips_1168,2025-08-01,3120.5800457000732,3407.4000186920166,-286.81997299194336,-8.42,173,189
1191,Dairy_Butter_1191,2021-12-01,851.3999900817871,929.609986782074,-78.20999670028687,-8.41,86,96
1088,Household_Cleaning Supplies_1088,2024-12-01,1773.2399921417236,1936.0999870300293,-162.85999488830566,-8.41,85,95
1138,Household_Cleaning Supplies_1138,2021-08-01,6941.779914855957,7578.129974365234,-636.3500595092773,-8.40,161,175
1004,Beverages_Juices_1004,2024-02-01,5103.399980545044,5571.319986343384,-467.92000579833984,-8.40,226,248
1039,Beverages_Soft Drinks_1039,2022-06-01,3109.200019836426,3394.180061340332,-284.98004150390625,-8.40,120,134
1011,Personal Care_Shampoo_1011,2022-06-01,2057.370065689087,2245.8000659942627,-188.43000030517578,-8.39,101,111
1006,Beverages_Coffee_1006,2021-02-01,2808.3999404907227,3065.309959411621,-256.91001892089844,-8.38,245,270
1142,Electronics_Mobile Accessories_1142,2021-08-01,2593.5600118637085,2829.840023994446,-236.2800121307373,-8.35,177,195
1132,Dairy_Butter_1132,2023-11-01,2996.3299102783203,3269.3198852539062,-272.98997497558594,-8.35,90,94
1126,Beverages_Soft Drinks_1126,2021-11-01,2120.2500286102295,2313.0000495910645,-192.75002098083496,-8.33,84,90
1018,Personal Care_Deodorant_1018,2025-10-01,4854.0799560546875,5295.35994720459,-441.27999114990234,-8.33,88,96
1175,Household_Trash Bags_1175,2022-11-01,5101.38005065918,5565.1200523376465,-463.7400016784668,-8.33,87,93
1039,Beverages_Soft Drinks_1039,2024-02-01,6347.390045166016,6922.479999542236,-575.0899543762207,-8.31,269,296
1026,Snacks_Biscuits_1026,2025-03-01,967.8600041866302,1055.6200170516968,-87.76001286506653,-8.31,213,203
1069,Grocery_Spices_1069,2023-05-01,5093.899940490723,5553.479934692383,-459.57999420166016,-8.28,133,162
1122,Dairy_Yogurt_1122,2022-12-01,3397.0000534057617,3703.520067214966,-306.5200138092041,-8.28,110,127
1106,Snacks_Chocolates_1106,2024-06-01,1438.2199821472168,1567.9199743270874,-129.6999921798706,-8.27,129,139
1086,Grocery_Rice_1086,2025-02-01,2990.7800617218018,3260.34006690979,-269.5600051879883,-8.27,219,239
1144,Household_Detergent_1144,2024-10-01,1446.0000143051147,1576.1400127410889,-130.13999843597412,-8.26,100,109
1018,Personal Care_Deodorant_1018,2022-10-01,5515.999942779541,6012.439937591553,-496.4399948120117,-8.26,100,109
1177,Snacks_Chips_1177,2024-11-01,255.34000062942505,278.3199973106384,-22.97999668121338,-8.26,92,98
1138,Household_Cleaning Supplies_1138,2022-02-01,8110.5698318481445,8839.479820251465,-728.9099884033203,-8.25,213,226
1152,Personal Care_Toothpaste_1152,2024-11-01,4455.440017700195,4854.599979400635,-399.15996170043945,-8.22,84,90
1108,Dairy_Butter_1108,2024-10-01,2634.4399795532227,2870.359977722168,-235.9199981689453,-8.22,67,73
1042,Grocery_Canned Goods_1042,2024-04-01,5910.880073547363,6440.620067596436,-529.7399940490723,-8.22,140,152
1010,Grocery_Rice_1010,2023-11-01,1266.760025024414,1380.1200256347656,-113.36000061035156,-8.21,82,84
1159,Electronics_Batteries_1159,2025-03-01,31663.120162963867,34494.37927246094,-2831.2591094970703,-8.21,215,215
1126,Beverages_Soft Drinks_1126,2024-04-01,3286.880023956299,3580.9399642944336,-294.05994033813477,-8.21,135,150
1178,Beverages_Soft Drinks_1178,2022-02-01,4280.060005187988,4663.059980392456,-382.9999752044678,-8.21,218,232
1023,Personal Care_Toothpaste_1023,2024-08-01,10905.260257720947,11878.400260925293,-973.1400032043457,-8.19,191,208
1166,Grocery_Spices_1166,2022-05-01,6781.500118255615,7385.670143127441,-604.1700248718262,-8.18,144,177
1148,Household_Cleaning Supplies_1148,2024-10-01,4824.900054931641,5253.780059814453,-428.8800048828125,-8.16,90,98
1027,Snacks_Chips_1027,2025-06-01,800.1500062942505,871.2000102996826,-71.05000400543213,-8.16,136,144
1006,Beverages_Coffee_1006,2024-06-01,1193.8199968338013,1299.859992980957,-106.03999614715576,-8.16,97,103
1065,Electronics_Chargers_1065,2023-05-01,21517.43003845215,23428.789749145508,-1911.3597106933594,-8.16,121,148
1065,Electronics_Chargers_1065,2021-08-01,31974.140106201172,34810.50997924805,-2836.369873046875,-8.15,190,207
1060,Household_Detergent_1060,2021-11-01,3195.7299842834473,3479.439971923828,-283.70998764038086,-8.15,89,92
1125,Personal Care_Toothpaste_1125,2023-06-01,3220.270008087158,3506.099973678589,-285.82996559143066,-8.15,122,130
1132,Dairy_Butter_1132,2025-10-01,2747.619903564453,2991.0798950195312,-243.45999145507812,-8.14,79,86
1041,Snacks_Nuts_1041,2023-10-01,1087.0399990081787,1183.3600063323975,-96.32000732421875,-8.14,79,86
1009,Electronics_Batteries_1009,2022-08-01,14843.579971313477,16157.839981079102,-1314.260009765625,-8.13,174,190
1134,Household_Paper Products_1134,2025-02-01,2969.8500080108643,3232.6200199127197,-262.77001190185547,-8.13,233,252
1108,Dairy_Butter_1108,2025-08-01,4761.809951782227,5182.539962768555,-420.7300109863281,-8.12,129,140
1134,Household_Paper Products_1134,2022-06-01,1922.3700122833252,2091.730007171631,-169.35999488830566,-8.10,139,157
1130,Snacks_Nuts_1130,2022-05-01,2672.1400756835938,2907.740047454834,-235.59997177124023,-8.10,167,203
1007,Personal Care_Shampoo_1007,2025-02-01,12089.88990020752,13155.939826965332,-1066.0499267578125,-8.10,194,213
1004,Beverages_Juices_1004,2023-04-01,2673.44002532959,2909.1000061035156,-235.65998077392578,-8.10,124,127
1036,Electronics_Mobile Accessories_1036,2023-05-01,11274.480323791504,12267.40023803711,-992.9199142456055,-8.09,126,156
1028,Household_Paper Products_1028,2024-05-01,4554.019866943359,4954.979877471924,-400.96001052856445,-8.09,109,125
1058,Personal Care_Soap_1058,2021-08-01,7485.800117492676,8143.780158996582,-657.9800415039062,-8.08,177,193
1114,Electronics_Batteries_1114,2025-08-01,21857.199752807617,23777.69989013672,-1920.5001373291016,-8.08,152,165
1200,Beverages_Juices_1200,2024-06-01,922.6599779129028,1003.659969329834,-80.99999141693115,-8.07,134,134
1185,Personal Care_Toothpaste_1185,2025-03-01,15284.149917602539,16623.179901123047,-1339.0299835205078,-8.06,235,234
1127,Grocery_Rice_1127,2021-12-01,2218.6700325012207,2412.7600383758545,-194.0900058746338,-8.04,110,125
1062,Personal Care_Deodorant_1062,2025-08-01,5109.1999797821045,5555.640012741089,-446.4400329589844,-8.04,186,202
1045,Electronics_Cables_1045,2022-05-01,24676.550704956055,26830.170501708984,-2153.6197967529297,-8.03,185,217
1134,Household_Paper Products_1134,2025-03-01,2731.3000659942627,2969.8500080108643,-238.54994201660156,-8.03,235,233
1086,Grocery_Rice_1086,2025-08-01,2192.3600368499756,2383.570056915283,-191.21002006530762,-8.02,155,169
1188,Grocery_Spices_1188,2025-02-01,4972.119903564453,5405.359893798828,-433.239990234375,-8.02,274,287
1089,Electronics_Mobile Accessories_1089,2024-04-01,9994.849811553955,10865.449871063232,-870.6000595092773,-8.01,161,176
1059,Electronics_Cables_1059,2022-05-01,2924.389940261841,3178.8999462127686,-254.51000595092773,-8.01,142,179
1058,Personal Care_Soap_1058,2021-02-01,8450.690166473389,9185.33023071289,-734.640064239502,-8.00,207,223
1092,Household_Detergent_1092,2023-05-01,4369.450050354004,4748.43999671936,-378.98994636535645,-7.98,155,185
1140,Personal Care_Shampoo_1140,2024-06-01,3595.799945831299,3907.6498947143555,-311.84994888305664,-7.98,103,109
1074,Personal Care_Skincare_1074,2021-12-01,5790.819854736328,6292.079837799072,-501.25998306274414,-7.97,98,104
1163,Household_Paper Products_1163,2024-11-01,3544.5299491882324,3851.169937133789,-306.63998794555664,-7.96,99,103
1150,Electronics_Batteries_1150,2025-10-01,10784.340087890625,11716.320114135742,-931.9800262451172,-7.95,81,88
1139,Dairy_Cream_1139,2023-05-01,2657.069892883301,2886.5599250793457,-229.49003219604492,-7.95,117,142
1162,Dairy_Yogurt_1162,2023-07-01,3674.879964828491,3991.6799182891846,-316.79995346069336,-7.94,152,152
1002,Dairy_Cream_1002,2025-02-01,2404.749948501587,2612.059955596924,-207.3100070953369,-7.94,193,212
1048,Snacks_Biscuits_1048,2025-06-01,1775.28999710083,1927.9299964904785,-152.63999938964844,-7.92,135,139
1034,Household_Cleaning Supplies_1034,2024-04-01,7439.779876708984,8078.749897003174,-638.9700202941895,-7.91,136,148
1119,Grocery_Pasta_1119,2024-08-01,5467.899925231934,5936.779914855957,-468.87998962402344,-7.90,162,176
1167,Grocery_Rice_1167,2025-08-01,7364.630054473877,7996.260097503662,-631.6300430297852,-7.90,175,195
1199,Electronics_Cables_1199,2023-11-01,20115.38980102539,21839.549743652344,-1724.1599426269531,-7.89,91,95
1110,Grocery_Canned Goods_1110,2025-10-01,1288.6999893188477,1399.1599884033203,-110.45999908447266,-7.89,70,76
1193,Beverages_Tea_1193,2023-02-01,2432.849994659424,2640.8999910354614,-208.0499963760376,-7.88,191,206
1083,Dairy_Cheese_1083,2022-02-01,2522.68998336792,2737.829991340637,-215.14000797271729,-7.86,216,234
1028,Household_Paper Products_1028,2021-11-01,3041.639923095703,3300.619903564453,-258.97998046875,-7.85,77,79
1014,Dairy_Butter_1014,2023-02-01,1805.5799732208252,1959.119972229004,-153.5399990081787,-7.84,256,278
1171,Personal Care_Toothpaste_1171,2024-08-01,6325.22998046875,6862.709991455078,-537.4800109863281,-7.83,161,176
1067,Grocery_Cereals_1067,2024-10-01,2924.629997253418,3172.4800186157227,-247.8500213623047,-7.81,59,64
1100,Electronics_Mobile Accessories_1100,2022-06-01,2258.0399284362793,2449.2599487304688,-191.22002029418945,-7.81,124,136
1010,Grocery_Rice_1010,2021-04-01,1408.7600021362305,1527.9900283813477,-119.23002624511719,-7.80,97,93
1062,Personal Care_Deodorant_1062,2025-03-01,5530.110038757324,5997.579971313477,-467.46993255615234,-7.79,227,224
1101,Snacks_Crackers_1101,2022-06-01,3463.8800373077393,3756.6900215148926,-292.8099842071533,-7.79,139,156
1107,Electronics_Mobile Accessories_1107,2022-08-01,24549.240295410156,26623.340103149414,-2074.099807739258,-7.79,164,176
1082,Household_Detergent_1082,2021-02-01,9849.619903564453,10680.25984954834,-830.6399459838867,-7.78,242,266
1032,Snacks_Chocolates_1032,2022-06-01,2167.8799781799316,2349.799980163574,-181.92000198364258,-7.74,143,160
1108,Dairy_Butter_1108,2024-04-01,4871.719955444336,5280.560005187988,-408.84004974365234,-7.74,132,143
1007,Personal Care_Shampoo_1007,2024-08-01,9799.489906311035,10619.989875793457,-820.4999694824219,-7.73,153,167
1055,Dairy_Butter_1055,2024-06-01,1089.5200004577637,1180.8400106430054,-91.3200101852417,-7.73,102,106
1044,Snacks_Biscuits_1044,2023-02-01,4062.5700759887695,4402.470073699951,-339.89999771118164,-7.72,204,222
1041,Snacks_Nuts_1041,2023-06-01,1612.7100048065186,1747.520004272461,-134.80999946594238,-7.71,121,127
1075,Snacks_Crackers_1075,2023-07-01,1535.1599760055542,1663.2599964141846,-128.10002040863037,-7.70,129,126
1078,Electronics_Cables_1078,2024-08-01,33178.4998626709,35946.32962036133,-2767.8297576904297,-7.70,196,211
1161,Electronics_Batteries_1161,2021-08-01,15101.410064697266,16362.060043334961,-1260.6499786376953,-7.70,197,212
1152,Personal Care_Toothpaste_1152,2021-10-01,3883.6799697875977,4207.319984436035,-323.6400146484375,-7.69,72,78
1100,Electronics_Mobile Accessories_1100,2022-10-01,1311.1199569702148,1420.3799514770508,-109.25999450683594,-7.69,72,78
1104,Grocery_Pasta_1104,2025-06-01,2476.3200702667236,2682.240083694458,-205.92001342773438,-7.68,121,127
1152,Personal Care_Toothpaste_1152,2024-02-01,9253.490089416504,10022.180004119873,-768.6899147033691,-7.67,184,205
1038,Electronics_Cables_1038,2022-11-01,9257.849884033203,10027.279876708984,-769.4299926757812,-7.67,95,101
1011,Personal Care_Shampoo_1011,2023-08-01,3194.420036315918,3459.270029067993,-264.8499927520752,-7.66,177,192
1116,Personal Care_Skincare_1116,2024-02-01,16998.640174865723,18408.640258789062,-1410.0000839233398,-7.66,238,261
1182,Beverages_Tea_1182,2021-02-01,2653.6599979400635,2873.8999824523926,-220.2399845123291,-7.66,208,230
1178,Beverages_Soft Drinks_1178,2024-02-01,4932.969997406006,5342.350002288818,-409.3800048828125,-7.66,226,244
1103,Dairy_Milk_1103,2021-06-01,5029.089920043945,5445.389984130859,-416.30006408691406,-7.64,131,165
1117,Snacks_Crackers_1117,2024-08-01,1903.9299850463867,2061.109990119934,-157.18000507354736,-7.63,202,221
1117,Snacks_Crackers_1117,2022-02-01,1809.7599754333496,1958.839961051941,-149.0799856185913,-7.61,216,230
1094,Grocery_Rice_1094,2024-06-01,2909.2999992370605,3149,-239.70000076293945,-7.61,125,134
1064,Snacks_Biscuits_1064,2024-11-01,1502.8000259399414,1626.5600280761719,-123.76000213623047,-7.61,85,92
1172,Electronics_Chargers_1172,2021-02-01,24913.28009033203,26955.380210876465,-2042.1001205444336,-7.58,240,258
1190,Dairy_Milk_1190,2025-06-01,2714.899998664856,2937.699998855591,-222.80000019073486,-7.58,137,145
1099,Personal Care_Toothpaste_1099,2022-10-01,4884.320041656494,5283.040054321289,-398.7200126647949,-7.55,98,106
1108,Dairy_Butter_1108,2021-12-01,3947.8199615478516,4270.079982757568,-322.2600212097168,-7.55,105,114
1143,Dairy_Cheese_1143,2021-08-01,2922.3699913024902,3160.7399730682373,-238.36998176574707,-7.54,181,196
1088,Household_Cleaning Supplies_1088,2022-06-01,2539.199981689453,2745.5099868774414,-206.31000518798828,-7.51,120,134
1173,Electronics_Batteries_1173,2023-07-01,18549.65998840332,20054.859970092773,-1505.1999816894531,-7.51,129,125
1188,Grocery_Spices_1188,2022-06-01,2262.1799297332764,2445.4799270629883,-183.2999973297119,-7.50,111,126
1122,Dairy_Yogurt_1122,2024-11-01,2338.400043487549,2528.00004196167,-189.5999984741211,-7.50,74,80
1007,Personal Care_Shampoo_1007,2022-06-01,7465.86018371582,8071.280162811279,-605.419979095459,-7.50,111,124
1191,Dairy_Butter_1191,2024-06-01,1089.9899806976318,1178.0999813079834,-88.11000061035156,-7.48,114,119
1168,Snacks_Chips_1168,2023-07-01,2080.5400390625,2248.5400648117065,-168.00002574920654,-7.47,123,119
1140,Personal Care_Shampoo_1140,2022-05-01,4884.59992980957,5279.119934082031,-394.52000427246094,-7.47,140,168
1181,Personal Care_Soap_1181,2025-05-01,2972.9700469970703,3212.3700408935547,-239.39999389648438,-7.45,77,85
1109,Electronics_Batteries_1109,2023-08-01,5429.210006713867,5865.830032348633,-436.6200256347656,-7.44,167,185
1145,Household_Trash Bags_1145,2024-08-01,1887.050024986267,2038.2500228881836,-151.1999979019165,-7.42,175,190
1187,Personal Care_Skincare_1187,2022-05-01,9792.719821929932,10577.399890899658,-784.6800689697266,-7.42,144,172
1172,Electronics_Chargers_1172,2023-08-01,19263.809982299805,20806.729972839355,-1542.9199905395508,-7.42,193,208
1134,Household_Paper Products_1134,2024-10-01,1037.2500095367432,1120.2300071716309,-82.9799976348877,-7.41,75,81
1148,Household_Cleaning Supplies_1148,2022-10-01,5361.000061035156,5789.880065917969,-428.8800048828125,-7.41,100,108
1037,Electronics_Cables_1037,2023-10-01,13392.750549316406,14464.170593261719,-1071.4200439453125,-7.41,75,81
1057,Beverages_Tea_1057,2023-12-01,2388.240026473999,2579.4900341033936,-191.25000762939453,-7.41,90,101
1150,Electronics_Batteries_1150,2024-05-01,16775.64012145996,18113.720100402832,-1338.079978942871,-7.39,126,144
1120,Grocery_Cereals_1120,2021-11-01,4086.7599601745605,4411.7999839782715,-325.04002380371094,-7.37,94,95
1088,Household_Cleaning Supplies_1088,2024-10-01,1862.0799865722656,2010.1999855041504,-148.11999893188477,-7.37,88,95
1078,Electronics_Cables_1078,2025-07-01,25306.25978088379,27319.019653320312,-2012.7598724365234,-7.37,150,158
1041,Snacks_Nuts_1041,2022-08-01,2382.840009689331,2571.920006752014,-189.0799970626831,-7.35,183,200
1092,Household_Detergent_1092,2025-08-01,4191.770050048828,4524.390029907227,-332.61997985839844,-7.35,157,171
1008,Personal Care_Shampoo_1008,2025-03-01,8041.29998588562,8678.259979248047,-636.9599933624268,-7.34,225,214
1097,Snacks_Crackers_1097,2025-06-01,304.75999188423157,328.8599886894226,-24.09999680519104,-7.33,121,126
1096,Electronics_Mobile Accessories_1096,2025-10-01,8610.040000915527,9289.780052185059,-679.7400512695312,-7.32,76,82
1125,Personal Care_Toothpaste_1125,2022-10-01,2049.7199993133545,2211.5400009155273,-161.82000160217285,-7.32,76,82
1100,Electronics_Mobile Accessories_1100,2021-08-01,2391.0599327087402,2579.569927215576,-188.50999450683594,-7.31,140,154
1162,Dairy_Yogurt_1162,2024-04-01,3264.3599643707275,3521.7599506378174,-257.39998626708984,-7.31,134,143
1168,Snacks_Chips_1168,2023-09-01,1797.2800598144531,1939.0800466537476,-141.79998683929443,-7.31,94,117
1084,Household_Paper Products_1084,2024-12-01,4923.119934082031,5311.00993347168,-387.88999938964844,-7.30,104,113
1042,Grocery_Canned Goods_1042,2025-08-01,6497.030055999756,7008.890029907227,-511.8599739074707,-7.30,153,166
1168,Snacks_Chips_1168,2024-05-01,2370.8800735473633,2557.21005153656,-186.32997798919678,-7.29,124,141
1033,Household_Paper Products_1033,2023-02-01,7001.449954986572,7551.519931793213,-550.0699768066406,-7.28,243,252
1091,Dairy_Butter_1091,2025-07-01,1173.1399765014648,1265.199969291687,-92.05999279022217,-7.28,140,149
1194,Dairy_Butter_1194,2021-02-01,1688.6699905395508,1821.0599794387817,-132.38998889923096,-7.27,193,206
1182,Beverages_Tea_1182,2023-02-01,2881.499975204468,3107.239990234375,-225.74001502990723,-7.26,225,242
1091,Dairy_Butter_1091,2021-12-01,805.809980392456,868.7799816131592,-62.970001220703125,-7.25,94,103
1132,Dairy_Butter_1132,2022-05-01,4886.439834594727,5268.57985496521,-382.1400203704834,-7.25,148,181
1142,Electronics_Mobile Accessories_1142,2024-03-01,2727.2799501419067,2940.569953918457,-213.2900037765503,-7.25,187,208
1161,Electronics_Batteries_1161,2025-02-01,14928.28010559082,16093.76001739502,-1165.4799118041992,-7.24,198,216
1034,Household_Cleaning Supplies_1034,2024-11-01,4538.570007324219,4892.600002288818,-354.0299949645996,-7.24,82,85
1003,Household_Cleaning Supplies_1003,2023-05-01,1548,1668.6000022888184,-120.60000228881836,-7.23,129,157
1056,Snacks_Nuts_1056,2023-10-01,460.4600043296814,496.3400058746338,-35.88000154495239,-7.23,77,83
1076,Snacks_Chocolates_1076,2021-10-01,1726.3400192260742,1860.8600158691406,-134.5199966430664,-7.23,77,83
1131,Snacks_Crackers_1131,2021-02-01,4556.750022888184,4911.170013427734,-354.4199905395508,-7.22,209,231
1009,Electronics_Batteries_1009,2023-06-01,9367.849876403809,10095.449798583984,-727.5999221801758,-7.21,105,111
1188,Grocery_Spices_1188,2024-04-01,2635.9199390411377,2840.7799396514893,-204.86000061035156,-7.21,141,149
1073,Electronics_Chargers_1073,2023-08-01,15817.580299377441,17045.500175476074,-1227.9198760986328,-7.20,149,157
1032,Snacks_Chocolates_1032,2021-08-01,2629.9199838638306,2833.6699590682983,-203.74997520446777,-7.19,182,202
1143,Dairy_Cheese_1143,2024-02-01,3231.3499994277954,3481.760012626648,-250.41001319885254,-7.19,205,220
1117,Snacks_Crackers_1117,2021-08-01,2184.3099822998047,2353.4799814224243,-169.16999912261963,-7.19,232,255
1127,Grocery_Rice_1127,2023-08-01,3272.470012664795,3525.6700172424316,-253.20000457763672,-7.18,181,200
1044,Snacks_Biscuits_1044,2025-02-01,4050.590076446533,4363.230087280273,-312.64001083374023,-7.17,203,222
1055,Dairy_Butter_1055,2023-04-01,1098.3299856185913,1183.0099906921387,-84.68000507354736,-7.16,118,112
1172,Electronics_Chargers_1172,2022-12-01,10312.549842834473,11106.739868164062,-794.1900253295898,-7.15,92,100
1188,Grocery_Spices_1188,2021-08-01,3554.039966583252,3827.1199703216553,-273.0800037384033,-7.14,186,200
1192,Dairy_Milk_1192,2024-10-01,1999.269983291626,2153.0599784851074,-153.78999519348145,-7.14,91,98
1170,Dairy_Yogurt_1170,2023-08-01,3663.60001373291,3944.759994506836,-281.1599807739258,-7.13,199,216
1110,Grocery_Canned Goods_1110,2021-11-01,1726.8999881744385,1859.409984588623,-132.50999641418457,-7.13,98,101
1197,Electronics_Mobile Accessories_1197,2021-08-01,2988.399995803833,3216.059991836548,-227.65999603271484,-7.08,180,193
1180,Grocery_Spices_1180,2025-08-01,1183.5599994659424,1273.440001964569,-89.88000249862671,-7.06,150,162
1029,Grocery_Canned Goods_1029,2025-08-01,4773.690004348755,5136.390054702759,-362.7000503540039,-7.06,181,198
1045,Electronics_Cables_1045,2023-05-01,13132.530471801758,14128.220138549805,-995.6896667480469,-7.05,93,116
1174,Electronics_Mobile Accessories_1174,2024-08-01,39089.57020568848,42051.79040527344,-2962.220199584961,-7.04,170,187
1085,Personal Care_Skincare_1085,2022-11-01,2698.9599475860596,2902.669931411743,-203.7099838256836,-7.02,108,109
1078,Electronics_Cables_1078,2022-10-01,16714.889724731445,17972.999786376953,-1258.1100616455078,-7.00,93,100
1184,Snacks_Chocolates_1184,2024-02-01,5031.270046234131,5410.0200119018555,-378.7499656677246,-7.00,247,266
1067,Grocery_Cereals_1067,2023-11-01,4287.800064086914,4610.010040283203,-322.20997619628906,-6.99,90,93
1099,Personal Care_Toothpaste_1099,2022-11-01,4542.960037231445,4884.320041656494,-341.3600044250488,-6.99,95,98
1162,Dairy_Yogurt_1162,2022-10-01,2111.9999561309814,2270.3999423980713,-158.39998626708984,-6.98,80,86
1015,Dairy_Cream_1015,2023-05-01,3852.459913253784,4141.019962310791,-288.56004905700684,-6.97,142,174
1189,Electronics_Batteries_1189,2022-10-01,8344.929824829102,8968.84984588623,-623.9200210571289,-6.96,107,115
1037,Electronics_Cables_1037,2021-10-01,16785.580688476562,18035.570739746094,-1249.9900512695312,-6.93,94,101
1066,Household_Cleaning Supplies_1066,2025-08-01,8098.959808349609,8701.319770812988,-602.3599624633789,-6.92,175,186
1141,Beverages_Coffee_1141,2025-02-01,1527.8800144195557,1641.4900193214417,-113.61000490188599,-6.92,199,215
1113,Dairy_Cheese_1113,2021-11-01,2048.4600715637207,2200.230079650879,-151.7700080871582,-6.90,84,87
1105,Beverages_Water_1105,2021-02-01,3300.0799407958984,3542.959972381592,-242.88003158569336,-6.86,215,227
1118,Dairy_Milk_1118,2022-05-01,3294.160041809082,3536.750030517578,-242.5899887084961,-6.86,146,173
1056,Snacks_Nuts_1056,2021-02-01,1119.379994392395,1201.819993019104,-82.43999862670898,-6.86,206,224
1121,Grocery_Rice_1121,2023-08-01,4679.639963150024,5023.91993522644,-344.279972076416,-6.85,164,176
1180,Grocery_Spices_1180,2024-04-01,1150.799988269806,1235.2199940681458,-84.42000579833984,-6.83,145,155
1089,Electronics_Mobile Accessories_1089,2024-02-01,12293.38980102539,13193.629829406738,-900.2400283813477,-6.82,205,220
1063,Snacks_Chocolates_1063,2024-02-01,2931.2599449157715,3145.3999214172363,-214.13997650146484,-6.81,196,211
1028,Household_Paper Products_1028,2025-03-01,6902.599914550781,7407.239826202393,-504.6399116516113,-6.81,206,195
1100,Electronics_Mobile Accessories_1100,2021-07-01,2579.569927215576,2767.9199256896973,-188.3499984741211,-6.80,154,152
1170,Dairy_Yogurt_1170,2023-02-01,3709.7999954223633,3980.299982070923,-270.49998664855957,-6.80,194,207
1168,Snacks_Chips_1168,2023-08-01,1939.0800466537476,2080.5400390625,-141.45999240875244,-6.80,117,123
1199,Electronics_Cables_1199,2023-07-01,27862.509506225586,29885.659744262695,-2023.1502380371094,-6.77,137,134
1141,Beverages_Coffee_1141,2021-08-01,1379.4499859809875,1479.5499868392944,-100.10000085830688,-6.77,172,189
1010,Grocery_Rice_1010,2024-02-01,3494.420033454895,3748.340030670166,-253.919997215271,-6.77,232,250
1032,Snacks_Chocolates_1032,2021-06-01,2001.1199798583984,2145.92999458313,-144.81001472473145,-6.75,132,158
1003,Household_Cleaning Supplies_1003,2022-05-01,2157,2313,-156,-6.74,187,235
1130,Snacks_Nuts_1130,2025-08-01,2550.5300121307373,2734.21999168396,-183.68997955322266,-6.72,161,174
1093,Snacks_Chips_1093,2025-03-01,1330.7500267028809,1426.4400281906128,-95.69000148773193,-6.71,203,198
1183,Electronics_Batteries_1183,2022-09-01,15653.429428100586,16777.170043945312,-1123.7406158447266,-6.70,117,135
1192,Dairy_Milk_1192,2024-08-01,3890.560047149658,4169.510026931763,-278.9499797821045,-6.69,188,203
1058,Personal Care_Soap_1058,2024-02-01,8619.680191040039,9234.910209655762,-615.2300186157227,-6.66,204,225
1107,Electronics_Mobile Accessories_1107,2024-07-01,20980.260330200195,22475.660217285156,-1495.399887084961,-6.65,138,144
1172,Electronics_Chargers_1172,2023-11-01,9325.569854736328,9983.599853515625,-658.0299987792969,-6.59,85,88
1146,Snacks_Chocolates_1146,2023-11-01,1820.0400199890137,1947.8400650024414,-127.80004501342773,-6.56,96,96
1153,Electronics_Batteries_1153,2025-02-01,31452.659774780273,33654.51986694336,-2201.860092163086,-6.54,214,228
1058,Personal Care_Soap_1058,2023-08-01,5940.590141296387,6355.230110168457,-414.6399688720703,-6.52,150,159
1011,Personal Care_Shampoo_1011,2025-10-01,1751.8200569152832,1874.0400581359863,-122.22000122070312,-6.52,86,92
1031,Snacks_Chips_1031,2025-08-01,2624.640001296997,2807.6999893188477,-183.0599880218506,-6.52,181,199
1195,Snacks_Chocolates_1195,2025-08-01,3841.1400146484375,4109.000030517578,-267.8600158691406,-6.52,195,212
1188,Grocery_Spices_1188,2023-06-01,2457.7799377441406,2629.019920349121,-171.23998260498047,-6.51,123,129
1190,Dairy_Milk_1190,2022-08-01,3397.18998336792,3633.2499923706055,-236.06000900268555,-6.50,178,190
1071,Grocery_Canned Goods_1071,2022-11-01,549.2999820709229,587.4299755096436,-38.1299934387207,-6.49,106,107
1086,Grocery_Rice_1086,2023-10-01,1084.3200254440308,1159.6200227737427,-75.29999732971191,-6.49,72,77
1081,Snacks_Nuts_1081,2023-08-01,1541.4100103378296,1648.0400085449219,-106.62999820709229,-6.47,175,185
1050,Snacks_Chips_1050,2025-10-01,1552.0800132751465,1659.1200141906738,-107.04000091552734,-6.45,87,93
1107,Electronics_Mobile Accessories_1107,2021-12-01,21671.840286254883,23166.98028564453,-1495.1399993896484,-6.45,137,151
1166,Grocery_Spices_1166,2025-08-01,6081.32999420166,6500.540000915527,-419.2100067138672,-6.45,132,140
1139,Dairy_Cream_1139,2024-05-01,3383.789863586426,3616.479932785034,-232.6900691986084,-6.43,149,171
1138,Household_Cleaning Supplies_1138,2024-12-01,4253.159896850586,4544.679880142212,-291.519983291626,-6.41,94,101
1026,Snacks_Biscuits_1026,2023-02-01,1123.8200216293335,1200.7000188827515,-76.87999725341797,-6.40,221,228
1152,Personal Care_Toothpaste_1152,2024-05-01,5340.059955596924,5704.149963378906,-364.0900077819824,-6.38,99,117
1051,Electronics_Cables_1051,2021-04-01,6813.869930267334,7277.699935913086,-463.83000564575195,-6.37,101,102
1067,Grocery_Cereals_1067,2025-03-01,8436.940113067627,9008.920124053955,-571.9800109863281,-6.35,208,196
1074,Personal Care_Skincare_1074,2025-08-01,8748.36001586914,9337.55989074707,-589.1998748779297,-6.31,152,158
1062,Personal Care_Deodorant_1062,2024-11-01,2624.7500171661377,2801.280029296875,-176.5300121307373,-6.30,91,96
1057,Beverages_Tea_1057,2021-04-01,2397.9600143432617,2559.3000297546387,-161.34001541137695,-6.30,104,95
1135,Household_Trash Bags_1135,2021-08-01,8295.380096435547,8853.340099334717,-557.9600028991699,-6.30,177,185
1124,Dairy_Cheese_1124,2023-11-01,2301.730049133301,2456.480062484741,-154.75001335144043,-6.30,102,104
1159,Electronics_Batteries_1159,2024-02-01,36373.04959106445,38812.8293762207,-2439.77978515625,-6.29,220,240
1077,Household_Cleaning Supplies_1077,2024-06-01,5531.119918823242,5902.399932861328,-371.28001403808594,-6.29,118,124
1169,Beverages_Soft Drinks_1169,2025-08-01,917.6600141525269,979.160017490387,-61.50000333786011,-6.28,161,172
1011,Personal Care_Shampoo_1011,2022-02-01,3575.280026435852,3814.6000471115112,-239.32002067565918,-6.27,210,219
1009,Electronics_Batteries_1009,2024-08-01,16589.859939575195,17699.48992919922,-1109.6299896240234,-6.27,194,207
1164,Electronics_Cables_1164,2023-06-01,21704.120208740234,23156.31982421875,-1452.1996154785156,-6.27,113,118
1143,Dairy_Cheese_1143,2021-02-01,3461.1500244140625,3692.649995803833,-231.4999713897705,-6.27,223,239
1092,Household_Detergent_1092,2022-11-01,2298.870014190674,2452.530029296875,-153.66001510620117,-6.27,84,87
1112,Household_Paper Products_1112,2024-08-01,1631.4800186157227,1740.5200147628784,-109.03999614715576,-6.26,170,178
1190,Dairy_Milk_1190,2024-10-01,1519.5000019073486,1620.8000030517578,-101.30000114440918,-6.25,75,80
1150,Electronics_Batteries_1150,2025-07-01,15697.450088500977,16742.2900390625,-1044.8399505615234,-6.24,124,129
1194,Dairy_Butter_1194,2023-06-01,1246.1099996566772,1328.9400053024292,-82.83000564575195,-6.23,130,138
1174,Electronics_Mobile Accessories_1174,2025-03-01,36971.050231933594,39414.8796081543,-2443.829376220703,-6.20,188,177
1120,Grocery_Cereals_1120,2025-07-01,6664.479999542236,7105.320037841797,-440.84003829956055,-6.20,152,156
1153,Electronics_Batteries_1153,2022-11-01,12664.760070800781,13500.480102539062,-835.7200317382812,-6.19,83,84
1180,Grocery_Spices_1180,2022-05-01,1112.9999895095825,1186.5000047683716,-73.50001525878906,-6.19,140,165
1101,Snacks_Crackers_1101,2024-11-01,2174.280017852783,2317.5600242614746,-143.2800064086914,-6.18,89,93
1092,Household_Detergent_1092,2023-07-01,3258.660015106201,3473.000036239624,-214.34002113342285,-6.17,126,124
1025,Household_Detergent_1025,2023-06-01,1058.2599725723267,1127.8399658203125,-69.57999324798584,-6.17,127,133
1042,Grocery_Canned Goods_1042,2023-10-01,3412.400100708008,3636.9000701904297,-224.49996948242188,-6.17,76,81
1051,Electronics_Cables_1051,2025-10-01,5422.599922180176,5779.3499755859375,-356.7500534057617,-6.17,76,81
1181,Personal Care_Soap_1181,2024-04-01,4882.320037841797,5200.890045166016,-318.57000732421875,-6.13,135,147
1138,Household_Cleaning Supplies_1138,2024-06-01,5822.119850158691,6201.519836425781,-379.39998626708984,-6.12,133,134
1166,Grocery_Spices_1166,2024-06-01,5696.319999694824,6066.360015869141,-370.0400161743164,-6.10,126,123
1057,Beverages_Tea_1057,2021-10-01,2074.380027770996,2209.080026626587,-134.69999885559082,-6.10,77,82
1026,Snacks_Biscuits_1026,2024-10-01,438.8999900817871,467.39999198913574,-28.500001907348633,-6.10,77,82
1193,Beverages_Tea_1193,2024-10-01,1067.989995956421,1137.3399991989136,-69.35000324249268,-6.10,77,82
1108,Dairy_Butter_1108,2025-02-01,9462.020027160645,10075.420013427734,-613.3999862670898,-6.09,266,281
1116,Personal Care_Skincare_1116,2021-02-01,16822.880165100098,17912.5601272583,-1089.6799621582031,-6.08,235,256
1091,Dairy_Butter_1091,2023-02-01,1738.9499988555908,1851.2800087928772,-112.33000993728638,-6.07,218,234
1097,Snacks_Crackers_1097,2022-05-01,366.1099910736084,389.7700002193451,-23.660009145736694,-6.07,146,172
1191,Dairy_Butter_1191,2025-10-01,920.6999855041504,980.0999813079834,-59.39999580383301,-6.06,93,99
1062,Personal Care_Deodorant_1062,2021-06-01,4727.160049438477,5031.659994125366,-304.49994468688965,-6.05,162,194
1027,Snacks_Chips_1027,2022-06-01,659.4500102996826,701.8400068283081,-42.38999652862549,-6.04,109,120
1171,Personal Care_Toothpaste_1171,2021-02-01,7273.559944152832,7740.259963989258,-466.7000198364258,-6.03,193,203
1104,Grocery_Pasta_1104,2025-10-01,1647.3600444793701,1752.960048675537,-105.60000419616699,-6.02,78,83
1032,Snacks_Chocolates_1032,2024-05-01,1637.2799835205078,1742.0099897384644,-104.73000621795654,-6.01,108,121
1036,Electronics_Mobile Accessories_1036,2024-03-01,13117.919944763184,13954.659790039062,-836.7398452758789,-6.00,158,175
1153,Electronics_Batteries_1153,2024-08-01,23899.309967041016,25426.099700927734,-1526.7897338867188,-6.00,161,168
1195,Snacks_Chocolates_1195,2022-05-01,2703.9099645614624,2876.4999561309814,-172.58999156951904,-6.00,132,161
1189,Electronics_Batteries_1189,2023-05-01,8968.84984588623,9538.039974212646,-569.190128326416,-5.97,115,136
1087,Snacks_Crackers_1087,2023-08-01,1424.7000093460083,1515.2000160217285,-90.50000667572021,-5.97,171,184
1057,Beverages_Tea_1057,2023-07-01,2887.78999710083,3071.160036087036,-183.37003898620605,-5.97,125,114
1122,Dairy_Yogurt_1122,2024-08-01,5631.1200313568115,5988.200046539307,-357.0800151824951,-5.96,190,200
1102,Snacks_Biscuits_1102,2024-10-01,1701.6600723266602,1809.3600769042969,-107.70000457763672,-5.95,79,84
1197,Electronics_Mobile Accessories_1197,2022-07-01,2017.099983215332,2144.7600231170654,-127.6600399017334,-5.95,125,122
1186,Dairy_Yogurt_1186,2025-03-01,834.579995393753,887.3999905586243,-52.819995164871216,-5.95,191,181
1091,Dairy_Butter_1091,2022-02-01,1689.7999868392944,1796.5599837303162,-106.75999689102173,-5.94,233,230
1120,Grocery_Cereals_1120,2021-10-01,4411.7999839782715,4690.439998626709,-278.6400146484375,-5.94,95,101
1147,Snacks_Crackers_1147,2021-11-01,2067.8000049591064,2198.439992904663,-130.63998794555664,-5.94,103,106
1043,Electronics_Batteries_1043,2021-08-01,3296.600009918213,3504.1900157928467,-207.5900058746338,-5.92,150,158
1003,Household_Cleaning Supplies_1003,2023-07-01,1715.9999980926514,1824,-108.00000190734863,-5.92,161,154
1117,Snacks_Crackers_1117,2024-05-01,1083.4599647521973,1151.5499830245972,-68.0900182723999,-5.91,109,124
1178,Beverages_Soft Drinks_1178,2021-05-01,3142.3699913024902,3339.92000579834,-197.5500144958496,-5.91,148,154
1084,Household_Paper Products_1084,2025-07-01,6038.879928588867,6417.299919128418,-378.4199905395508,-5.90,131,138
1096,Electronics_Mobile Accessories_1096,2023-08-01,18783.210121154785,19961.500022888184,-1178.2899017333984,-5.90,193,196
1113,Dairy_Cheese_1113,2022-08-01,4529.320041656494,4812.570032119751,-283.24999046325684,-5.89,191,205
1186,Dairy_Yogurt_1186,2021-11-01,462.4399948120117,491.3999967575073,-28.960001945495605,-5.89,88,90
1090,Dairy_Cheese_1090,2025-03-01,5375.219985961914,5711.3000411987305,-336.0800552368164,-5.88,175,171
1046,Household_Paper Products_1046,2024-10-01,3724.159969329834,3956.9199981689453,-232.76002883911133,-5.88,64,68
1030,Dairy_Cream_1030,2022-02-01,4595.3401165008545,4881.860111236572,-286.5199947357178,-5.87,248,267
1152,Personal Care_Toothpaste_1152,2023-11-01,4112.919960021973,4369.1400146484375,-256.22005462646484,-5.86,78,81
1176,Snacks_Chocolates_1176,2023-11-01,495.1799955368042,525.9099941253662,-30.72999858856201,-5.84,76,77
1046,Household_Paper Products_1046,2023-09-01,6575.469982147217,6982.6699295043945,-407.19994735717773,-5.83,113,133
1184,Snacks_Chocolates_1184,2024-05-01,2666.7900466918945,2831.6000328063965,-164.80998611450195,-5.82,119,136
1102,Snacks_Biscuits_1102,2025-02-01,4938.210052490234,5242.9800662994385,-304.7700138092041,-5.81,254,265
1116,Personal Care_Skincare_1116,2023-11-01,5152.020133972168,5468.400131225586,-316.37999725341797,-5.79,67,70
1049,Electronics_Batteries_1049,2024-02-01,26746.04067993164,28388.520599365234,-1642.4799194335938,-5.79,246,262
1145,Household_Trash Bags_1145,2025-02-01,1866.160002708435,1980.6999816894531,-114.53997898101807,-5.78,178,197
1190,Dairy_Milk_1190,2025-03-01,3123.9200439453125,3315.439966201782,-191.51992225646973,-5.78,180,180
1198,Dairy_Cheese_1198,2024-08-01,4534.379989624023,4811.610000610352,-277.2300109863281,-5.76,188,198
1028,Household_Paper Products_1028,2022-10-01,3425.9598999023438,3634.859893798828,-208.89999389648438,-5.75,82,87
1029,Grocery_Canned Goods_1029,2024-11-01,2682.529951095581,2845.7999362945557,-163.2699851989746,-5.74,100,102
1037,Electronics_Cables_1037,2024-08-01,34481.57061767578,36570.801010131836,-2089.2303924560547,-5.71,203,216
1056,Snacks_Nuts_1056,2022-11-01,552.6000072956085,586.0400075912476,-33.44000029563904,-5.71,98,98
1190,Dairy_Milk_1190,2025-08-01,3445.709949493408,3654.3999633789062,-208.69001388549805,-5.71,183,193
1068,Electronics_Chargers_1068,2021-12-01,9756.229629516602,10345.719604492188,-589.4899749755859,-5.70,103,116
1025,Household_Detergent_1025,2023-02-01,1725.079990386963,1829.419973373413,-104.3399829864502,-5.70,222,237
1160,Snacks_Nuts_1160,2024-05-01,679.7999968528748,720.8300008773804,-41.030004024505615,-5.69,110,120
1114,Electronics_Batteries_1114,2023-10-01,12650.859985351562,13412.960052490234,-762.1000671386719,-5.68,83,88
1086,Grocery_Rice_1086,2024-10-01,1249.9800271987915,1325.2800302505493,-75.30000305175781,-5.68,83,88
1169,Beverages_Soft Drinks_1169,2024-06-01,792.8700170516968,840.4200210571289,-47.55000400543213,-5.66,135,138
1162,Dairy_Yogurt_1162,2021-02-01,5140.07998085022,5447.639959335327,-307.5599784851074,-5.65,216,226
1142,Electronics_Mobile Accessories_1142,2023-02-01,3665.5199251174927,3885.1299200057983,-219.60999488830566,-5.65,253,272
1141,Beverages_Coffee_1141,2023-05-01,1115.3999881744385,1182.1700172424316,-66.77002906799316,-5.65,132,161
1039,Beverages_Soft Drinks_1039,2021-02-01,5862.880023956299,6213.950019836426,-351.06999588012695,-5.65,250,264
1123,Beverages_Water_1123,2024-10-01,657.9399795532227,697.2199783325195,-39.279998779296875,-5.63,67,71
1073,Electronics_Chargers_1073,2021-08-01,20500.49991607666,21722.360038757324,-1221.860122680664,-5.62,181,191
1083,Dairy_Cheese_1083,2021-02-01,2755.4400453567505,2919.280054092407,-163.84000873565674,-5.61,218,234
1028,Household_Paper Products_1028,2022-11-01,3233.819927215576,3425.9598999023438,-192.13997268676758,-5.61,83,82
1028,Household_Paper Products_1028,2025-07-01,5531.499923706055,5859.8398361206055,-328.3399124145508,-5.60,141,150
1088,Household_Cleaning Supplies_1088,2025-03-01,3235.150032043457,3427.2099933624268,-192.05996131896973,-5.60,185,175
1117,Snacks_Crackers_1117,2024-04-01,1151.5499830245972,1219.6999855041504,-68.15000247955322,-5.59,124,132
1078,Electronics_Cables_1078,2023-11-01,15950.9697265625,16894.619720458984,-943.6499938964844,-5.59,94,94
1111,Snacks_Nuts_1111,2025-02-01,2275.040047645569,2409.5200510025024,-134.4800033569336,-5.58,197,211
1173,Electronics_Batteries_1173,2024-04-01,19245.059951782227,20381.83982849121,-1136.7798767089844,-5.58,124,136
1051,Electronics_Cables_1051,2023-02-01,13617.450050354004,14420.150001525879,-802.699951171875,-5.57,209,221
1060,Household_Detergent_1060,2025-06-01,4821.919982910156,5105.6999588012695,-283.7799758911133,-5.56,134,135
1024,Grocery_Canned Goods_1024,2024-04-01,1371.5900044441223,1452.3899841308594,-80.79997968673706,-5.56,165,181
1099,Personal Care_Toothpaste_1099,2024-04-01,5417.490070343018,5736.320056915283,-318.8299865722656,-5.56,115,125
1171,Personal Care_Toothpaste_1171,2023-08-01,6084.199897766113,6442.569942474365,-358.37004470825195,-5.56,165,174
1192,Dairy_Milk_1192,2023-05-01,2878.069995880127,3047.5200214385986,-169.45002555847168,-5.56,131,153
1012,Beverages_Juices_1012,2022-08-01,2377.259991645813,2516.8499898910522,-139.58999824523926,-5.55,180,190
1048,Snacks_Biscuits_1048,2021-08-01,2349.259962081909,2487.2099714279175,-137.9500093460083,-5.55,180,192
1038,Electronics_Cables_1038,2023-11-01,8721.689880371094,9233.03988647461,-511.3500061035156,-5.54,98,93
1143,Dairy_Cheese_1143,2022-08-01,2937.8300132751465,3109.9799728393555,-172.14995956420898,-5.54,179,194
1008,Personal Care_Shampoo_1008,2023-08-01,6309.570026397705,6678.610034942627,-369.0400085449219,-5.53,165,179
1188,Grocery_Spices_1188,2025-08-01,3417.5199756622314,3617.179988861084,-199.66001319885254,-5.52,178,191
1183,Electronics_Batteries_1183,2022-05-01,17760.57943725586,18797.269729614258,-1036.6902923583984,-5.52,137,163
1198,Dairy_Cheese_1198,2024-03-01,4794.320056915283,5072.72998046875,-278.4099235534668,-5.49,199,215
1045,Electronics_Cables_1045,2024-11-01,12278.22036743164,12991.32048034668,-713.1001129150391,-5.49,88,92
1006,Beverages_Coffee_1006,2025-06-01,1419.6599950790405,1501.7799968719482,-82.12000179290771,-5.47,117,119
1136,Personal Care_Shampoo_1136,2021-07-01,8491.75989151001,8983.210037231445,-491.45014572143555,-5.47,150,149
1039,Beverages_Soft Drinks_1039,2024-04-01,3251.599998474121,3439.2900047302246,-187.69000625610352,-5.46,136,144
1140,Personal Care_Shampoo_1140,2021-02-01,7929.640041351318,8386.69002532959,-457.0499839782715,-5.45,244,259
1133,Electronics_Mobile Accessories_1133,2023-10-01,2944.9498977661133,3114.1999588012695,-169.25006103515625,-5.43,87,92
1015,Dairy_Cream_1015,2024-10-01,2360.3099460601807,2495.9599418640137,-135.649995803833,-5.43,87,92
1043,Electronics_Batteries_1043,2022-11-01,1596.9100246429443,1688.400016784668,-91.48999214172363,-5.42,73,72
1009,Electronics_Batteries_1009,2022-02-01,18689.859909057617,19758.499954223633,-1068.6400451660156,-5.41,242,256
1160,Snacks_Nuts_1160,2024-08-01,997.9000067710876,1054.700002193451,-56.79999542236328,-5.39,170,182
1044,Snacks_Biscuits_1044,2022-11-01,2185.5300827026367,2309.7400970458984,-124.21001434326172,-5.38,101,106
1061,Personal Care_Skincare_1061,2021-11-01,4736.080017089844,5005.260047912598,-269.1800308227539,-5.38,94,93
1179,Household_Cleaning Supplies_1179,2024-05-01,3749.199962615967,3962.38995552063,-213.1899929046631,-5.38,130,147
1169,Beverages_Soft Drinks_1169,2023-10-01,535.9200134277344,566.3700141906738,-30.450000762939453,-5.38,88,93
1122,Dairy_Yogurt_1122,2024-05-01,3760.4000701904297,3973.7000732421875,-213.3000030517578,-5.37,119,132
1119,Grocery_Pasta_1119,2025-08-01,4782.599952697754,5053.109962463379,-270.510009765625,-5.35,142,150
1070,Grocery_Canned Goods_1070,2024-10-01,2995.4899253845215,3164.2499198913574,-168.75999450683594,-5.33,71,75
1005,Household_Paper Products_1005,2025-08-01,3141.750045776367,3318.750045776367,-177,-5.33,189,198
1026,Snacks_Biscuits_1026,2024-04-01,649.6200017929077,686.1800060272217,-36.560004234313965,-5.33,121,132
1035,Electronics_Batteries_1035,2024-04-01,40634.82081604004,42916.74090576172,-2281.9200897216797,-5.32,171,186
1006,Beverages_Coffee_1006,2022-06-01,1514.3999977111816,1599.5399951934814,-85.1399974822998,-5.32,120,129
1173,Electronics_Batteries_1173,2025-10-01,17503.060089111328,18484.54005432129,-981.4799652099609,-5.31,107,113
1039,Beverages_Soft Drinks_1039,2023-08-01,3337.3799934387207,3523.930004119873,-186.55001068115234,-5.29,146,153
1068,Electronics_Chargers_1068,2025-08-01,18047.94972229004,19055.879791259766,-1007.9300689697266,-5.29,203,216
1161,Electronics_Batteries_1161,2022-05-01,11510.540237426758,12151.500030517578,-640.9597930908203,-5.27,146,171
1164,Electronics_Cables_1164,2024-02-01,43005.360122680664,45399.43997192383,-2394.079849243164,-5.27,243,257
1151,Electronics_Cables_1151,2021-05-01,25384.55983734131,26797.79998779297,-1413.2401504516602,-5.27,194,212
1143,Dairy_Cheese_1143,2023-08-01,2609.200019836426,2753.7900352478027,-144.59001541137695,-5.25,168,179
1097,Snacks_Crackers_1097,2025-08-01,410.38999247550964,433.10999870300293,-22.720006227493286,-5.25,167,177
1115,Household_Paper Products_1115,2022-05-01,6599.76016998291,6964.220153808594,-364.4599838256836,-5.23,153,179
1063,Snacks_Chocolates_1063,2024-08-01,2767.3599853515625,2919.8399810791016,-152.47999572753906,-5.22,182,192
1083,Dairy_Cheese_1083,2023-02-01,2865.0800371170044,3022.6000270843506,-157.5199899673462,-5.21,225,235
1171,Personal Care_Toothpaste_1171,2024-02-01,8229.900039672852,8682.009956359863,-452.1099166870117,-5.21,220,228
1174,Electronics_Mobile Accessories_1174,2023-07-01,28275.789794921875,29817.23031616211,-1541.4405212402344,-5.17,136,126
1114,Electronics_Batteries_1114,2022-06-01,17528.300033569336,18481.119956970215,-952.8199234008789,-5.16,115,131
1156,Personal Care_Soap_1156,2024-07-01,4695.620008468628,4949.840049743652,-254.2200412750244,-5.14,145,150
1134,Household_Paper Products_1134,2023-02-01,2544.6000080108643,2682.1500091552734,-137.55000114440918,-5.13,203,211
1128,Grocery_Spices_1128,2024-05-01,3588.2999629974365,3782.159948348999,-193.8599853515625,-5.13,135,151
1193,Beverages_Tea_1193,2024-06-01,1513.2299966812134,1595.049997329712,-81.82000064849854,-5.13,113,115
1021,Grocery_Canned Goods_1021,2024-12-01,2325.1799850463867,2450.549964904785,-125.36997985839844,-5.12,82,85
1042,Grocery_Canned Goods_1042,2021-08-01,6919.090065002441,7291.720069885254,-372.6300048828125,-5.11,164,174
1049,Electronics_Batteries_1049,2025-02-01,22515.800354003906,23726.960510253906,-1211.16015625,-5.10,206,217
1155,Electronics_Mobile Accessories_1155,2024-05-01,2928.63991355896,3085.3499584198,-156.71004486083984,-5.08,128,144
1085,Personal Care_Skincare_1085,2022-02-01,5611.999889373779,5911.479862213135,-299.47997283935547,-5.07,238,260
1160,Snacks_Nuts_1160,2023-06-01,557.3999967575073,587.0999979972839,-29.70000123977661,-5.06,92,95
1010,Grocery_Rice_1010,2025-03-01,2646.7700271606445,2787.930027961731,-141.16000080108643,-5.06,192,189
1070,Grocery_Canned Goods_1070,2021-08-01,8167.870067596436,8602.410053253174,-434.5399856567383,-5.05,205,217
1142,Electronics_Mobile Accessories_1142,2022-05-01,2353.8200092315674,2478.939953804016,-125.11994457244873,-5.05,152,186
1095,Snacks_Chocolates_1095,2024-02-01,4501.720024108887,4741.260019302368,-239.53999519348145,-5.05,235,246
1198,Dairy_Cheese_1198,2023-07-01,3311.509994506836,3487.5200157165527,-176.0100212097168,-5.05,149,138
1177,Snacks_Chips_1177,2023-11-01,218.42000246047974,230.03999733924866,-11.619994878768921,-5.05,79,81
1183,Electronics_Batteries_1183,2025-02-01,29861.669845581055,31447.109588623047,-1585.4397430419922,-5.04,249,258
1019,Electronics_Cables_1019,2025-06-01,23940.200256347656,25211.340240478516,-1271.1399841308594,-5.04,114,119
1143,Dairy_Cheese_1143,2025-03-01,2760.8200130462646,2906.909999847412,-146.08998680114746,-5.03,194,183
1138,Household_Cleaning Supplies_1138,2022-06-01,4813.119873046875,5067.659866333008,-254.5399932861328,-5.02,104,112
1085,Personal Care_Skincare_1085,2023-08-01,3727.779951095581,3924.7899532318115,-197.01000213623047,-5.02,161,171
1070,Grocery_Canned Goods_1070,2025-08-01,5547.9000816345215,5839.010051727295,-291.10997009277344,-4.99,140,147
1015,Dairy_Cream_1015,2022-05-01,4150.959907531738,4368.209951400757,-217.25004386901855,-4.97,160,189
1025,Household_Detergent_1025,2024-05-01,992.1599769592285,1043.9799876213074,-51.82001066207886,-4.96,117,132
1073,Electronics_Chargers_1073,2022-08-01,20982.019927978516,22077.480110168457,-1095.4601821899414,-4.96,185,194
1184,Snacks_Chocolates_1184,2023-06-01,2577.180030822754,2711.610038757324,-134.4300079345703,-4.96,118,121
1132,Dairy_Butter_1132,2021-11-01,3603.2398834228516,3791.0198669433594,-187.7799835205078,-4.95,106,109
1089,Electronics_Mobile Accessories_1089,2021-11-01,4952.779861450195,5210.049880981445,-257.27001953125,-4.94,79,79
1107,Electronics_Mobile Accessories_1107,2024-10-01,12379.290222167969,13022.370208740234,-643.0799865722656,-4.94,77,81
1075,Snacks_Crackers_1075,2021-12-01,1465.3999938964844,1541.569995880127,-76.17000198364258,-4.94,112,118
1195,Snacks_Chocolates_1195,2023-08-01,3138.3599739074707,3301.619972229004,-163.2599983215332,-4.94,168,180
1169,Beverages_Soft Drinks_1169,2023-01-01,927.5699992179871,975.5900225639343,-48.020023345947266,-4.92,168,163
1189,Electronics_Batteries_1189,2024-05-01,9202.819854736328,9678.470001220703,-475.650146484375,-4.91,118,133
1081,Snacks_Nuts_1081,2021-02-01,2323.6800146102905,2443.400025367737,-119.72001075744629,-4.90,258,269
1027,Snacks_Chips_1027,2023-05-01,792.5500068664551,833.420015335083,-40.87000846862793,-4.90,131,157
1004,Beverages_Juices_1004,2024-05-01,2581.2799682617188,2714.219995498657,-132.94002723693848,-4.90,104,117
1153,Electronics_Batteries_1153,2024-06-01,15589.800109863281,16393.44012451172,-803.6400146484375,-4.90,100,102
1151,Electronics_Cables_1151,2023-07-01,22265.600219726562,23407.639686584473,-1142.0394668579102,-4.88,170,168
1046,Household_Paper Products_1046,2023-02-01,12309.880146026611,12941.210144042969,-631.3299980163574,-4.88,233,247
1019,Electronics_Cables_1019,2022-11-01,21164.820220947266,22245.300201416016,-1080.47998046875,-4.86,102,105
1197,Electronics_Mobile Accessories_1197,2025-02-01,3684.359972000122,3872.399971008301,-188.0399990081787,-4.86,230,244
1195,Snacks_Chocolates_1195,2024-04-01,2725.9200077056885,2864.899990081787,-138.97998237609863,-4.85,139,144
1156,Personal Care_Soap_1156,2022-12-01,4097.780054092407,4306.580039978027,-208.79998588562012,-4.85,121,130
1048,Snacks_Biscuits_1048,2025-08-01,1965.0999603271484,2064.969980239868,-99.87001991271973,-4.84,151,158
1083,Dairy_Cheese_1083,2025-06-01,1703.769995689392,1790.520004272461,-86.75000858306885,-4.84,127,129
1047,Household_Detergent_1047,2025-03-01,6456.780082702637,6784.600051879883,-327.8199691772461,-4.83,210,208
1072,Electronics_Chargers_1072,2024-06-01,25851.199783325195,27161.639877319336,-1310.4400939941406,-4.82,110,114
1096,Electronics_Mobile Accessories_1096,2023-10-01,8949.910018920898,9403.070007324219,-453.1599884033203,-4.82,79,83
1187,Personal Care_Skincare_1187,2023-10-01,5636.649955749512,5922.049911499023,-285.3999557495117,-4.82,79,83
1175,Household_Trash Bags_1175,2024-11-01,6094.740051269531,6402.880054473877,-308.1400032043457,-4.81,105,107
1012,Beverages_Juices_1012,2022-06-01,1607.4000148773193,1688.600019454956,-81.20000457763672,-4.81,114,126
1014,Dairy_Butter_1014,2022-06-01,892.6199913024902,937.5799922943115,-44.96000099182129,-4.80,114,126
1058,Personal Care_Soap_1058,2021-11-01,3303.6400260925293,3470.390037536621,-166.7500114440918,-4.80,76,77
1061,Personal Care_Skincare_1061,2023-06-01,7480.98006439209,7857.720062255859,-376.73999786376953,-4.79,139,146
1163,Household_Paper Products_1163,2025-06-01,5412.129936218262,5683.2799072265625,-271.1499710083008,-4.77,152,152
1178,Beverages_Soft Drinks_1178,2023-10-01,1915.200023651123,2010.9600353240967,-95.76001167297363,-4.76,80,84
1178,Beverages_Soft Drinks_1178,2025-10-01,1915.200023651123,2010.9600315093994,-95.76000785827637,-4.76,80,84
1055,Dairy_Butter_1055,2021-08-01,1620.1000051498413,1700.9400033950806,-80.83999824523926,-4.75,154,164
1048,Snacks_Biscuits_1048,2022-05-01,1886.2399978637695,1979.6799955368042,-93.43999767303467,-4.72,144,169
1082,Household_Detergent_1082,2023-12-01,4372.199935913086,4588.829959869385,-216.63002395629883,-4.72,100,108
1072,Electronics_Chargers_1072,2023-04-01,27471.47023010254,28829.560424804688,-1358.0901947021484,-4.71,124,131
1035,Electronics_Batteries_1035,2023-10-01,19875.780395507812,20857.300415039062,-981.52001953125,-4.71,81,85
1149,Electronics_Chargers_1149,2025-03-01,20229.69017791748,21228.400108337402,-998.7099304199219,-4.70,234,221
1136,Personal Care_Shampoo_1136,2024-07-01,8319.929920196533,8729.950061798096,-410.0201416015625,-4.70,147,149
1086,Grocery_Rice_1086,2021-12-01,1647.590030670166,1728.8400430679321,-81.25001239776611,-4.70,112,122
1153,Electronics_Batteries_1153,2024-02-01,33132.14962768555,34763.45974731445,-1631.3101196289062,-4.69,227,237
1161,Electronics_Batteries_1161,2024-11-01,6302.830112457275,6612.800140380859,-309.970027923584,-4.69,78,80
1062,Personal Care_Deodorant_1062,2025-02-01,5997.579971313477,6292.27995300293,-294.6999816894531,-4.68,224,235
1179,Household_Cleaning Supplies_1179,2023-10-01,2941.679977416992,3085.87996673584,-144.19998931884766,-4.67,102,107
1074,Personal Care_Skincare_1074,2022-05-01,8679.729782104492,9102.59994506836,-422.8701629638672,-4.65,145,167
1070,Grocery_Canned Goods_1070,2022-02-01,7794.339839935303,8173.96985244751,-379.63001251220703,-4.64,211,228
1135,Household_Trash Bags_1135,2021-11-01,4670.310104370117,4897.530124664307,-227.22002029418945,-4.64,94,97
1096,Electronics_Mobile Accessories_1096,2022-11-01,10479.34001159668,10989.13003540039,-509.79002380371094,-4.64,96,97
1126,Beverages_Soft Drinks_1126,2024-05-01,3135.400043487549,3286.880023956299,-151.47998046875,-4.61,122,135
1124,Dairy_Cheese_1124,2024-10-01,1960.4600467681885,2054.9400596618652,-94.48001289367676,-4.60,83,87
1068,Electronics_Chargers_1068,2023-06-01,9889.33969116211,10364.809600830078,-475.46990966796875,-4.59,106,109
1059,Electronics_Cables_1059,2024-08-01,4813.210041046143,5044.620044708252,-231.41000366210938,-4.59,239,250
1073,Electronics_Chargers_1073,2023-12-01,11153.179901123047,11688.939918518066,-535.7600173950195,-4.58,94,102
1179,Household_Cleaning Supplies_1179,2022-02-01,6013.139888763428,6301.539873123169,-288.3999843597412,-4.58,241,251
1107,Electronics_Mobile Accessories_1107,2022-11-01,14421.060256958008,15112.380264282227,-691.3200073242188,-4.57,96,94
1020,Beverages_Juices_1020,2023-11-01,532.3099966049194,557.7599935531616,-25.449996948242188,-4.56,58,56
1007,Personal Care_Shampoo_1007,2025-05-01,7062.30012512207,7398.580169677734,-336.28004455566406,-4.55,105,113
1153,Electronics_Batteries_1153,2022-10-01,13500.480102539062,14143.360107421875,-642.8800048828125,-4.55,84,88
1131,Snacks_Crackers_1131,2025-08-01,3696.180030822754,3872.160053253174,-175.98002243041992,-4.54,169,178
1130,Snacks_Nuts_1130,2023-02-01,3376.0900897979736,3536.250087738037,-160.15999794006348,-4.53,219,230
1071,Grocery_Canned Goods_1071,2021-04-01,576.5799856185913,603.899974822998,-27.31998920440674,-4.52,118,110
1059,Electronics_Cables_1059,2024-05-01,2568.8299446105957,2689.9899673461914,-121.1600227355957,-4.50,121,135
1001,Electronics_Chargers_1001,2025-02-01,34903.84063720703,36549.44061279297,-1645.5999755859375,-4.50,237,247
1151,Electronics_Cables_1151,2025-07-01,18198.30014038086,19054.49966430664,-856.1995239257812,-4.49,135,138
1161,Electronics_Batteries_1161,2024-08-01,15341.2001953125,16060.330078125,-719.1298828125,-4.48,198,207
1008,Personal Care_Shampoo_1008,2024-06-01,5079.519981384277,5316.739902496338,-237.21992111206055,-4.46,124,121
1119,Grocery_Pasta_1119,2024-05-01,5771.199951171875,6039.960041046143,-268.7600898742676,-4.45,160,177
1013,Grocery_Cereals_1013,2022-02-01,7294.930097579956,7633.300119400024,-338.37002182006836,-4.43,236,257
1061,Personal Care_Skincare_1061,2023-02-01,11106.15013885498,11620.14013671875,-513.9899978637695,-4.42,226,236
1156,Personal Care_Soap_1156,2022-08-01,5001.319997787476,5232.200002670288,-230.8800048828125,-4.41,157,166
1113,Dairy_Cheese_1113,2021-10-01,2200.230079650879,2301.3900833129883,-101.16000366210938,-4.40,87,91
1195,Snacks_Chocolates_1195,2023-12-01,2287.57999420166,2392.239984512329,-104.65999031066895,-4.37,111,121
1005,Household_Paper Products_1005,2024-11-01,1726.6000442504883,1805.4000511169434,-78.80000686645508,-4.36,100,102
1197,Electronics_Mobile Accessories_1197,2022-10-01,1547.0400161743164,1617.3600120544434,-70.31999588012695,-4.35,88,92
1102,Snacks_Biscuits_1102,2021-02-01,4379.220037460327,4577.360074996948,-198.1400375366211,-4.33,224,229
1007,Personal Care_Shampoo_1007,2023-07-01,8111.739940643311,8474.760147094727,-363.020206451416,-4.28,139,126
1152,Personal Care_Toothpaste_1152,2024-10-01,4854.599979400635,5070.359996795654,-215.76001739501953,-4.26,90,94
1129,Electronics_Chargers_1129,2021-08-01,21520.239654541016,22475.449768066406,-955.2101135253906,-4.25,150,158
1007,Personal Care_Shampoo_1007,2021-08-01,10155.859878540039,10606.489891052246,-450.63001251220703,-4.25,161,168
1059,Electronics_Cables_1059,2025-02-01,4153.289989471436,4335.84997177124,-182.5599822998047,-4.21,219,227
1194,Dairy_Butter_1194,2021-12-01,858.9599990844727,896.5400009155273,-37.58000183105469,-4.19,91,97
1091,Dairy_Butter_1091,2023-11-01,862.6199803352356,900.2199764251709,-37.5999960899353,-4.18,105,103
1088,Household_Cleaning Supplies_1088,2022-11-01,1906.4599876403809,1989.0399856567383,-82.57999801635742,-4.15,95,94
1122,Dairy_Yogurt_1122,2023-06-01,3665.600049972534,3823.600082397461,-158.00003242492676,-4.13,118,121
1065,Electronics_Chargers_1065,2024-05-01,20628.280059814453,21517.540084838867,-889.2600250244141,-4.13,116,129
1122,Dairy_Yogurt_1122,2024-06-01,3605.5600566864014,3760.4000701904297,-154.84001350402832,-4.12,118,119
1142,Electronics_Mobile Accessories_1142,2023-06-01,1529.5900077819824,1595.2800035476685,-65.68999576568604,-4.12,98,102
1085,Personal Care_Skincare_1085,2024-11-01,1864.0999584197998,1943.989948272705,-79.88998985290527,-4.11,70,73
1134,Household_Paper Products_1134,2024-04-01,1932.1400146484375,2014.7399940490723,-82.59997940063477,-4.10,148,159
1192,Dairy_Milk_1192,2025-08-01,3308.34002494812,3448.990026473999,-140.6500015258789,-4.08,162,167
1177,Snacks_Chips_1177,2021-08-01,472.9200005531311,492.9700014591217,-20.0500009059906,-4.07,175,185
1069,Grocery_Spices_1069,2024-04-01,4787.65998840332,4990.880031585693,-203.22004318237305,-4.07,134,142
1037,Electronics_Cables_1037,2024-02-01,48704.270599365234,50757.780822753906,-2053.510223388672,-4.05,296,309
1065,Electronics_Chargers_1065,2025-08-01,28293.050079345703,29484.52003479004,-1191.469955444336,-4.04,169,176
1161,Electronics_Batteries_1161,2022-11-01,6187.110145568848,6447.48014831543,-260.37000274658203,-4.04,78,78
1023,Personal Care_Toothpaste_1023,2023-06-01,6653.740051269531,6933.480049133301,-279.73999786376953,-4.03,111,114
1006,Beverages_Coffee_1006,2023-12-01,1306.1999959945679,1361.03999710083,-54.84000110626221,-4.03,105,111
1011,Personal Care_Shampoo_1011,2024-11-01,2053.290054321289,2138.8500690460205,-85.56001472473145,-4.00,105,105
1016,Grocery_Rice_1016,2024-03-01,3306.4000282287598,3442.4000358581543,-136.00000762939453,-3.95,183,193
1149,Electronics_Chargers_1149,2024-08-01,18385.2001953125,19141.300186157227,-756.0999908447266,-3.95,190,199
1170,Dairy_Yogurt_1170,2021-11-01,1923.3899765014648,2002.199966430664,-78.80998992919922,-3.94,96,94
1097,Snacks_Crackers_1097,2021-08-01,432.8299949169159,450.46999526023865,-17.640000343322754,-3.92,175,184
1075,Snacks_Crackers_1075,2022-02-01,2463.7999897003174,2564.0899963378906,-100.29000663757324,-3.91,222,231
1166,Grocery_Spices_1166,2025-03-01,9636.560115814209,10028.920051574707,-392.35993576049805,-3.91,238,226
1075,Snacks_Crackers_1075,2022-05-01,1825.0400009155273,1898.7499923706055,-73.70999145507812,-3.88,140,163
1199,Electronics_Cables_1199,2024-05-01,31724.819778442383,33000.86959838867,-1276.049819946289,-3.87,138,155
1129,Electronics_Chargers_1129,2023-08-01,25157.219535827637,26165.969451904297,-1008.7499160766602,-3.86,189,195
1114,Electronics_Batteries_1114,2025-03-01,26993.13018798828,28068.499618530273,-1075.3694305419922,-3.83,211,202
1166,Grocery_Spices_1166,2022-02-01,9654.39022064209,10036.62022781372,-382.23000717163086,-3.81,229,236
1116,Personal Care_Skincare_1116,2021-10-01,5937.1201171875,6171.480140686035,-234.36002349853516,-3.80,76,79
1080,Snacks_Chips_1080,2025-10-01,1691,1757.75,-66.75,-3.80,76,79
1075,Snacks_Crackers_1075,2023-02-01,3041.0000171661377,3160.720006942749,-119.71998977661133,-3.79,250,257
1044,Snacks_Biscuits_1044,2024-10-01,1677.8300704956055,1743.2000732421875,-65.37000274658203,-3.75,77,80
1007,Personal Care_Shampoo_1007,2023-11-01,5633.040115356445,5851.620155334473,-218.58003997802734,-3.74,89,87
1057,Beverages_Tea_1057,2025-07-01,3780.110008239746,3926.6300296783447,-146.52002143859863,-3.73,151,152
1179,Household_Cleaning Supplies_1179,2023-06-01,3276.1799659729004,3403.1199645996094,-126.93999862670898,-3.73,118,118
1177,Snacks_Chips_1177,2023-02-01,537.8300051689148,558.5700035095215,-20.73999834060669,-3.71,208,215
1133,Electronics_Mobile Accessories_1133,2021-08-01,5968.3900508880615,6198.3400230407715,-229.94997215270996,-3.71,189,194
1031,Snacks_Chips_1031,2024-11-01,1514.8200416564941,1572.8100471496582,-57.99000549316406,-3.69,102,103
1028,Household_Paper Products_1028,2023-10-01,3300.619903564453,3425.9598999023438,-125.33999633789062,-3.66,79,82
1131,Snacks_Crackers_1131,2024-03-01,4164.800029754639,4323.230030059814,-158.43000030517578,-3.66,192,201
1053,Snacks_Crackers_1053,2021-02-01,2598.099992752075,2696.599988937378,-98.49999618530273,-3.65,249,254
1180,Grocery_Spices_1180,2024-05-01,1108.799970626831,1150.799988269806,-42.00001764297485,-3.65,132,145
1067,Grocery_Cereals_1067,2022-08-01,8733.880180358887,9063.670166015625,-329.7899856567383,-3.64,188,192
1019,Electronics_Cables_1019,2023-02-01,37848.660217285156,39278.72038269043,-1430.0601654052734,-3.64,198,204
1049,Electronics_Batteries_1049,2024-12-01,11597.480346679688,12034.560363769531,-437.08001708984375,-3.63,102,105
1024,Grocery_Canned Goods_1024,2021-04-01,881.0500164031982,914.1600065231323,-33.10999011993408,-3.62,115,104
1133,Electronics_Mobile Accessories_1133,2023-11-01,2838.2999572753906,2944.9498977661133,-106.64994049072266,-3.62,87,87
1093,Snacks_Chips_1093,2022-08-01,1279.7400279045105,1327.640025138855,-47.89999723434448,-3.61,173,178
1164,Electronics_Cables_1164,2025-02-01,34204.07991027832,35479.75993347168,-1275.6800231933594,-3.60,195,197
1160,Snacks_Nuts_1160,2022-08-01,1015.7799916267395,1053.759997844696,-37.98000621795654,-3.60,175,185
1172,Electronics_Chargers_1172,2023-06-01,17720.889694213867,18378.89973449707,-658.0100402832031,-3.58,158,162
1197,Electronics_Mobile Accessories_1197,2022-11-01,1491.6900215148926,1547.0400161743164,-55.34999465942383,-3.58,88,88
1178,Beverages_Soft Drinks_1178,2021-10-01,1292.7600173950195,1340.6400165557861,-47.8799991607666,-3.57,54,56
1105,Beverages_Water_1105,2024-06-01,2070.3700637817383,2147.0400619506836,-76.66999816894531,-3.57,123,126
1094,Grocery_Rice_1094,2021-12-01,2293.599994659424,2378.2000007629395,-84.60000610351562,-3.56,101,106
1087,Snacks_Crackers_1087,2025-02-01,1797.7800159454346,1864.0500144958496,-66.26999855041504,-3.56,213,213
1093,Snacks_Chips_1093,2023-08-01,1480.5800032615662,1534.860004901886,-54.280001640319824,-3.54,211,217
1091,Dairy_Butter_1091,2024-08-01,1358.5399894714355,1408.409984588623,-49.8699951171875,-3.54,164,171
1154,Household_Cleaning Supplies_1154,2022-05-01,2494.8100080490112,2586.3699493408203,-91.55994129180908,-3.54,165,190
1136,Personal Care_Shampoo_1136,2022-06-01,6571.610023498535,6812.830039978027,-241.2200164794922,-3.54,109,119
1023,Personal Care_Toothpaste_1023,2022-10-01,5048.060035705566,5230.52001953125,-182.4599838256836,-3.49,83,86
1013,Grocery_Cereals_1013,2021-02-01,7050.030090332031,7304.690032958984,-254.65994262695312,-3.49,219,223
1138,Household_Cleaning Supplies_1138,2021-10-01,3887.5198974609375,4026.359893798828,-138.83999633789062,-3.45,84,87
1142,Electronics_Mobile Accessories_1142,2023-04-01,2286.409977912903,2367.8099756240845,-81.39999771118164,-3.44,163,160
1145,Household_Trash Bags_1145,2021-08-01,1676.2900247573853,1735.8000183105469,-59.50999355316162,-3.43,154,165
1199,Electronics_Cables_1199,2022-08-01,43334.15936279297,44874.4295501709,-1540.2701873779297,-3.43,199,209
1108,Dairy_Butter_1108,2021-10-01,3342.1999740600586,3460.1599731445312,-117.95999908447266,-3.41,85,88
1066,Household_Cleaning Supplies_1066,2023-08-01,5943.4399337768555,6152.459938049316,-209.02000427246094,-3.40,134,141
1057,Beverages_Tea_1057,2023-06-01,3071.160036087036,3178.9200382232666,-107.76000213623047,-3.39,114,118
1081,Snacks_Nuts_1081,2025-08-01,1667.5800161361694,1725.8800220489502,-58.30000591278076,-3.38,175,182
1198,Dairy_Cheese_1198,2023-11-01,1927.680030822754,1995.0700225830078,-67.3899917602539,-3.38,80,77
1024,Grocery_Canned Goods_1024,2025-10-01,755.9400014877319,782.3100061416626,-26.370004653930664,-3.37,86,89
1105,Beverages_Water_1105,2025-08-01,2341.760021209717,2423.5200119018555,-81.75999069213867,-3.37,149,153
1002,Dairy_Cream_1002,2023-12-01,1485.5799522399902,1537.059949874878,-51.479997634887695,-3.35,110,113
1069,Grocery_Spices_1069,2023-08-01,5545.83992767334,5737.339923858643,-191.49999618530273,-3.34,163,171
1200,Beverages_Juices_1200,2023-06-01,695.0599784851074,719.0399780273438,-23.979999542236328,-3.34,94,96
1017,Household_Paper Products_1017,2021-11-01,2632.6900005340576,2723.4899826049805,-90.79998207092285,-3.33,66,63
1029,Grocery_Canned Goods_1029,2024-04-01,3809.859941482544,3941.300003051758,-131.44006156921387,-3.33,143,154
1117,Snacks_Crackers_1117,2021-02-01,1869.3499898910522,1933.4799842834473,-64.12999439239502,-3.32,208,217
1133,Electronics_Mobile Accessories_1133,2022-08-01,5460.390003204346,5646.640054702759,-186.2500514984131,-3.30,169,176
1193,Beverages_Tea_1193,2021-10-01,1220.5599994659424,1262.170002937317,-41.61000347137451,-3.30,88,91
1197,Electronics_Mobile Accessories_1197,2021-02-01,3320.399962425232,3432.9599800109863,-112.5600175857544,-3.28,212,216
1017,Household_Paper Products_1017,2024-03-01,7574.219993591309,7829.519966125488,-255.2999725341797,-3.26,186,200
1057,Beverages_Tea_1057,2024-11-01,2397.6600227355957,2478.480026245117,-80.82000350952148,-3.26,89,92
1187,Personal Care_Skincare_1187,2022-08-01,10831.340087890625,11195.260108947754,-363.9200210571289,-3.25,160,167
1006,Beverages_Coffee_1006,2025-03-01,2311.3999938964844,2388.7699604034424,-77.36996650695801,-3.24,227,211
1131,Snacks_Crackers_1131,2023-05-01,3543.9700050354004,3662.8100395202637,-118.84003448486328,-3.24,151,176
1095,Snacks_Chocolates_1095,2021-06-01,2782.3599815368652,2875.469964027405,-93.10998249053955,-3.24,133,153
1167,Grocery_Rice_1167,2025-06-01,5297.980079650879,5474.600082397461,-176.62000274658203,-3.23,122,124
1154,Household_Cleaning Supplies_1154,2025-02-01,3206.9799823760986,3313.5899925231934,-106.61001014709473,-3.22,218,231
1158,Snacks_Crackers_1158,2023-06-01,696.5299935340881,719.7299942970276,-23.200000762939453,-3.22,99,99
1096,Electronics_Mobile Accessories_1096,2023-04-01,13334.110046386719,13775.990051269531,-441.8800048828125,-3.21,135,129
1152,Personal Care_Toothpaste_1152,2021-02-01,10839.390048980713,11198.080112457275,-358.6900634765625,-3.20,223,228
1149,Electronics_Chargers_1149,2022-08-01,14418.180084228516,14894.620162963867,-476.44007873535156,-3.20,147,153
1069,Grocery_Spices_1069,2024-05-01,4634.299942016602,4787.65998840332,-153.36004638671875,-3.20,121,134
1079,Beverages_Juices_1079,2021-11-01,473.1999945640564,488.7999906539917,-15.599996089935303,-3.19,94,94
1113,Dairy_Cheese_1113,2023-10-01,2301.3900833129883,2377.2600860595703,-75.87000274658203,-3.19,91,94
1129,Electronics_Chargers_1129,2025-08-01,29284.679626464844,30247.559478759766,-962.8798522949219,-3.18,205,211
1129,Electronics_Chargers_1129,2021-12-01,17698.85962677002,18279.679573059082,-580.8199462890625,-3.18,117,122
1041,Snacks_Nuts_1041,2024-05-01,1720.0000133514404,1776.5399951934814,-56.539981842041016,-3.18,125,135
1081,Snacks_Nuts_1081,2024-05-01,1458.7000494003296,1506.4900226593018,-47.78997325897217,-3.17,145,159
1020,Beverages_Juices_1020,2022-02-01,1989.509964466095,2054.249970436096,-64.74000597000122,-3.15,236,239
1054,Snacks_Chips_1054,2024-02-01,2242.0399808883667,2313.999981880188,-71.96000099182129,-3.11,246,256
1155,Electronics_Mobile Accessories_1155,2021-08-01,3628.5799713134766,3745.2299938201904,-116.65002250671387,-3.11,168,176
1071,Grocery_Canned Goods_1071,2025-10-01,516.0599784851074,532.5299777984619,-16.469999313354492,-3.09,94,97
1005,Household_Paper Products_1005,2022-11-01,1252.200023651123,1292.1000366210938,-39.9000129699707,-3.09,76,73
1041,Snacks_Nuts_1041,2022-02-01,2927.4399547576904,3020.3199501037598,-92.87999534606934,-3.08,256,255
1139,Dairy_Cream_1139,2024-11-01,2003.009922027588,2066.6099166870117,-63.59999465942383,-3.08,91,91
1121,Grocery_Rice_1121,2025-02-01,6318.879999160767,6519.720001220703,-200.84000205993652,-3.08,218,224
1125,Personal Care_Toothpaste_1125,2023-02-01,5552.610055923462,5729.160074234009,-176.55001831054688,-3.08,223,233
1101,Snacks_Crackers_1101,2025-02-01,5584.280069351196,5761.200059890747,-176.91999053955078,-3.07,246,254
1124,Dairy_Cheese_1124,2022-11-01,1648.6400413513184,1700.6400470733643,-52.0000057220459,-3.06,74,72
1003,Household_Cleaning Supplies_1003,2024-06-01,1372.7999992370605,1416,-43.20000076293945,-3.05,118,118
1119,Grocery_Pasta_1119,2023-08-01,5295.520072937012,5461.330055236816,-165.8099822998047,-3.04,169,168
1136,Personal Care_Shampoo_1136,2024-12-01,6345.550010681152,6544.490005493164,-198.93999481201172,-3.04,107,111
1001,Electronics_Chargers_1001,2021-10-01,10531.83984375,10860.959838867188,-329.1199951171875,-3.03,64,66
1019,Electronics_Cables_1019,2022-06-01,25423.200241088867,26217.740188598633,-794.5399475097656,-3.03,120,127
1008,Personal Care_Shampoo_1008,2024-05-01,5316.739902496338,5481.520080566406,-164.78017807006836,-3.01,121,138
1145,Household_Trash Bags_1145,2022-07-01,1433.9100217819214,1478.3400211334229,-44.429999351501465,-3.01,134,129
1109,Electronics_Batteries_1109,2025-08-01,6222.5799560546875,6415.449951171875,-192.8699951171875,-3.01,182,187
1129,Electronics_Chargers_1129,2024-12-01,15880.019714355469,16369.219635009766,-489.1999206542969,-2.99,106,112
1033,Household_Paper Products_1033,2022-02-01,6406.899917602539,6601.539905548096,-194.63998794555664,-2.95,233,238
1070,Grocery_Canned Goods_1070,2021-10-01,4176.809902191162,4303.379901885986,-126.56999969482422,-2.94,99,102
1169,Beverages_Soft Drinks_1169,2021-11-01,384.2100076675415,395.8500099182129,-11.640002250671387,-2.94,70,65
1006,Beverages_Coffee_1006,2025-02-01,2388.7699604034424,2460.649971008301,-71.8800106048584,-2.92,211,214
1137,Snacks_Nuts_1137,2025-07-01,822.0099954605103,846.7199811935425,-24.709985733032227,-2.92,130,131
1102,Snacks_Biscuits_1102,2024-12-01,2257.4000854492188,2325.2400970458984,-67.84001159667969,-2.92,106,109
1059,Electronics_Cables_1059,2021-02-01,4691.429985046387,4831.529983520508,-140.0999984741211,-2.90,243,249
1146,Snacks_Chocolates_1146,2024-05-01,2049.290050506592,2110.1700134277344,-60.87996292114258,-2.89,101,111
1021,Grocery_Canned Goods_1021,2024-08-01,4771.709980010986,4913.039985656738,-141.33000564575195,-2.88,177,184
1133,Electronics_Mobile Accessories_1133,2021-10-01,2301.799949645996,2369.4999389648438,-67.69998931884766,-2.86,68,70
1177,Snacks_Chips_1177,2024-06-01,386.24000120162964,397.59999799728394,-11.359996795654297,-2.86,136,140
1156,Personal Care_Soap_1156,2025-03-01,6195.150043487549,6376.080081939697,-180.93003845214844,-2.84,226,204
1141,Beverages_Coffee_1141,2025-06-01,1231.6399936676025,1267.4999837875366,-35.85999011993408,-2.83,151,150
1003,Household_Cleaning Supplies_1003,2021-10-01,828,852,-24,-2.82,69,71
1064,Snacks_Biscuits_1064,2024-05-01,2227.6800384521484,2292.290027618408,-64.60998916625977,-2.82,126,138
1198,Dairy_Cheese_1198,2021-08-01,4560.289989471436,4692.419990539551,-132.13000106811523,-2.82,189,194
1009,Electronics_Batteries_1009,2025-05-01,8185.499847412109,8421.929908752441,-236.43006134033203,-2.81,90,95
1042,Grocery_Canned Goods_1042,2022-05-01,5444.030075073242,5600.909957885742,-156.8798828125,-2.80,126,143
1185,Personal Care_Toothpaste_1185,2022-11-01,6845.099937438965,7042.489944458008,-197.39000701904297,-2.80,93,91
1004,Beverages_Juices_1004,2024-07-01,3708.279945373535,3814.7499675750732,-106.47002220153809,-2.79,158,160
1033,Household_Paper Products_1033,2025-08-01,6423.5999755859375,6605.2399253845215,-181.63994979858398,-2.75,210,215
1023,Personal Care_Toothpaste_1023,2023-10-01,4318.220039367676,4439.860023498535,-121.63998413085938,-2.74,71,73
1134,Household_Paper Products_1134,2023-08-01,1966.1700353622437,2021.6100406646729,-55.4400053024292,-2.74,165,163
1029,Grocery_Canned Goods_1029,2022-02-01,5488.679901123047,5642.179904937744,-153.50000381469727,-2.72,229,232
1117,Snacks_Crackers_1117,2022-10-01,715.6799764633179,735.5599756240845,-19.8799991607666,-2.70,72,74
1107,Electronics_Mobile Accessories_1107,2023-06-01,17523.950225830078,18006.240325927734,-482.29010009765625,-2.68,110,112
1003,Household_Cleaning Supplies_1003,2022-02-01,2073,2130,-57,-2.68,196,205
1062,Personal Care_Deodorant_1062,2024-06-01,3522.070037841797,3618.320037841797,-96.25,-2.66,124,124
1082,Household_Detergent_1082,2025-03-01,7998.319955825806,8215.079895019531,-216.7599391937256,-2.64,222,203
1086,Grocery_Rice_1086,2024-02-01,3060.80006980896,3143.640079498291,-82.84000968933105,-2.64,225,229
1087,Snacks_Crackers_1087,2022-08-01,1374.5600032806396,1411.2799949645996,-36.71999168395996,-2.60,155,160
1037,Electronics_Cables_1037,2023-11-01,13044.530418395996,13392.750549316406,-348.22013092041016,-2.60,79,75
1179,Household_Cleaning Supplies_1179,2022-10-01,2162.999988555908,2220.6799812316895,-57.67999267578125,-2.60,75,77
1086,Grocery_Rice_1086,2025-06-01,1848.660041809082,1897.5600395202637,-48.89999771118164,-2.58,125,126
1051,Electronics_Cables_1051,2021-10-01,5422.599945068359,5565.2999267578125,-142.69998168945312,-2.56,76,78
1104,Grocery_Pasta_1104,2022-05-01,3030.720090866089,3109.920009613037,-79.19991874694824,-2.55,150,179
1130,Snacks_Nuts_1130,2023-06-01,1824.2700634002686,1871.4600677490234,-47.19000434875488,-2.52,110,111
1063,Snacks_Chocolates_1063,2022-06-01,2189.6999282836914,2246.4199390411377,-56.72001075744629,-2.52,135,141
1055,Dairy_Butter_1055,2023-08-01,1639.6299839019775,1681.8799905776978,-42.250006675720215,-2.51,165,177
1053,Snacks_Crackers_1053,2023-10-01,908.6999759674072,931.9999847412109,-23.30000877380371,-2.50,78,80
1058,Personal Care_Soap_1058,2022-08-01,8188.790145874023,8398.430130004883,-209.63998413085938,-2.50,196,200
1115,Household_Paper Products_1115,2022-10-01,3449.1600952148438,3537.60009765625,-88.44000244140625,-2.50,78,80
1181,Personal Care_Soap_1181,2025-02-01,6324.450050354004,6486.630043029785,-162.17999267578125,-2.50,177,183
1047,Household_Detergent_1047,2023-07-01,4521.159973144531,4636.550064086914,-115.39009094238281,-2.49,144,131
1038,Electronics_Cables_1038,2022-02-01,20501.31982421875,21022.539779663086,-521.2199554443359,-2.48,236,246
1046,Household_Paper Products_1046,2023-05-01,7681.079978942871,7875.849937438965,-194.76995849609375,-2.47,132,152
1149,Electronics_Chargers_1149,2025-05-01,9840.10009765625,10088.700103759766,-248.60000610351562,-2.46,95,98
1128,Grocery_Spices_1128,2024-06-01,3500.669990539551,3588.2999629974365,-87.62997245788574,-2.44,138,135
1128,Grocery_Spices_1128,2021-10-01,2126.3999786376953,2179.5599784851074,-53.15999984741211,-2.44,80,82
1113,Dairy_Cheese_1113,2025-10-01,2023.2000732421875,2073.780075073242,-50.58000183105469,-2.44,80,82
1054,Snacks_Chips_1054,2023-10-01,788.7999801635742,808.519980430603,-19.72000026702881,-2.44,80,82
1160,Snacks_Nuts_1160,2025-07-01,726.6199989318848,744.739996433258,-18.11999750137329,-2.43,125,123
1174,Electronics_Mobile Accessories_1174,2021-08-01,39667.5305480957,40655.010345458984,-987.4797973632812,-2.43,174,180
1178,Beverages_Soft Drinks_1178,2024-04-01,2561.600019454956,2625.090009689331,-63.489990234375,-2.42,114,120
1161,Electronics_Batteries_1161,2024-04-01,12398.990188598633,12704.740158081055,-305.7499694824219,-2.41,157,169
1099,Personal Care_Toothpaste_1099,2023-10-01,4037.0400619506836,4136.720050811768,-99.67998886108398,-2.41,81,83
1002,Dairy_Cream_1002,2021-12-01,1562.4299507141113,1600.8899517059326,-38.46000099182129,-2.40,116,125
1101,Snacks_Crackers_1101,2021-12-01,2756.2000274658203,2823.400032043457,-67.20000457763672,-2.38,113,116
1132,Dairy_Butter_1132,2022-10-01,2851.9598999023438,2921.5198974609375,-69.55999755859375,-2.38,82,84
1110,Grocery_Canned Goods_1110,2024-10-01,1528.029987335205,1564.8499870300293,-36.81999969482422,-2.35,83,85
1176,Snacks_Chocolates_1176,2022-05-01,986.8399906158447,1010.569995880127,-23.730005264282227,-2.35,154,175
1061,Personal Care_Skincare_1061,2025-10-01,4520.880035400391,4628.520050048828,-107.6400146484375,-2.33,84,86
1134,Household_Paper Products_1134,2023-10-01,1175.550012588501,1203.2100162506104,-27.660003662109375,-2.30,85,87
1140,Personal Care_Shampoo_1140,2025-03-01,6593.400035858154,6748.450063705444,-155.05002784729004,-2.30,219,207
1019,Electronics_Cables_1019,2024-12-01,18548.34019470215,18982.66017150879,-434.3199768066406,-2.29,88,91
1013,Grocery_Cereals_1013,2024-03-01,5439.320049285889,5565.910045623779,-126.58999633789062,-2.27,166,173
1132,Dairy_Butter_1132,2024-11-01,2617.209915161133,2678.0599060058594,-60.84999084472656,-2.27,77,77
1098,Electronics_Mobile Accessories_1098,2023-06-01,13355.309898376465,13665.959838867188,-310.64994049072266,-2.27,132,132
1174,Electronics_Mobile Accessories_1174,2021-02-01,48290.09942626953,49410.07962036133,-1119.9801940917969,-2.27,220,223
1200,Beverages_Juices_1200,2024-04-01,871.6199913024902,891.8699855804443,-20.2499942779541,-2.27,124,127
1040,Electronics_Mobile Accessories_1040,2021-11-01,7697.479927062988,7875.239936828613,-177.760009765625,-2.26,96,93
1065,Electronics_Chargers_1065,2023-04-01,23428.789749145508,23971.2999420166,-542.5101928710938,-2.26,148,144
1145,Household_Trash Bags_1145,2024-06-01,1344.2400150299072,1375.2000188827515,-30.96000385284424,-2.25,120,120
1176,Snacks_Chocolates_1176,2021-04-01,761.3799924850464,778.6199913024902,-17.239998817443848,-2.21,128,114
1123,Beverages_Water_1123,2024-02-01,2052.7999877929688,2098.959972381592,-46.15998458862305,-2.20,230,235
1068,Electronics_Chargers_1068,2023-08-01,14453.499908447266,14776.779975891113,-323.28006744384766,-2.19,170,176
1045,Electronics_Cables_1045,2022-08-01,18950.46987915039,19374.100036621094,-423.6301574707031,-2.19,143,146
1200,Beverages_Juices_1200,2021-08-01,1254.499984741211,1282.6099758148193,-28.1099910736084,-2.19,175,182
1054,Snacks_Chips_1054,2023-02-01,1788.9799938201904,1828.9199895858765,-39.939995765686035,-2.18,199,202
1080,Snacks_Chips_1080,2023-11-01,1697.670000076294,1735.5,-37.829999923706055,-2.18,77,78
1074,Personal Care_Skincare_1074,2024-08-01,8698.349975585938,8892.599899291992,-194.2499237060547,-2.18,147,151
1157,Household_Cleaning Supplies_1157,2021-10-01,1316.7000007629395,1345.9600038528442,-29.260003089904785,-2.17,90,92
1157,Household_Cleaning Supplies_1157,2025-10-01,1316.7000036239624,1345.96000289917,-29.25999927520752,-2.17,90,92
1131,Snacks_Crackers_1131,2021-08-01,3625.7700328826904,3705.6400508880615,-79.8700180053711,-2.16,166,168
1029,Grocery_Canned Goods_1029,2021-08-01,3850.2000617980957,3935.270040512085,-85.06997871398926,-2.16,150,153
1036,Electronics_Mobile Accessories_1036,2022-02-01,19372.420043945312,19797.45009613037,-425.0300521850586,-2.15,254,253
1057,Beverages_Tea_1057,2021-12-01,2699.380027770996,2758.6600227355957,-59.27999496459961,-2.15,101,103
1050,Snacks_Chips_1050,2025-07-01,2221.420003890991,2270.1400184631348,-48.720014572143555,-2.15,133,130
1038,Electronics_Cables_1038,2025-03-01,16749.05990600586,17116.07991027832,-367.02000427246094,-2.14,208,188
1096,Electronics_Mobile Accessories_1096,2024-06-01,13968.599998474121,14274.540016174316,-305.9400177001953,-2.14,129,126
1145,Household_Trash Bags_1145,2023-11-01,1054.340009689331,1077.24001121521,-22.900001525878906,-2.13,99,94
1050,Snacks_Chips_1050,2025-06-01,2270.1400184631348,2319.200019836426,-49.060001373291016,-2.12,130,130
1185,Personal Care_Toothpaste_1185,2025-08-01,12482.910041809082,12753.749992370605,-270.83995056152344,-2.12,171,177
1035,Electronics_Batteries_1035,2025-06-01,25703.660430908203,26255.660522460938,-552.0000915527344,-2.10,110,107
1124,Dairy_Cheese_1124,2024-04-01,3399.1000480651855,3471.160036087036,-72.05998802185059,-2.08,153,157
1137,Snacks_Nuts_1137,2023-06-01,763.4599843025208,779.5199809074402,-16.059996604919434,-2.06,117,116
1134,Household_Paper Products_1134,2022-11-01,988.8500137329102,1009.5900039672852,-20.739990234375,-2.05,75,73
1118,Dairy_Milk_1118,2024-03-01,3982.519992828369,4065.0199241638184,-82.49993133544922,-2.03,176,193
1004,Beverages_Juices_1004,2021-02-01,4352.579984664917,4441.859970092773,-89.27998542785645,-2.01,195,195
1008,Personal Care_Shampoo_1008,2021-08-01,6898.900032043457,7039.649982452393,-140.74995040893555,-2.00,165,172
1041,Snacks_Nuts_1041,2025-10-01,1348.4800052642822,1376,-27.519994735717773,-2.00,98,100
1091,Dairy_Butter_1091,2022-10-01,873.9999771118164,891.4799766540527,-17.479999542236328,-1.96,100,102
1169,Beverages_Soft Drinks_1169,2022-11-01,638.8500156402588,651.6300163269043,-12.780000686645508,-1.96,107,107
1141,Beverages_Coffee_1141,2022-11-01,853.3999900817871,870.3499908447266,-16.950000762939453,-1.95,108,103
1178,Beverages_Soft Drinks_1178,2024-08-01,3155.6600017547607,3217.879987716675,-62.21998596191406,-1.93,141,143
1110,Grocery_Canned Goods_1110,2023-05-01,2927.1899757385254,2984.4299879074097,-57.24001216888428,-1.92,159,179
1110,Grocery_Canned Goods_1110,2022-05-01,2830.6099977493286,2886.050033569336,-55.440035820007324,-1.92,161,185
1165,Personal Care_Skincare_1165,2021-02-01,3410.999969482422,3477.4999599456787,-66.49999046325684,-1.91,214,221
1006,Beverages_Coffee_1006,2021-11-01,1101.690001487732,1123.1800022125244,-21.49000072479248,-1.91,90,89
1163,Household_Paper Products_1163,2024-04-01,3873.5299549102783,3948.2699241638184,-74.73996925354004,-1.89,111,117
1117,Snacks_Crackers_1117,2023-02-01,2023.8799743652344,2062.6799821853638,-38.800007820129395,-1.88,218,227
1193,Beverages_Tea_1193,2024-11-01,1047.9099979400635,1067.989995956421,-20.079998016357422,-1.88,78,77
1042,Grocery_Canned Goods_1042,2022-08-01,6366.820053100586,6488.050075531006,-121.23002243041992,-1.87,150,153
1025,Household_Detergent_1025,2023-04-01,883.4599962234497,900.3399968147278,-16.880000591278076,-1.87,114,118
1030,Dairy_Cream_1030,2021-04-01,1752.1800384521484,1785.2400741577148,-33.060035705566406,-1.85,92,81
1134,Household_Paper Products_1134,2023-12-01,1431.4500007629395,1458.3900032043457,-26.94000244140625,-1.85,105,117
1143,Dairy_Cheese_1143,2022-02-01,3446.680004119873,3511.229991912842,-64.54998779296875,-1.84,238,243
1072,Electronics_Chargers_1072,2024-08-01,35595.65982055664,36262.86000061035,-667.2001800537109,-1.84,159,160
1142,Electronics_Mobile Accessories_1142,2025-02-01,2855.3999395370483,2908.4799394607544,-53.079999923706055,-1.83,200,207
1194,Dairy_Butter_1194,2023-11-01,756.4400053024292,770.4000015258789,-13.959996223449707,-1.81,81,80
1176,Snacks_Chocolates_1176,2024-08-01,1321.920021057129,1345.9300198554993,-24.00999879837036,-1.78,204,211
1144,Household_Detergent_1144,2021-02-01,3089.2100009918213,3144.9200162887573,-55.710015296936035,-1.77,239,237
1152,Personal Care_Toothpaste_1152,2022-12-01,6418.939979553223,6534.819969177246,-115.87998962402344,-1.77,121,125
1091,Dairy_Butter_1091,2021-04-01,961.5999836921692,978.8799743652344,-17.279990673065186,-1.77,120,112
1087,Snacks_Crackers_1087,2021-08-01,1252.1199913024902,1274.6199932098389,-22.500001907348633,-1.77,143,146
1080,Snacks_Chips_1080,2023-07-01,3244.0499992370605,3301.900001525879,-57.85000228881836,-1.75,164,153
1118,Dairy_Milk_1118,2023-08-01,3749.3400115966797,3815.699996948242,-66.3599853515625,-1.74,176,176
1135,Household_Trash Bags_1135,2024-02-01,10855.769931793213,11047.79984664917,-192.02991485595703,-1.74,233,244
1022,Household_Cleaning Supplies_1022,2024-02-01,10290.080116271973,10470.980079650879,-180.89996337890625,-1.73,206,209
1001,Electronics_Chargers_1001,2021-02-01,35027.080322265625,35644.320556640625,-617.240234375,-1.73,231,240
1077,Household_Cleaning Supplies_1077,2021-02-01,11126.499969482422,11321.659866333008,-195.15989685058594,-1.72,257,265
1095,Snacks_Chocolates_1095,2024-12-01,2032.3599891662598,2067.959981918335,-35.599992752075195,-1.72,99,102
1066,Household_Cleaning Supplies_1066,2021-11-01,4305.989898681641,4380.639892578125,-74.64999389648438,-1.70,88,88
1077,Household_Cleaning Supplies_1077,2022-05-01,6985.299945831299,7104.299987792969,-119.00004196166992,-1.68,151,176
1109,Electronics_Batteries_1109,2023-06-01,4330.379943847656,4403.189926147461,-72.80998229980469,-1.65,122,121
1094,Grocery_Rice_1094,2024-03-01,3691.419967651367,3752.5399646759033,-61.11999702453613,-1.63,170,172
1121,Grocery_Rice_1121,2023-11-01,3105.0799522399902,3156.1199378967285,-51.03998565673828,-1.62,103,99
1083,Dairy_Cheese_1083,2024-04-01,2048.0600156784058,2081.5200357437134,-33.46002006530762,-1.61,157,166
1055,Dairy_Butter_1055,2022-08-01,1922.029974937439,1953.3999795913696,-31.370004653930664,-1.61,182,191
1088,Household_Cleaning Supplies_1088,2024-03-01,3729.7899856567383,3790.2600021362305,-60.47001647949219,-1.60,189,198
1069,Grocery_Spices_1069,2021-02-01,8878.680110931396,9022.180072784424,-143.49996185302734,-1.59,254,254
1029,Grocery_Canned Goods_1029,2024-06-01,3788.8199367523193,3850.1999320983887,-61.379995346069336,-1.59,140,138
1056,Snacks_Nuts_1056,2023-02-01,1302.6399912834167,1323.4799947738647,-20.840003490447998,-1.57,238,246
1131,Snacks_Crackers_1131,2025-02-01,4787.950004577637,4864.220048904419,-76.27004432678223,-1.57,225,226
1076,Snacks_Chocolates_1076,2022-06-01,2847.3400344848633,2892.26003074646,-44.91999626159668,-1.55,127,133
1175,Household_Trash Bags_1175,2022-08-01,9526.920066833496,9676.54006576538,-149.61999893188477,-1.55,169,172
1053,Snacks_Crackers_1053,2023-02-01,2467.7999782562256,2506.1499824523926,-38.35000419616699,-1.53,227,236
1095,Snacks_Chocolates_1095,2025-03-01,3645.9599418640137,3702.6000232696533,-56.64008140563965,-1.53,204,195
1010,Grocery_Rice_1010,2025-08-01,2561.650007247925,2601.129997253418,-39.479990005493164,-1.52,163,167
1001,Electronics_Chargers_1001,2025-08-01,30097.65997314453,30558.419921875,-460.75994873046875,-1.51,192,195
1007,Personal Care_Shampoo_1007,2024-04-01,8656.349979400635,8787.44995880127,-131.09997940063477,-1.49,136,141
1082,Household_Detergent_1082,2023-08-01,6484.809944152832,6583.069938659668,-98.25999450683594,-1.49,163,166
1159,Electronics_Batteries_1159,2024-08-01,29667.960052490234,30113.130111694336,-445.17005920410156,-1.48,175,179
1052,Snacks_Crackers_1052,2024-08-01,2803.670015335083,2845.360040664673,-41.690025329589844,-1.47,180,183
1052,Snacks_Crackers_1052,2023-02-01,3573.040069580078,3623.9800720214844,-50.94000244140625,-1.41,228,236
1013,Grocery_Cereals_1013,2023-10-01,2494.1000442504883,2529.730049133301,-35.6300048828125,-1.41,70,71
1042,Grocery_Canned Goods_1042,2021-11-01,3143.000045776367,3187.9000549316406,-44.90000915527344,-1.41,73,71
1036,Electronics_Mobile Accessories_1036,2024-04-01,12934.2601852417,13117.919944763184,-183.65975952148438,-1.40,154,158
1103,Dairy_Milk_1103,2021-02-01,8132.709957122803,8247.87992477417,-115.16996765136719,-1.40,233,236
1096,Electronics_Mobile Accessories_1096,2023-11-01,8825.299980163574,8949.910018920898,-124.61003875732422,-1.39,80,79
1030,Dairy_Cream_1030,2021-07-01,2716.770034790039,2755.000114440918,-38.230079650878906,-1.39,133,125
1025,Household_Detergent_1025,2022-11-01,761.0499820709229,771.6799736022949,-10.62999153137207,-1.38,95,91
1162,Dairy_Yogurt_1162,2021-05-01,3697.3199367523193,3748.7999382019043,-51.48000144958496,-1.37,155,157
1127,Grocery_Rice_1127,2021-10-01,1470.9600219726562,1491.390022277832,-20.43000030517578,-1.37,72,73
1169,Beverages_Soft Drinks_1169,2021-08-01,1006.5700182914734,1020.5800156593323,-14.009997367858887,-1.37,176,178
1128,Grocery_Spices_1128,2022-08-01,4428,4489.10001373291,-61.100013732910156,-1.36,178,182
1137,Snacks_Nuts_1137,2024-05-01,846.7199788093567,858.4299807548523,-11.710001945495605,-1.36,126,136
1149,Electronics_Chargers_1149,2025-10-01,7664.920074462891,7768.499984741211,-103.57991027832031,-1.33,74,75
1109,Electronics_Batteries_1109,2023-11-01,2980.319948196411,3020.3699493408203,-40.05000114440918,-1.33,84,83
1052,Snacks_Crackers_1052,2022-10-01,1234.3200225830078,1251.0000228881836,-16.68000030517578,-1.33,74,75
1007,Personal Care_Shampoo_1007,2024-05-01,8542.020179748535,8656.349979400635,-114.32979965209961,-1.32,127,136
1193,Beverages_Tea_1193,2022-11-01,1095.0499963760376,1109.5999994277954,-14.550003051757812,-1.31,80,80
1020,Beverages_Juices_1020,2021-07-01,1228.8399848937988,1244.9999923706055,-16.16000747680664,-1.30,129,125
1095,Snacks_Chocolates_1095,2021-02-01,4289.3400230407715,4345.860017776489,-56.51999473571777,-1.30,228,228
1100,Electronics_Mobile Accessories_1100,2021-12-01,1540.5799522399902,1560.6599578857422,-20.080005645751953,-1.29,86,92
1184,Snacks_Chocolates_1184,2022-11-01,1880.2200164794922,1904.8500175476074,-24.630001068115234,-1.29,86,85
1188,Grocery_Spices_1188,2024-08-01,3602.959970474243,3649.7999725341797,-46.84000205993652,-1.28,188,192
1192,Dairy_Milk_1192,2023-11-01,1952.0199851989746,1977.2999954223633,-25.280010223388672,-1.28,99,90
1115,Household_Paper Products_1115,2024-10-01,3404.9400939941406,3449.1600952148438,-44.220001220703125,-1.28,77,78
1007,Personal Care_Shampoo_1007,2022-10-01,5246.28010559082,5313.540092468262,-67.2599868774414,-1.27,78,79
1083,Dairy_Cheese_1083,2025-03-01,2848.6800117492676,2885.2000408172607,-36.520029067993164,-1.27,243,226
1026,Snacks_Biscuits_1026,2023-10-01,450.29999446868896,455.9999942779541,-5.699999809265137,-1.25,79,80
1109,Electronics_Batteries_1109,2021-10-01,2874.8099517822266,2911.199951171875,-36.38999938964844,-1.25,79,80
1193,Beverages_Tea_1193,2021-11-01,1205.3199911117554,1220.5599994659424,-15.240008354187012,-1.25,92,88
1118,Dairy_Milk_1118,2023-11-01,2294.100034713745,2322.600040435791,-28.5000057220459,-1.23,101,98
1028,Household_Paper Products_1028,2025-06-01,5859.8398361206055,5932.759826660156,-72.91999053955078,-1.23,150,142
1018,Personal Care_Deodorant_1018,2024-04-01,7568.10990524292,7662.019882202148,-93.90997695922852,-1.23,145,150
1041,Snacks_Nuts_1041,2023-08-01,2020.179988861084,2044.9299869537354,-24.749998092651367,-1.21,168,168
1042,Grocery_Canned Goods_1042,2025-07-01,7008.890029907227,7094.080078125,-85.19004821777344,-1.20,166,164
1048,Snacks_Biscuits_1048,2022-10-01,1137.339997291565,1151.2099981307983,-13.870000839233398,-1.20,82,83
1176,Snacks_Chocolates_1176,2022-11-01,620.8499932289124,628.359992980957,-7.509999752044678,-1.20,93,92
1062,Personal Care_Deodorant_1062,2025-10-01,2421.94002532959,2451.1200256347656,-29.18000030517578,-1.19,83,84
1046,Household_Paper Products_1046,2022-02-01,10939.470111846924,11070.330043792725,-130.85993194580078,-1.18,213,222
1095,Snacks_Chocolates_1095,2024-05-01,2719.5999851226807,2752.0000076293945,-32.40002250671387,-1.18,130,141
1149,Electronics_Chargers_1149,2023-07-01,10419.880065917969,10544.44009399414,-124.56002807617188,-1.18,114,102
1147,Snacks_Crackers_1147,2024-10-01,1742.160005569458,1762.9000034332275,-20.73999786376953,-1.18,84,85
1150,Electronics_Batteries_1150,2022-06-01,16908.780029296875,17108.460105895996,-199.6800765991211,-1.17,127,130
1054,Snacks_Chips_1054,2021-02-01,2116.819981575012,2141.959997177124,-25.140015602111816,-1.17,233,236
1104,Grocery_Pasta_1104,2024-10-01,1795.2000522613525,1816.3200569152832,-21.120004653930664,-1.16,85,86
1123,Beverages_Water_1123,2025-10-01,844.5199737548828,854.339973449707,-9.819999694824219,-1.15,86,87
1156,Personal Care_Soap_1156,2023-11-01,2919.7500190734863,2953.6500396728516,-33.900020599365234,-1.15,93,87
1067,Grocery_Cereals_1067,2025-06-01,6369.790008544922,6444.100036621094,-74.31002807617188,-1.15,133,130
1066,Household_Cleaning Supplies_1066,2023-10-01,4281.079895019531,4330.859893798828,-49.779998779296875,-1.15,86,87
1164,Electronics_Cables_1164,2021-08-01,33184.6594543457,33567.25929260254,-382.59983825683594,-1.14,181,182
1104,Grocery_Pasta_1104,2023-10-01,1837.4400596618652,1858.5600566864014,-21.119997024536133,-1.14,87,88
1171,Personal Care_Toothpaste_1171,2023-04-01,6467.519920349121,6542.389961242676,-74.87004089355469,-1.14,175,167
1123,Beverages_Water_1123,2023-06-01,1203.9399633407593,1217.6799621582031,-13.739998817443848,-1.13,123,124
1031,Snacks_Chips_1031,2023-11-01,1268.2500343322754,1282.6800384521484,-14.430004119873047,-1.12,89,84
1053,Snacks_Crackers_1053,2022-06-01,1293.1499862670898,1307.7299728393555,-14.579986572265625,-1.11,111,114
1149,Electronics_Chargers_1149,2025-02-01,21228.400108337402,21466.52007293701,-238.11996459960938,-1.11,221,229
1112,Household_Paper Products_1112,2025-10-01,934.1999998092651,944.5800018310547,-10.38000202178955,-1.10,90,91
1173,Electronics_Batteries_1173,2023-10-01,14722.20004272461,14885.779983520508,-163.57994079589844,-1.10,90,91
1047,Household_Detergent_1047,2022-02-01,5723.159982681274,5786.380002975464,-63.22002029418945,-1.09,186,185
1035,Electronics_Batteries_1035,2022-10-01,22329.580444335938,22574.96044921875,-245.3800048828125,-1.09,91,92
1144,Household_Detergent_1144,2021-12-01,1466.2500171661377,1482.1200151443481,-15.86999797821045,-1.07,102,107
1088,Household_Cleaning Supplies_1088,2022-10-01,1989.0399856567383,2010.1999855041504,-21.15999984741211,-1.05,94,95
1050,Snacks_Chips_1050,2025-02-01,3621.8800048828125,3660.319999694824,-38.43999481201172,-1.05,223,222
1070,Grocery_Canned Goods_1070,2022-11-01,4885.559902191162,4936.229881286621,-50.669979095458984,-1.03,120,117
1162,Dairy_Yogurt_1162,2023-08-01,3637.9200019836426,3674.879964828491,-36.95996284484863,-1.01,161,152
1152,Personal Care_Toothpaste_1152,2021-08-01,10119.599975585938,10222.010036468506,-102.41006088256836,-1.00,199,199
1167,Grocery_Rice_1167,2024-08-01,7046.860084533691,7117.520076751709,-70.65999221801758,-0.99,170,172
1024,Grocery_Canned Goods_1024,2022-11-01,713.7200040817261,720.7800073623657,-7.060003280639648,-0.98,84,82
1113,Dairy_Cheese_1113,2025-07-01,2867.800039291382,2895.7600860595703,-27.960046768188477,-0.97,122,120
1122,Dairy_Yogurt_1122,2023-12-01,2305.2200412750244,2327.340040206909,-22.119998931884766,-0.95,74,74
1025,Household_Detergent_1025,2021-08-01,1158.1600036621094,1169.25000333786,-11.089999675750732,-0.95,147,146
1042,Grocery_Canned Goods_1042,2023-05-01,6151.30012512207,6209.620048522949,-58.319923400878906,-0.94,137,155
1034,Household_Cleaning Supplies_1034,2024-06-01,6728.729991912842,6792.080024719238,-63.350032806396484,-0.93,122,118
1010,Grocery_Rice_1010,2024-05-01,2135.9000396728516,2155.71000957489,-19.809969902038574,-0.92,130,143
1187,Personal Care_Skincare_1187,2022-06-01,9703.599876403809,9792.719821929932,-89.11994552612305,-0.91,136,144
1026,Snacks_Biscuits_1026,2021-04-01,593.1000003814697,598.4999885559082,-5.399988174438477,-0.90,119,105
1192,Dairy_Milk_1192,2024-02-01,4072.4999389648438,4108.889976501465,-36.390037536621094,-0.89,210,207
1171,Personal Care_Toothpaste_1171,2025-03-01,6300.630102157593,6356.809913635254,-56.17981147766113,-0.88,189,168
1091,Dairy_Butter_1091,2025-06-01,1265.199969291687,1276.039966583252,-10.839997291564941,-0.85,149,146
1142,Electronics_Mobile Accessories_1142,2021-02-01,3118.119951248169,3144.619924545288,-26.49997329711914,-0.84,218,223
1184,Snacks_Chocolates_1184,2024-06-01,2644.3800468444824,2666.7900466918945,-22.40999984741211,-0.84,118,119
1002,Dairy_Cream_1002,2021-07-01,1811.2399921417236,1826.0899391174316,-14.849946975708008,-0.81,141,133
1031,Snacks_Chips_1031,2022-02-01,2851.349988937378,2874.249988555908,-22.899999618530273,-0.80,219,221
1050,Snacks_Chips_1050,2023-05-01,2497.6000213623047,2517.1100215911865,-19.510000228881836,-0.78,140,153
1086,Grocery_Rice_1086,2022-07-01,1673.760033607483,1686.7200336456299,-12.960000038146973,-0.77,117,112
1019,Electronics_Cables_1019,2021-02-01,49585.66047668457,49967.04063415527,-381.3801574707031,-0.76,260,257
1024,Grocery_Canned Goods_1024,2023-08-01,1390.3800230026245,1400.9400248527527,-10.560001850128174,-0.75,178,178
1043,Electronics_Batteries_1043,2024-08-01,4084.4000034332275,4114.950019836426,-30.550016403198242,-0.74,186,186
1040,Electronics_Mobile Accessories_1040,2022-05-01,11516.479934692383,11601.159828186035,-84.67989349365234,-0.73,138,157
1085,Personal Care_Skincare_1085,2025-06-01,3648.279909133911,3674.939914703369,-26.660005569458008,-0.73,140,138
1167,Grocery_Rice_1167,2021-08-01,7382.320053100586,7435.340133666992,-53.02008056640625,-0.71,176,181
1041,Snacks_Nuts_1041,2021-02-01,2751.8999738693237,2771.099970817566,-19.199996948242188,-0.69,222,221
1155,Electronics_Mobile Accessories_1155,2021-02-01,4841.639980316162,4874.889999389648,-33.25001907348633,-0.68,229,236
1193,Beverages_Tea_1193,2025-08-01,2424.1699542999268,2440.7899684906006,-16.620014190673828,-0.68,185,187
1007,Personal Care_Shampoo_1007,2025-07-01,8534.969955444336,8592.590160369873,-57.62020492553711,-0.67,135,134
1032,Snacks_Chocolates_1032,2022-07-01,2153.9199771881104,2167.8799781799316,-13.960000991821289,-0.64,150,143
1018,Personal Care_Deodorant_1018,2022-09-01,6012.439937591553,6050.759899139404,-38.31996154785156,-0.63,109,117
1020,Beverages_Juices_1020,2025-08-01,1572.3199844360352,1582.2399787902832,-9.919994354248047,-0.63,167,169
1100,Electronics_Mobile Accessories_1100,2023-07-01,2269.16996383667,2283.5599479675293,-14.389984130859375,-0.63,145,128
1114,Electronics_Batteries_1114,2022-05-01,18481.119956970215,18595.759658813477,-114.63970184326172,-0.62,131,148
1079,Beverages_Juices_1079,2021-02-01,1161.1600074768066,1168.1800060272217,-7.019998550415039,-0.60,247,247
1177,Snacks_Chips_1177,2024-07-01,384.0399966239929,386.24000120162964,-2.2000045776367188,-0.57,144,136
1195,Snacks_Chocolates_1195,2024-06-01,2330.479991912842,2343.0399894714355,-12.55999755859375,-0.54,112,112
1070,Grocery_Canned Goods_1070,2024-12-01,4280.149917602539,4303.379898071289,-23.22998046875,-0.54,104,102
1086,Grocery_Rice_1086,2023-02-01,2798.040063858032,2813.08007144928,-15.040007591247559,-0.53,202,206
1065,Electronics_Chargers_1065,2024-06-01,20521.570098876953,20628.280059814453,-106.7099609375,-0.52,119,116
1135,Household_Trash Bags_1135,2022-11-01,4973.280132293701,4998.510143280029,-25.230010986328125,-0.50,102,99
1045,Electronics_Cables_1045,2023-07-01,17312.52020263672,17397.08071899414,-84.56051635742188,-0.49,140,124
1052,Snacks_Crackers_1052,2024-11-01,1527.0400276184082,1534.5600280761719,-7.520000457763672,-0.49,94,92
1129,Electronics_Chargers_1129,2022-11-01,11256.669731140137,11310.159729003906,-53.48999786376953,-0.47,74,74
1154,Household_Cleaning Supplies_1154,2023-08-01,2701.0999879837036,2713.7699909210205,-12.670002937316895,-0.47,190,195
1146,Snacks_Chocolates_1146,2022-06-01,2191.320068359375,2201.5000534057617,-10.179985046386719,-0.46,108,112
1092,Household_Detergent_1092,2024-02-01,5324.919948577881,5348.879915237427,-23.9599666595459,-0.45,206,207
1068,Electronics_Chargers_1068,2025-05-01,10840.259582519531,10887.75961303711,-47.500030517578125,-0.44,114,119
1061,Personal Care_Skincare_1061,2022-02-01,9498.580184936523,9538.940147399902,-40.359962463378906,-0.42,209,210
1015,Dairy_Cream_1015,2023-08-01,3976.789960861206,3993.2199668884277,-16.43000602722168,-0.41,170,163
1010,Grocery_Rice_1010,2021-08-01,2998.78999710083,3010.2399978637695,-11.450000762939453,-0.38,193,194
1035,Electronics_Batteries_1035,2025-02-01,55283.701110839844,55492.331115722656,-208.6300048828125,-0.38,246,244
1178,Beverages_Soft Drinks_1178,2025-03-01,4970.2600021362305,4989.220020294189,-18.960018157958984,-0.38,255,227
1182,Beverages_Tea_1182,2024-02-01,2394.2600059509277,2403.3399925231934,-9.079986572265625,-0.38,188,187
1105,Beverages_Water_1105,2025-06-01,2308.920066833496,2317.440071105957,-8.520004272460938,-0.37,141,136
1068,Electronics_Chargers_1068,2025-02-01,19275.169952392578,19341.66990661621,-66.49995422363281,-0.34,221,219
1051,Electronics_Cables_1051,2023-05-01,8704.699905395508,8733.230030059814,-28.53012466430664,-0.33,122,135
1116,Personal Care_Skincare_1116,2023-04-01,10433.310089111328,10468.160171508789,-34.85008239746094,-0.33,155,138
1171,Personal Care_Toothpaste_1171,2025-08-01,6525.330001831055,6546.02995300293,-20.699951171875,-0.32,163,168
1137,Snacks_Nuts_1137,2023-08-01,855.1799845695496,857.8399848937988,-2.6600003242492676,-0.31,147,146
1102,Snacks_Biscuits_1102,2021-08-01,4233.069984436035,4246.009994506836,-12.940010070800781,-0.30,208,209
1155,Electronics_Mobile Accessories_1155,2025-08-01,4362.929979324341,4374.459991455078,-11.530012130737305,-0.26,205,201
1158,Snacks_Crackers_1158,2022-02-01,1399.1299867630005,1402.7399835586548,-3.609996795654297,-0.26,227,230
1052,Snacks_Crackers_1052,2021-08-01,2258.3000202178955,2264.170030593872,-5.8700103759765625,-0.26,144,144
1056,Snacks_Nuts_1056,2024-11-01,513.1200070381165,514.2800049781799,-1.1599979400634766,-0.23,90,86
1158,Snacks_Crackers_1158,2021-11-01,652.8599991798401,654.2999949455261,-1.4399957656860352,-0.22,94,90
1140,Personal Care_Shampoo_1140,2021-08-01,5652.979934692383,5665.649955749512,-12.670021057128906,-0.22,169,169
1133,Electronics_Mobile Accessories_1133,2022-11-01,3242.7999267578125,3249.599922180176,-6.799995422363281,-0.21,100,96
1154,Household_Cleaning Supplies_1154,2023-02-01,2812.8099880218506,2818.549970626831,-5.739982604980469,-0.20,189,197
1055,Dairy_Butter_1055,2021-02-01,2702.719982147217,2707.7499856948853,-5.030003547668457,-0.19,266,269
1186,Dairy_Yogurt_1186,2022-12-01,620.1999931335449,621.3599901199341,-1.1599969863891602,-0.19,115,118
1012,Beverages_Juices_1012,2023-11-01,1140.0300121307373,1142.1000156402588,-2.0700035095214844,-0.18,84,81
1032,Snacks_Chocolates_1032,2023-11-01,1346.9299926757812,1349.2399864196777,-2.3099937438964844,-0.17,92,89
1116,Personal Care_Skincare_1116,2022-08-01,13507.149841308594,13530.629768371582,-23.47992706298828,-0.17,183,186
1131,Snacks_Crackers_1131,2022-05-01,3520.4599838256836,3526.1300201416016,-5.670036315917969,-0.16,154,174
1036,Electronics_Mobile Accessories_1036,2023-06-01,11256.540313720703,11274.480323791504,-17.94001007080078,-0.16,128,126
1053,Snacks_Crackers_1053,2024-11-01,1081.6799702644348,1083.449987411499,-1.770017147064209,-0.16,96,93
1060,Household_Detergent_1060,2022-02-01,6239.780067443848,6249.040077209473,-9.260009765625,-0.15,191,201
1024,Grocery_Canned Goods_1024,2024-07-01,1202.3899946212769,1204.2000131607056,-1.810018539428711,-0.15,145,140
1018,Personal Care_Deodorant_1018,2025-08-01,10253.79984664917,10264.719848632812,-10.920001983642578,-0.11,197,200
1187,Personal Care_Skincare_1187,2025-03-01,13762.68006515503,13778.050010681152,-15.369945526123047,-0.11,237,215
1093,Snacks_Chips_1093,2021-08-01,1357.2000241279602,1357.9800271987915,-0.7800030708312988,-0.06,180,181
1153,Electronics_Batteries_1153,2023-11-01,16546.170135498047,16554.160125732422,-7.989990234375,-0.05,111,103
1112,Household_Paper Products_1112,2025-06-01,1193.64000415802,1193.7000045776367,-0.06000041961669922,-0.01,118,115
1088,Household_Cleaning Supplies_1088,2023-11-01,1819.679988861084,1819.7599868774414,-0.07999801635742188,0.00,93,86
1153,Electronics_Batteries_1153,2022-12-01,12664.760009765625,12664.760070800781,-6.103515625E-05,0.00,80,83
1131,Snacks_Crackers_1131,2021-10-01,2088.829996109009,2088.8300075531006,-1.1444091796875E-05,0.00,89,89
1016,Grocery_Rice_1016,2022-10-01,1632.9600276947021,1632.9600296020508,-1.9073486328125E-06,0.00,84,84
1009,Electronics_Batteries_1009,2023-10-01,8731.19985961914,8731.199890136719,-3.0517578125E-05,0.00,96,96
1003,Household_Cleaning Supplies_1003,2022-08-01,2104.8000259399414,2104.8000383377075,-1.239776611328125E-05,0.00,185,191
1051,Electronics_Cables_1051,2021-11-01,5422.549968719482,5422.599945068359,-0.049976348876953125,0.00,79,76
1075,Snacks_Crackers_1075,2025-10-01,1230.0399951934814,1230.0400009155273,-5.7220458984375E-06,0.00,92,92
1195,Snacks_Chocolates_1195,2025-06-01,2970.639973640442,2970.639986038208,-1.239776611328125E-05,0.00,146,142
1168,Snacks_Chips_1168,2023-10-01,1797.2800579071045,1797.2800598144531,-1.9073486328125E-06,0.00,94,94
